o Group_385
usemtl wire_134006006
v -3398.070068359375 2917.317138671875 4890.98193359375
v -3394.215087890625 2920.2822265625 4897.25048828125
v -5824.568359375 1008.9906005859375 7327.6044921875
v -3398.070068359375 2917.317138671875 4890.98193359375
v -5824.568359375 1008.9906005859375 7327.6044921875
v -5828.423828125 1006.025390625 7321.33544921875
v -5824.53759765625 1034.6953125 7348.56103515625
v -3394.18408203125 2945.987060546875 4918.20751953125
v -3398.0263671875 2953.6689453125 4920.619140625
v -5824.53759765625 1034.6953125 7348.56103515625
v -3398.0263671875 2953.6689453125 4920.619140625
v -5828.3798828125 1042.37744140625 7350.97265625
v -3415.140869140625 2971.691650390625 4918.17626953125
v -3421.40966796875 2974.656982421875 4914.32177734375
v -5851.76318359375 1063.365234375 7344.6748046875
v -3415.140869140625 2971.691650390625 4918.17626953125
v -5851.76318359375 1063.365234375 7344.6748046875
v -5845.494140625 1060.4000244140625 7348.5302734375
v -5868.9248046875 1042.37744140625 7310.427734375
v -5866.51318359375 1034.6953125 7306.58544921875
v -5862.6708984375 1027.01318359375 7304.173828125
v -5868.9248046875 1042.37744140625 7310.427734375
v -5862.6708984375 1027.01318359375 7304.173828125
v -5857.66064453125 1019.8546752929688 7303.3564453125
v -5869.7421875 1049.5360107421875 7315.43798828125
v -5868.9248046875 1042.37744140625 7310.427734375
v -5857.66064453125 1019.8546752929688 7303.3564453125
v -5869.7421875 1049.5360107421875 7315.43798828125
v -5857.66064453125 1019.8546752929688 7303.3564453125
v -5851.8232421875 1013.70751953125 7304.189453125
v -5868.9091796875 1055.68310546875 7321.275390625
v -5869.7421875 1049.5360107421875 7315.43798828125
v -5851.8232421875 1013.70751953125 7304.189453125
v -5868.9091796875 1055.68310546875 7321.275390625
v -5851.8232421875 1013.70751953125 7304.189453125
v -5845.556640625 1008.9906005859375 7306.6162109375
v -5866.482421875 1060.4000244140625 7327.5419921875
v -5868.9091796875 1055.68310546875 7321.275390625
v -5845.556640625 1008.9906005859375 7306.6162109375
v -5866.482421875 1060.4000244140625 7327.5419921875
v -5845.556640625 1008.9906005859375 7306.6162109375
v -5839.28759765625 1006.025390625 7310.47119140625
v -5862.62744140625 1063.365234375 7333.81103515625
v -5866.482421875 1060.4000244140625 7327.5419921875
v -5839.28759765625 1006.025390625 7310.47119140625
v -5862.62744140625 1063.365234375 7333.81103515625
v -5839.28759765625 1006.025390625 7310.47119140625
v -5833.44384765625 1005.0139770507812 7315.49169921875
v -5857.60693359375 1064.3765869140625 7339.65478515625
v -5862.62744140625 1063.365234375 7333.81103515625
v -5833.44384765625 1005.0139770507812 7315.49169921875
v -5857.60693359375 1064.3765869140625 7339.65478515625
v -5833.44384765625 1005.0139770507812 7315.49169921875
v -5828.423828125 1006.025390625 7321.33544921875
v -5851.76318359375 1063.365234375 7344.6748046875
v -5857.60693359375 1064.3765869140625 7339.65478515625
v -5828.423828125 1006.025390625 7321.33544921875
v -5851.76318359375 1063.365234375 7344.6748046875
v -5828.423828125 1006.025390625 7321.33544921875
v -5824.568359375 1008.9906005859375 7327.6044921875
v -5845.494140625 1060.4000244140625 7348.5302734375
v -5851.76318359375 1063.365234375 7344.6748046875
v -5824.568359375 1008.9906005859375 7327.6044921875
v -5845.494140625 1060.4000244140625 7348.5302734375
v -5824.568359375 1008.9906005859375 7327.6044921875
v -5822.1416015625 1013.70751953125 7333.87109375
v -5839.2275390625 1055.68310546875 7350.95703125
v -5845.494140625 1060.4000244140625 7348.5302734375
v -5822.1416015625 1013.70751953125 7333.87109375
v -5839.2275390625 1055.68310546875 7350.95703125
v -5822.1416015625 1013.70751953125 7333.87109375
v -5821.30859375 1019.8546752929688 7339.7080078125
v -5833.390625 1049.5360107421875 7351.7900390625
v -5839.2275390625 1055.68310546875 7350.95703125
v -5821.30859375 1019.8546752929688 7339.7080078125
v -5833.390625 1049.5360107421875 7351.7900390625
v -5821.30859375 1019.8546752929688 7339.7080078125
v -5822.1259765625 1027.01318359375 7344.71875
v -5828.3798828125 1042.37744140625 7350.97265625
v -5833.390625 1049.5360107421875 7351.7900390625
v -5822.1259765625 1027.01318359375 7344.71875
v -5828.3798828125 1042.37744140625 7350.97265625
v -5822.1259765625 1027.01318359375 7344.71875
v -5824.53759765625 1034.6953125 7348.56103515625
v -5828.3798828125 1042.37744140625 7350.97265625
v -3398.0263671875 2953.6689453125 4920.619140625
v -3403.036865234375 2960.82763671875 4921.4365234375
v -5828.3798828125 1042.37744140625 7350.97265625
v -3403.036865234375 2960.82763671875 4921.4365234375
v -5833.390625 1049.5360107421875 7351.7900390625
v -3432.317626953125 2938.304931640625 4873.8203125
v -3427.30712890625 2931.146240234375 4873.0029296875
v -5857.66064453125 1019.8546752929688 7303.3564453125
v -3432.317626953125 2938.304931640625 4873.8203125
v -5857.66064453125 1019.8546752929688 7303.3564453125
v -5862.6708984375 1027.01318359375 7304.173828125
v -5833.390625 1049.5360107421875 7351.7900390625
v -3403.036865234375 2960.82763671875 4921.4365234375
v -3408.874267578125 2966.974853515625 4920.60302734375
v -5833.390625 1049.5360107421875 7351.7900390625
v -3408.874267578125 2966.974853515625 4920.60302734375
v -5839.2275390625 1055.68310546875 7350.95703125
v -3408.93408203125 2917.317138671875 4880.11767578125
v -3403.09033203125 2916.3056640625 4885.13818359375
v -5833.44384765625 1005.0139770507812 7315.49169921875
v -3408.93408203125 2917.317138671875 4880.11767578125
v -5833.44384765625 1005.0139770507812 7315.49169921875
v -5839.28759765625 1006.025390625 7310.47119140625
v -3415.202880859375 2920.2822265625 4876.2626953125
v -3408.93408203125 2917.317138671875 4880.11767578125
v -5839.28759765625 1006.025390625 7310.47119140625
v -3415.202880859375 2920.2822265625 4876.2626953125
v -5839.28759765625 1006.025390625 7310.47119140625
v -5845.556640625 1008.9906005859375 7306.6162109375
v -3438.571533203125 2953.6689453125 4880.07421875
v -3436.15966796875 2945.987060546875 4876.23193359375
v -5866.51318359375 1034.6953125 7306.58544921875
v -3438.571533203125 2953.6689453125 4880.07421875
v -5866.51318359375 1034.6953125 7306.58544921875
v -5868.9248046875 1042.37744140625 7310.427734375
v -3436.128662109375 2971.691650390625 4897.18896484375
v -3438.555419921875 2966.974853515625 4890.921875
v -5868.9091796875 1055.68310546875 7321.275390625
v -3436.128662109375 2971.691650390625 4897.18896484375
v -5868.9091796875 1055.68310546875 7321.275390625
v -5866.482421875 1060.4000244140625 7327.5419921875
v -3439.388671875 2960.82763671875 4885.08447265625
v -3438.571533203125 2953.6689453125 4880.07421875
v -5868.9248046875 1042.37744140625 7310.427734375
v -3439.388671875 2960.82763671875 4885.08447265625
v -5868.9248046875 1042.37744140625 7310.427734375
v -5869.7421875 1049.5360107421875 7315.43798828125
v -3403.09033203125 2916.3056640625 4885.13818359375
v -3398.070068359375 2917.317138671875 4890.98193359375
v -5828.423828125 1006.025390625 7321.33544921875
v -3403.09033203125 2916.3056640625 4885.13818359375
v -5828.423828125 1006.025390625 7321.33544921875
v -5833.44384765625 1005.0139770507812 7315.49169921875
v -3421.40966796875 2974.656982421875 4914.32177734375
v -3427.25341796875 2975.668212890625 4909.30126953125
v -5857.60693359375 1064.3765869140625 7339.65478515625
v -3421.40966796875 2974.656982421875 4914.32177734375
v -5857.60693359375 1064.3765869140625 7339.65478515625
v -5851.76318359375 1063.365234375 7344.6748046875
v -5821.30859375 1019.8546752929688 7339.7080078125
v -3390.955322265625 2931.146240234375 4909.35498046875
v -3391.7724609375 2938.304931640625 4914.365234375
v -5821.30859375 1019.8546752929688 7339.7080078125
v -3391.7724609375 2938.304931640625 4914.365234375
v -5822.1259765625 1027.01318359375 7344.71875
v -3394.215087890625 2920.2822265625 4897.25048828125
v -3391.788330078125 2924.9990234375 4903.51708984375
v -5822.1416015625 1013.70751953125 7333.87109375
v -3394.215087890625 2920.2822265625 4897.25048828125
v -5822.1416015625 1013.70751953125 7333.87109375
v -5824.568359375 1008.9906005859375 7327.6044921875
v -3421.469482421875 2924.9990234375 4873.8359375
v -3415.202880859375 2920.2822265625 4876.2626953125
v -5845.556640625 1008.9906005859375 7306.6162109375
v -3421.469482421875 2924.9990234375 4873.8359375
v -5845.556640625 1008.9906005859375 7306.6162109375
v -5851.8232421875 1013.70751953125 7304.189453125
v -5822.1259765625 1027.01318359375 7344.71875
v -3391.7724609375 2938.304931640625 4914.365234375
v -3394.18408203125 2945.987060546875 4918.20751953125
v -5822.1259765625 1027.01318359375 7344.71875
v -3394.18408203125 2945.987060546875 4918.20751953125
v -5824.53759765625 1034.6953125 7348.56103515625
v -3427.30712890625 2931.146240234375 4873.0029296875
v -3421.469482421875 2924.9990234375 4873.8359375
v -5851.8232421875 1013.70751953125 7304.189453125
v -3427.30712890625 2931.146240234375 4873.0029296875
v -5851.8232421875 1013.70751953125 7304.189453125
v -5857.66064453125 1019.8546752929688 7303.3564453125
v -5862.62744140625 1063.365234375 7333.81103515625
v -3432.27392578125 2974.656982421875 4903.45751953125
v -3436.128662109375 2971.691650390625 4897.18896484375
v -5862.62744140625 1063.365234375 7333.81103515625
v -3436.128662109375 2971.691650390625 4897.18896484375
v -5866.482421875 1060.4000244140625 7327.5419921875
v -3438.555419921875 2966.974853515625 4890.921875
v -3439.388671875 2960.82763671875 4885.08447265625
v -5869.7421875 1049.5360107421875 7315.43798828125
v -3438.555419921875 2966.974853515625 4890.921875
v -5869.7421875 1049.5360107421875 7315.43798828125
v -5868.9091796875 1055.68310546875 7321.275390625
v -5822.1416015625 1013.70751953125 7333.87109375
v -3391.788330078125 2924.9990234375 4903.51708984375
v -3390.955322265625 2931.146240234375 4909.35498046875
v -5822.1416015625 1013.70751953125 7333.87109375
v -3390.955322265625 2931.146240234375 4909.35498046875
v -5821.30859375 1019.8546752929688 7339.7080078125
v -3427.25341796875 2975.668212890625 4909.30126953125
v -3432.27392578125 2974.656982421875 4903.45751953125
v -5862.62744140625 1063.365234375 7333.81103515625
v -3427.25341796875 2975.668212890625 4909.30126953125
v -5862.62744140625 1063.365234375 7333.81103515625
v -5857.60693359375 1064.3765869140625 7339.65478515625
v -5839.2275390625 1055.68310546875 7350.95703125
v -3408.874267578125 2966.974853515625 4920.60302734375
v -3415.140869140625 2971.691650390625 4918.17626953125
v -5839.2275390625 1055.68310546875 7350.95703125
v -3415.140869140625 2971.691650390625 4918.17626953125
v -5845.494140625 1060.4000244140625 7348.5302734375
v -3436.15966796875 2945.987060546875 4876.23193359375
v -3432.317626953125 2938.304931640625 4873.8203125
v -5862.6708984375 1027.01318359375 7304.173828125
v -3436.15966796875 2945.987060546875 4876.23193359375
v -5862.6708984375 1027.01318359375 7304.173828125
v -5866.51318359375 1034.6953125 7306.58544921875
vt 0.52920001745224 0
vt 0.6467000246047974 0
vt 0.6467000246047974 51.125
vt 0.52920001745224 0
vt 0.6467000246047974 51.125
vt 0.52920001745224 51.125
vt 0.3287000060081482 51.125
vt 0.3287000060081482 0
vt 0.44620001316070557 0
vt 0.3287000060081482 51.125
vt 0.44620001316070557 0
vt 0.44620001316070557 51.125
vt -0.30230000615119934 0
vt -0.18479999899864197 0
vt -0.18479999899864197 51.125
vt -0.30230000615119934 0
vt -0.18479999899864197 51.125
vt -0.30230000615119934 51.125
vt 0.015300000086426735 0.5665000081062317
vt 0 0.44999998807907104
vt 0.015300000086426735 0.3334999978542328
vt 0.015300000086426735 0.5665000081062317
vt 0.015300000086426735 0.3334999978542328
vt 0.06030000001192093 0.22499999403953552
vt 0.06030000001192093 0.675000011920929
vt 0.015300000086426735 0.5665000081062317
vt 0.06030000001192093 0.22499999403953552
vt 0.06030000001192093 0.675000011920929
vt 0.06030000001192093 0.22499999403953552
vt 0.13179999589920044 0.13179999589920044
vt 0.13179999589920044 0.7681999802589417
vt 0.06030000001192093 0.675000011920929
vt 0.13179999589920044 0.13179999589920044
vt 0.13179999589920044 0.7681999802589417
vt 0.13179999589920044 0.13179999589920044
vt 0.22499999403953552 0.06030000001192093
vt 0.22499999403953552 0.8396999835968018
vt 0.13179999589920044 0.7681999802589417
vt 0.22499999403953552 0.06030000001192093
vt 0.22499999403953552 0.8396999835968018
vt 0.22499999403953552 0.06030000001192093
vt 0.3334999978542328 0.015300000086426735
vt 0.3334999978542328 0.8847000002861023
vt 0.22499999403953552 0.8396999835968018
vt 0.3334999978542328 0.015300000086426735
vt 0.3334999978542328 0.8847000002861023
vt 0.3334999978542328 0.015300000086426735
vt 0.44999998807907104 0
vt 0.44999998807907104 0.8999999761581421
vt 0.3334999978542328 0.8847000002861023
vt 0.44999998807907104 0
vt 0.44999998807907104 0.8999999761581421
vt 0.44999998807907104 0
vt 0.5665000081062317 0.015300000086426735
vt 0.5665000081062317 0.8847000002861023
vt 0.44999998807907104 0.8999999761581421
vt 0.5665000081062317 0.015300000086426735
vt 0.5665000081062317 0.8847000002861023
vt 0.5665000081062317 0.015300000086426735
vt 0.675000011920929 0.06030000001192093
vt 0.675000011920929 0.8396999835968018
vt 0.5665000081062317 0.8847000002861023
vt 0.675000011920929 0.06030000001192093
vt 0.675000011920929 0.8396999835968018
vt 0.675000011920929 0.06030000001192093
vt 0.7681999802589417 0.13179999589920044
vt 0.7681999802589417 0.7681999802589417
vt 0.675000011920929 0.8396999835968018
vt 0.7681999802589417 0.13179999589920044
vt 0.7681999802589417 0.7681999802589417
vt 0.7681999802589417 0.13179999589920044
vt 0.8396999835968018 0.22499999403953552
vt 0.8396999835968018 0.675000011920929
vt 0.7681999802589417 0.7681999802589417
vt 0.8396999835968018 0.22499999403953552
vt 0.8396999835968018 0.675000011920929
vt 0.8396999835968018 0.22499999403953552
vt 0.8847000002861023 0.3334999978542328
vt 0.8847000002861023 0.5665000081062317
vt 0.8396999835968018 0.675000011920929
vt 0.8847000002861023 0.3334999978542328
vt 0.8847000002861023 0.5665000081062317
vt 0.8847000002861023 0.3334999978542328
vt 0.8999999761581421 0.44999998807907104
vt 0.18479999899864197 51.125
vt 0.18479999899864197 0
vt 0.30230000615119934 0
vt 0.18479999899864197 51.125
vt 0.30230000615119934 0
vt 0.30230000615119934 51.125
vt -0.30230000615119934 0
vt -0.18479999899864197 0
vt -0.18479999899864197 51.125
vt -0.30230000615119934 0
vt -0.18479999899864197 51.125
vt -0.30230000615119934 51.125
vt 0.024299999698996544 51.125
vt 0.024299999698996544 0
vt 0.14180000126361847 0
vt 0.024299999698996544 51.125
vt 0.14180000126361847 0
vt 0.14180000126361847 51.125
vt 0.3287000060081482 0
vt 0.44620001316070557 0
vt 0.44620001316070557 51.125
vt 0.3287000060081482 0
vt 0.44620001316070557 51.125
vt 0.3287000060081482 51.125
vt 0.18479999899864197 0
vt 0.30230000615119934 0
vt 0.30230000615119934 51.125
vt 0.18479999899864197 0
vt 0.30230000615119934 51.125
vt 0.18479999899864197 51.125
vt -0.5636000037193298 0
vt -0.44620001316070557 0
vt -0.44620001316070557 51.125
vt -0.5636000037193298 0
vt -0.44620001316070557 51.125
vt -0.5636000037193298 51.125
vt -0.6897000074386597 0
vt -0.5722000002861023 0
vt -0.5722000002861023 51.125
vt -0.6897000074386597 0
vt -0.5722000002861023 51.125
vt -0.6897000074386597 51.125
vt -0.6467000246047974 0
vt -0.52920001745224 0
vt -0.52920001745224 51.125
vt -0.6467000246047974 0
vt -0.52920001745224 51.125
vt -0.6467000246047974 51.125
vt 0.44620001316070557 0
vt 0.5636000037193298 0
vt 0.5636000037193298 51.125
vt 0.44620001316070557 0
vt 0.5636000037193298 51.125
vt 0.44620001316070557 51.125
vt -0.44620001316070557 0
vt -0.3287000060081482 0
vt -0.3287000060081482 51.125
vt -0.44620001316070557 0
vt -0.3287000060081482 51.125
vt -0.44620001316070557 51.125
vt 0.52920001745224 51.125
vt 0.52920001745224 0
vt 0.6467000246047974 0
vt 0.52920001745224 51.125
vt 0.6467000246047974 0
vt 0.6467000246047974 51.125
vt 0.5722000002861023 0
vt 0.6897000074386597 0
vt 0.6897000074386597 51.125
vt 0.5722000002861023 0
vt 0.6897000074386597 51.125
vt 0.5722000002861023 51.125
vt 0.024299999698996544 0
vt 0.14180000126361847 0
vt 0.14180000126361847 51.125
vt 0.024299999698996544 0
vt 0.14180000126361847 51.125
vt 0.024299999698996544 51.125
vt 0.44620001316070557 51.125
vt 0.44620001316070557 0
vt 0.5636000037193298 0
vt 0.44620001316070557 51.125
vt 0.5636000037193298 0
vt 0.5636000037193298 51.125
vt -0.14180000126361847 0
vt -0.024299999698996544 0
vt -0.024299999698996544 51.125
vt -0.14180000126361847 0
vt -0.024299999698996544 51.125
vt -0.14180000126361847 51.125
vt -0.6467000246047974 51.125
vt -0.6467000246047974 0
vt -0.52920001745224 0
vt -0.6467000246047974 51.125
vt -0.52920001745224 0
vt -0.52920001745224 51.125
vt -0.6897000074386597 0
vt -0.5722000002861023 0
vt -0.5722000002861023 51.125
vt -0.6897000074386597 0
vt -0.5722000002861023 51.125
vt -0.6897000074386597 51.125
vt 0.5722000002861023 51.125
vt 0.5722000002861023 0
vt 0.6897000074386597 0
vt 0.5722000002861023 51.125
vt 0.6897000074386597 0
vt 0.6897000074386597 51.125
vt -0.5636000037193298 0
vt -0.44620001316070557 0
vt -0.44620001316070557 51.125
vt -0.5636000037193298 0
vt -0.44620001316070557 51.125
vt -0.5636000037193298 51.125
vt -0.14180000126361847 51.125
vt -0.14180000126361847 0
vt -0.024299999698996544 0
vt -0.14180000126361847 51.125
vt -0.024299999698996544 0
vt -0.024299999698996544 51.125
vt -0.44620001316070557 0
vt -0.3287000060081482 0
vt -0.3287000060081482 51.125
vt -0.44620001316070557 0
vt -0.3287000060081482 51.125
vt -0.44620001316070557 51.125
vn 0.5238072950033941 -0.83711166265832 -0.15770219384222417
vn 0.6590613975120833 -0.7505560233038625 0.04799718941470787
vn 0.6590613975120833 -0.7505560233038625 0.04799718941470787
vn 0.5238072950033941 -0.83711166265832 -0.15770219384222417
vn 0.6590613975120833 -0.7505560233038625 0.04799718941470787
vn 0.5238072950033941 -0.83711166265832 -0.15770219384222417
vn 0.7071067811865476 0 0.7071067811865476
vn 0.7071067811865476 0 0.7071067811865476
vn 0.5917118940715697 0.22430449924711982 0.7743155209807784
vn 0.7071067811865476 0 0.7071067811865476
vn 0.5917118940715697 0.22430449924711982 0.7743155209807784
vn 0.5917118940715697 0.22430449924711982 0.7743155209807784
vn 0.04799718941470787 0.7505560233038625 0.6590613975120833
vn -0.15770219384222417 0.83711166265832 0.5238072950033941
vn -0.15770219384222417 0.83711166265832 0.5238072950033941
vn 0.04799718941470787 0.7505560233038625 0.6590613975120833
vn -0.15770219384222417 0.83711166265832 0.5238072950033941
vn 0.04799718941470787 0.7505560233038625 0.6590613975120833
vn -0.6179863971492329 -0.4859893269167763 0.6179863971492329
vn -0.6179863971492329 -0.4859893269167763 0.6179863971492329
vn -0.6179863971492329 -0.4859893269167763 0.6179863971492329
vn -0.6179863971492329 -0.4859893269167763 0.6179863971492329
vn -0.6179863971492329 -0.4859893269167763 0.6179863971492329
vn -0.6179863971492329 -0.4859893269167763 0.6179863971492329
vn -0.6179863971492329 -0.4859893269167763 0.6179863971492329
vn -0.6179863971492329 -0.4859893269167763 0.6179863971492329
vn -0.6179863971492329 -0.4859893269167763 0.6179863971492329
vn -0.6179863971492329 -0.4859893269167763 0.6179863971492329
vn -0.6179863971492329 -0.4859893269167763 0.6179863971492329
vn -0.6179863971492329 -0.4859893269167763 0.6179863971492329
vn -0.6179863971492329 -0.4859893269167763 0.6179863971492329
vn -0.6179863971492329 -0.4859893269167763 0.6179863971492329
vn -0.6179863971492329 -0.4859893269167763 0.6179863971492329
vn -0.6179863971492329 -0.4859893269167763 0.6179863971492329
vn -0.6179863971492329 -0.4859893269167763 0.6179863971492329
vn -0.6179863971492329 -0.4859893269167763 0.6179863971492329
vn -0.6179863971492329 -0.4859893269167763 0.6179863971492329
vn -0.6179863971492329 -0.4859893269167763 0.6179863971492329
vn -0.6179863971492329 -0.4859893269167763 0.6179863971492329
vn -0.6179863971492329 -0.4859893269167763 0.6179863971492329
vn -0.6179863971492329 -0.4859893269167763 0.6179863971492329
vn -0.6179863971492329 -0.4859893269167763 0.6179863971492329
vn -0.6179863971492329 -0.4859893269167763 0.6179863971492329
vn -0.6179863971492329 -0.4859893269167763 0.6179863971492329
vn -0.6179863971492329 -0.4859893269167763 0.6179863971492329
vn -0.6179863971492329 -0.4859893269167763 0.6179863971492329
vn -0.6179863971492329 -0.4859893269167763 0.6179863971492329
vn -0.6179863971492329 -0.4859893269167763 0.6179863971492329
vn -0.6179863971492329 -0.4859893269167763 0.6179863971492329
vn -0.6179863971492329 -0.4859893269167763 0.6179863971492329
vn -0.6179863971492329 -0.4859893269167763 0.6179863971492329
vn -0.6179863971492329 -0.4859893269167763 0.6179863971492329
vn -0.6179863971492329 -0.4859893269167763 0.6179863971492329
vn -0.6179863971492329 -0.4859893269167763 0.6179863971492329
vn -0.6179863971492329 -0.4859893269167763 0.6179863971492329
vn -0.6179863971492329 -0.4859893269167763 0.6179863971492329
vn -0.6179863971492329 -0.4859893269167763 0.6179863971492329
vn -0.6179863971492329 -0.4859893269167763 0.6179863971492329
vn -0.6179863971492329 -0.4859893269167763 0.6179863971492329
vn -0.6179863971492329 -0.4859893269167763 0.6179863971492329
vn -0.6179863971492329 -0.4859893269167763 0.6179863971492329
vn -0.6179863971492329 -0.4859893269167763 0.6179863971492329
vn -0.6179863971492329 -0.4859893269167763 0.6179863971492329
vn -0.6179863971492329 -0.4859893269167763 0.6179863971492329
vn -0.6179863971492329 -0.4859893269167763 0.6179863971492329
vn -0.6179863971492329 -0.4859893269167763 0.6179863971492329
vn -0.6179863971492329 -0.4859893269167763 0.6179863971492329
vn -0.6179863971492329 -0.4859893269167763 0.6179863971492329
vn -0.6179863971492329 -0.4859893269167763 0.6179863971492329
vn -0.6179863971492329 -0.4859893269167763 0.6179863971492329
vn -0.6179863971492329 -0.4859893269167763 0.6179863971492329
vn -0.6179863971492329 -0.4859893269167763 0.6179863971492329
vn -0.6179863971492329 -0.4859893269167763 0.6179863971492329
vn -0.6179863971492329 -0.4859893269167763 0.6179863971492329
vn -0.6179863971492329 -0.4859893269167763 0.6179863971492329
vn -0.6179863971492329 -0.4859893269167763 0.6179863971492329
vn -0.6179863971492329 -0.4859893269167763 0.6179863971492329
vn -0.6179863971492329 -0.4859893269167763 0.6179863971492329
vn -0.6179863971492329 -0.4859893269167763 0.6179863971492329
vn -0.6179863971492329 -0.4859893269167763 0.6179863971492329
vn -0.6179863971492329 -0.4859893269167763 0.6179863971492329
vn -0.6179863971492329 -0.4859893269167763 0.6179863971492329
vn -0.6179863971492329 -0.4859893269167763 0.6179863971492329
vn -0.6179863971492329 -0.4859893269167763 0.6179863971492329
vn 0.5917118940715697 0.22430449924711982 0.7743155209807784
vn 0.5917118940715697 0.22430449924711982 0.7743155209807784
vn 0.43598902175532483 0.43328908867357274 0.7887801585646405
vn 0.5917118940715697 0.22430449924711982 0.7743155209807784
vn 0.43598902175532483 0.43328908867357274 0.7887801585646405
vn 0.43598902175532483 0.43328908867357274 0.7887801585646405
vn -0.5917118940715697 -0.22430449924711982 -0.7743155209807784
vn -0.43598902175532483 -0.43328908867357274 -0.7887801585646405
vn -0.43598902175532483 -0.43328908867357274 -0.7887801585646405
vn -0.5917118940715697 -0.22430449924711982 -0.7743155209807784
vn -0.43598902175532483 -0.43328908867357274 -0.7887801585646405
vn -0.5917118940715697 -0.22430449924711982 -0.7743155209807784
vn 0.43598902175532483 0.43328908867357274 0.7887801585646405
vn 0.43598902175532483 0.43328908867357274 0.7887801585646405
vn 0.25060945867386025 0.6128231068512476 0.74942827470838
vn 0.43598902175532483 0.43328908867357274 0.7887801585646405
vn 0.25060945867386025 0.6128231068512476 0.74942827470838
vn 0.25060945867386025 0.6128231068512476 0.74942827470838
vn 0.15770219384222417 -0.83711166265832 -0.5238072950033941
vn 0.35278156599036653 -0.8666546794397231 -0.35278156599036653
vn 0.35278156599036653 -0.8666546794397231 -0.35278156599036653
vn 0.15770219384222417 -0.83711166265832 -0.5238072950033941
vn 0.35278156599036653 -0.8666546794397231 -0.35278156599036653
vn 0.15770219384222417 -0.83711166265832 -0.5238072950033941
vn -0.04799718941470787 -0.7505560233038625 -0.6590613975120833
vn 0.15770219384222417 -0.83711166265832 -0.5238072950033941
vn 0.15770219384222417 -0.83711166265832 -0.5238072950033941
vn -0.04799718941470787 -0.7505560233038625 -0.6590613975120833
vn 0.15770219384222417 -0.83711166265832 -0.5238072950033941
vn -0.04799718941470787 -0.7505560233038625 -0.6590613975120833
vn -0.7743155209807784 0.22430449924711982 -0.5917118940715697
vn -0.7071067811865476 0 -0.7071067811865476
vn -0.7071067811865476 0 -0.7071067811865476
vn -0.7743155209807784 0.22430449924711982 -0.5917118940715697
vn -0.7071067811865476 0 -0.7071067811865476
vn -0.7743155209807784 0.22430449924711982 -0.5917118940715697
vn -0.6590613975120833 0.7505560233038625 -0.04799718941470787
vn -0.74942827470838 0.6128231068512476 -0.25060945867386025
vn -0.74942827470838 0.6128231068512476 -0.25060945867386025
vn -0.6590613975120833 0.7505560233038625 -0.04799718941470787
vn -0.74942827470838 0.6128231068512476 -0.25060945867386025
vn -0.6590613975120833 0.7505560233038625 -0.04799718941470787
vn -0.7887801585646405 0.43328908867357274 -0.43598902175532483
vn -0.7743155209807784 0.22430449924711982 -0.5917118940715697
vn -0.7743155209807784 0.22430449924711982 -0.5917118940715697
vn -0.7887801585646405 0.43328908867357274 -0.43598902175532483
vn -0.7743155209807784 0.22430449924711982 -0.5917118940715697
vn -0.7887801585646405 0.43328908867357274 -0.43598902175532483
vn 0.35278156599036653 -0.8666546794397231 -0.35278156599036653
vn 0.5238072950033941 -0.83711166265832 -0.15770219384222417
vn 0.5238072950033941 -0.83711166265832 -0.15770219384222417
vn 0.35278156599036653 -0.8666546794397231 -0.35278156599036653
vn 0.5238072950033941 -0.83711166265832 -0.15770219384222417
vn 0.35278156599036653 -0.8666546794397231 -0.35278156599036653
vn -0.15770219384222417 0.83711166265832 0.5238072950033941
vn -0.35278156599036653 0.8666546794397231 0.35278156599036653
vn -0.35278156599036653 0.8666546794397231 0.35278156599036653
vn -0.15770219384222417 0.83711166265832 0.5238072950033941
vn -0.35278156599036653 0.8666546794397231 0.35278156599036653
vn -0.15770219384222417 0.83711166265832 0.5238072950033941
vn 0.7887801585646405 -0.43328908867357274 0.43598902175532483
vn 0.7887801585646405 -0.43328908867357274 0.43598902175532483
vn 0.7743155209807784 -0.22430449924711982 0.5917118940715697
vn 0.7887801585646405 -0.43328908867357274 0.43598902175532483
vn 0.7743155209807784 -0.22430449924711982 0.5917118940715697
vn 0.7743155209807784 -0.22430449924711982 0.5917118940715697
vn 0.6590613975120833 -0.7505560233038625 0.04799718941470787
vn 0.74942827470838 -0.6128231068512476 0.25060945867386025
vn 0.74942827470838 -0.6128231068512476 0.25060945867386025
vn 0.6590613975120833 -0.7505560233038625 0.04799718941470787
vn 0.74942827470838 -0.6128231068512476 0.25060945867386025
vn 0.6590613975120833 -0.7505560233038625 0.04799718941470787
vn -0.25060945867386025 -0.6128231068512476 -0.74942827470838
vn -0.04799718941470787 -0.7505560233038625 -0.6590613975120833
vn -0.04799718941470787 -0.7505560233038625 -0.6590613975120833
vn -0.25060945867386025 -0.6128231068512476 -0.74942827470838
vn -0.04799718941470787 -0.7505560233038625 -0.6590613975120833
vn -0.25060945867386025 -0.6128231068512476 -0.74942827470838
vn 0.7743155209807784 -0.22430449924711982 0.5917118940715697
vn 0.7743155209807784 -0.22430449924711982 0.5917118940715697
vn 0.7071067811865476 0 0.7071067811865476
vn 0.7743155209807784 -0.22430449924711982 0.5917118940715697
vn 0.7071067811865476 0 0.7071067811865476
vn 0.7071067811865476 0 0.7071067811865476
vn -0.43598902175532483 -0.43328908867357274 -0.7887801585646405
vn -0.25060945867386025 -0.6128231068512476 -0.74942827470838
vn -0.25060945867386025 -0.6128231068512476 -0.74942827470838
vn -0.43598902175532483 -0.43328908867357274 -0.7887801585646405
vn -0.25060945867386025 -0.6128231068512476 -0.74942827470838
vn -0.43598902175532483 -0.43328908867357274 -0.7887801585646405
vn -0.5238072950033941 0.83711166265832 0.15770219384222417
vn -0.5238072950033941 0.83711166265832 0.15770219384222417
vn -0.6590613975120833 0.7505560233038625 -0.04799718941470787
vn -0.5238072950033941 0.83711166265832 0.15770219384222417
vn -0.6590613975120833 0.7505560233038625 -0.04799718941470787
vn -0.6590613975120833 0.7505560233038625 -0.04799718941470787
vn -0.74942827470838 0.6128231068512476 -0.25060945867386025
vn -0.7887801585646405 0.43328908867357274 -0.43598902175532483
vn -0.7887801585646405 0.43328908867357274 -0.43598902175532483
vn -0.74942827470838 0.6128231068512476 -0.25060945867386025
vn -0.7887801585646405 0.43328908867357274 -0.43598902175532483
vn -0.74942827470838 0.6128231068512476 -0.25060945867386025
vn 0.74942827470838 -0.6128231068512476 0.25060945867386025
vn 0.74942827470838 -0.6128231068512476 0.25060945867386025
vn 0.7887801585646405 -0.43328908867357274 0.43598902175532483
vn 0.74942827470838 -0.6128231068512476 0.25060945867386025
vn 0.7887801585646405 -0.43328908867357274 0.43598902175532483
vn 0.7887801585646405 -0.43328908867357274 0.43598902175532483
vn -0.35278156599036653 0.8666546794397231 0.35278156599036653
vn -0.5238072950033941 0.83711166265832 0.15770219384222417
vn -0.5238072950033941 0.83711166265832 0.15770219384222417
vn -0.35278156599036653 0.8666546794397231 0.35278156599036653
vn -0.5238072950033941 0.83711166265832 0.15770219384222417
vn -0.35278156599036653 0.8666546794397231 0.35278156599036653
vn 0.25060945867386025 0.6128231068512476 0.74942827470838
vn 0.25060945867386025 0.6128231068512476 0.74942827470838
vn 0.04799718941470787 0.7505560233038625 0.6590613975120833
vn 0.25060945867386025 0.6128231068512476 0.74942827470838
vn 0.04799718941470787 0.7505560233038625 0.6590613975120833
vn 0.04799718941470787 0.7505560233038625 0.6590613975120833
vn -0.7071067811865476 0 -0.7071067811865476
vn -0.5917118940715697 -0.22430449924711982 -0.7743155209807784
vn -0.5917118940715697 -0.22430449924711982 -0.7743155209807784
vn -0.7071067811865476 0 -0.7071067811865476
vn -0.5917118940715697 -0.22430449924711982 -0.7743155209807784
vn -0.7071067811865476 0 -0.7071067811865476
f 1/1/1 2/2/2 3/3/3
f 4/4/4 5/5/5 6/6/6
f 7/7/7 8/8/8 9/9/9
f 10/10/10 11/11/11 12/12/12
f 13/13/13 14/14/14 15/15/15
f 16/16/16 17/17/17 18/18/18
f 19/19/19 20/20/20 21/21/21
f 22/22/22 23/23/23 24/24/24
f 25/25/25 26/26/26 27/27/27
f 28/28/28 29/29/29 30/30/30
f 31/31/31 32/32/32 33/33/33
f 34/34/34 35/35/35 36/36/36
f 37/37/37 38/38/38 39/39/39
f 40/40/40 41/41/41 42/42/42
f 43/43/43 44/44/44 45/45/45
f 46/46/46 47/47/47 48/48/48
f 49/49/49 50/50/50 51/51/51
f 52/52/52 53/53/53 54/54/54
f 55/55/55 56/56/56 57/57/57
f 58/58/58 59/59/59 60/60/60
f 61/61/61 62/62/62 63/63/63
f 64/64/64 65/65/65 66/66/66
f 67/67/67 68/68/68 69/69/69
f 70/70/70 71/71/71 72/72/72
f 73/73/73 74/74/74 75/75/75
f 76/76/76 77/77/77 78/78/78
f 79/79/79 80/80/80 81/81/81
f 82/82/82 83/83/83 84/84/84
f 85/85/85 86/86/86 87/87/87
f 88/88/88 89/89/89 90/90/90
f 91/91/91 92/92/92 93/93/93
f 94/94/94 95/95/95 96/96/96
f 97/97/97 98/98/98 99/99/99
f 100/100/100 101/101/101 102/102/102
f 103/103/103 104/104/104 105/105/105
f 106/106/106 107/107/107 108/108/108
f 109/109/109 110/110/110 111/111/111
f 112/112/112 113/113/113 114/114/114
f 115/115/115 116/116/116 117/117/117
f 118/118/118 119/119/119 120/120/120
f 121/121/121 122/122/122 123/123/123
f 124/124/124 125/125/125 126/126/126
f 127/127/127 128/128/128 129/129/129
f 130/130/130 131/131/131 132/132/132
f 133/133/133 134/134/134 135/135/135
f 136/136/136 137/137/137 138/138/138
f 139/139/139 140/140/140 141/141/141
f 142/142/142 143/143/143 144/144/144
f 145/145/145 146/146/146 147/147/147
f 148/148/148 149/149/149 150/150/150
f 151/151/151 152/152/152 153/153/153
f 154/154/154 155/155/155 156/156/156
f 157/157/157 158/158/158 159/159/159
f 160/160/160 161/161/161 162/162/162
f 163/163/163 164/164/164 165/165/165
f 166/166/166 167/167/167 168/168/168
f 169/169/169 170/170/170 171/171/171
f 172/172/172 173/173/173 174/174/174
f 175/175/175 176/176/176 177/177/177
f 178/178/178 179/179/179 180/180/180
f 181/181/181 182/182/182 183/183/183
f 184/184/184 185/185/185 186/186/186
f 187/187/187 188/188/188 189/189/189
f 190/190/190 191/191/191 192/192/192
f 193/193/193 194/194/194 195/195/195
f 196/196/196 197/197/197 198/198/198
f 199/199/199 200/200/200 201/201/201
f 202/202/202 203/203/203 204/204/204
f 205/205/205 206/206/206 207/207/207
f 208/208/208 209/209/209 210/210/210
o Group_384
usemtl wire_177028149
v -5727.06640625 1128.318115234375 7264.40576171875
v -5706.8623046875 446.5911865234375 7244.20166015625
v -5699.814453125 447.06201171875 7235.3662109375
v -5727.06640625 1128.318115234375 7264.40576171875
v -5699.814453125 447.06201171875 7235.3662109375
v -5720.0185546875 1128.788818359375 7255.5703125
v -5720.0185546875 1128.788818359375 7255.5703125
v -5699.814453125 447.06201171875 7235.3662109375
v -5695.03515625 447.5006103515625 7225.3447265625
v -5720.0185546875 1128.788818359375 7255.5703125
v -5695.03515625 447.5006103515625 7225.3447265625
v -5715.2392578125 1129.2275390625 7245.548828125
v -3409.0771484375 2978.066162109375 4936.2978515625
v -3388.873046875 2296.339111328125 4916.09375
v -3378.85205078125 2296.77783203125 4911.314453125
v -3409.0771484375 2978.066162109375 4936.2978515625
v -3378.85205078125 2296.77783203125 4911.314453125
v -3399.05615234375 2978.504638671875 4931.5185546875
v -3378.3935546875 2979.884765625 4905.6142578125
v -3358.189453125 2298.15771484375 4885.41015625
v -3356.00390625 2298.53466796875 4874.88623046875
v -3378.3935546875 2979.884765625 4905.6142578125
v -3356.00390625 2298.53466796875 4874.88623046875
v -3376.2080078125 2980.261474609375 4895.09033203125
v -3413.650390625 2297.71923828125 4844.75
v -3422.48583984375 2297.24853515625 4851.7978515625
v -3442.68994140625 2978.975341796875 4872.001953125
v -3413.650390625 2297.71923828125 4844.75
v -3442.68994140625 2978.975341796875 4872.001953125
v -3433.8544921875 2979.446044921875 4864.9541015625
v -3356.00390625 2298.53466796875 4874.88623046875
v -3356.56103515625 2298.823486328125 4864.5771484375
v -3376.76513671875 2980.550537109375 4884.78125
v -3356.00390625 2298.53466796875 4874.88623046875
v -3376.76513671875 2980.550537109375 4884.78125
v -3376.2080078125 2980.261474609375 4895.09033203125
v -3434.312744140625 2296.339111328125 4870.654296875
v -3436.498291015625 2295.96240234375 4881.177734375
v -3456.702392578125 2977.689453125 4901.3818359375
v -3434.312744140625 2296.339111328125 4870.654296875
v -3456.702392578125 2977.689453125 4901.3818359375
v -3454.516845703125 2978.066162109375 4890.8583984375
v -4525.138671875 1362.8486328125 6058.66162109375
v -4525.69580078125 1363.1375732421875 6048.35205078125
v -4545.89990234375 2044.864501953125 6068.55615234375
v -4525.138671875 1362.8486328125 6058.66162109375
v -4545.89990234375 2044.864501953125 6068.55615234375
v -4545.3427734375 2044.575439453125 6078.86572265625
v -4598.66845703125 1361.091796875 6044.408203125
v -4603.44775390625 1360.6531982421875 6054.4296875
v -4623.65185546875 2042.380126953125 6074.6337890625
v -4598.66845703125 1361.091796875 6044.408203125
v -4623.65185546875 2042.380126953125 6074.6337890625
v -4618.87255859375 2042.8187255859375 6064.6123046875
v -4625.2802734375 2041.71435546875 6095.46728515625
v -4605.076171875 1359.987548828125 6075.26318359375
v -4601.814453125 1359.8057861328125 6084.65576171875
v -4625.2802734375 2041.71435546875 6095.46728515625
v -4601.814453125 1359.8057861328125 6084.65576171875
v -4622.0185546875 2041.53271484375 6104.85986328125
v -3382.795654296875 2298.823486328125 4838.34228515625
v -3393.105224609375 2298.53466796875 4837.78466796875
v -3413.309326171875 2980.261474609375 4857.98876953125
v -3382.795654296875 2298.823486328125 4838.34228515625
v -3413.309326171875 2980.261474609375 4857.98876953125
v -3402.999755859375 2980.550537109375 4858.54638671875
v -4591.62060546875 1361.5625 6035.5732421875
v -4598.66845703125 1361.091796875 6044.408203125
v -4618.87255859375 2042.8187255859375 6064.6123046875
v -4591.62060546875 1361.5625 6035.5732421875
v -4618.87255859375 2042.8187255859375 6064.6123046875
v -4611.82470703125 2043.2894287109375 6055.77734375
v -4552.3076171875 2043.7601318359375 6099.4111328125
v -4532.103515625 1362.033203125 6079.20703125
v -4527.32421875 1362.471923828125 6069.185546875
v -4552.3076171875 2043.7601318359375 6099.4111328125
v -4527.32421875 1362.471923828125 6069.185546875
v -4547.5283203125 2044.1988525390625 6089.3896484375
v -4559.35546875 2043.2894287109375 6108.24658203125
v -4539.1513671875 1361.5625 6088.04248046875
v -4532.103515625 1362.033203125 6079.20703125
v -4559.35546875 2043.2894287109375 6108.24658203125
v -4532.103515625 1362.033203125 6079.20703125
v -4552.3076171875 2043.7601318359375 6099.4111328125
v -3436.498291015625 2295.96240234375 4881.177734375
v -3435.94140625 2295.67333984375 4891.48779296875
v -3456.1455078125 2977.400390625 4911.69189453125
v -3436.498291015625 2295.96240234375 4881.177734375
v -3456.1455078125 2977.400390625 4911.69189453125
v -3456.702392578125 2977.689453125 4901.3818359375
v -4547.5283203125 2044.1988525390625 6089.3896484375
v -4527.32421875 1362.471923828125 6069.185546875
v -4525.138671875 1362.8486328125 6058.66162109375
v -4547.5283203125 2044.1988525390625 6089.3896484375
v -4525.138671875 1362.8486328125 6058.66162109375
v -4545.3427734375 2044.575439453125 6078.86572265625
v -4572.76416015625 1362.471923828125 6023.74609375
v -4582.78515625 1362.033203125 6028.525390625
v -4602.9892578125 2043.7601318359375 6048.7294921875
v -4572.76416015625 1362.471923828125 6023.74609375
v -4602.9892578125 2043.7601318359375 6048.7294921875
v -4592.96826171875 2044.1988525390625 6043.9501953125
v -4578.2119140625 2042.380126953125 6120.0732421875
v -4558.0078125 1360.6531982421875 6099.869140625
v -4547.98681640625 1361.091796875 6095.08984375
v -4578.2119140625 2042.380126953125 6120.0732421875
v -4547.98681640625 1361.091796875 6095.08984375
v -4568.19091796875 2042.8187255859375 6115.2939453125
v -4528.95751953125 1363.3193359375 6038.95947265625
v -4534.7021484375 1363.3812255859375 6031.1240234375
v -4554.90625 2045.108154296875 6051.328125
v -4528.95751953125 1363.3193359375 6038.95947265625
v -4554.90625 2045.108154296875 6051.328125
v -4549.16162109375 2045.0462646484375 6059.16357421875
v -4596.06982421875 1359.7437744140625 6092.49169921875
v -4588.234375 1359.8057861328125 6098.23583984375
v -4608.4384765625 2041.53271484375 6118.43994140625
v -4596.06982421875 1359.7437744140625 6092.49169921875
v -4608.4384765625 2041.53271484375 6118.43994140625
v -4616.27392578125 2041.470703125 6112.69580078125
v -4525.69580078125 1363.1375732421875 6048.35205078125
v -4528.95751953125 1363.3193359375 6038.95947265625
v -4549.16162109375 2045.0462646484375 6059.16357421875
v -4525.69580078125 1363.1375732421875 6048.35205078125
v -4549.16162109375 2045.0462646484375 6059.16357421875
v -4545.89990234375 2044.864501953125 6068.55615234375
v -4588.736328125 2042.00341796875 6122.25927734375
v -4568.5322265625 1360.2764892578125 6102.05517578125
v -4558.0078125 1360.6531982421875 6099.869140625
v -4588.736328125 2042.00341796875 6122.25927734375
v -4558.0078125 1360.6531982421875 6099.869140625
v -4578.2119140625 2042.380126953125 6120.0732421875
v -4601.814453125 1359.8057861328125 6084.65576171875
v -4596.06982421875 1359.7437744140625 6092.49169921875
v -4616.27392578125 2041.470703125 6112.69580078125
v -4601.814453125 1359.8057861328125 6084.65576171875
v -4616.27392578125 2041.470703125 6112.69580078125
v -4622.0185546875 2041.53271484375 6104.85986328125
v -5763.78076171875 444.7724914550781 7248.650390625
v -5755.9453125 444.8345031738281 7254.39501953125
v -5776.14892578125 1126.561279296875 7274.59912109375
v -5763.78076171875 444.7724914550781 7248.650390625
v -5776.14892578125 1126.561279296875 7274.59912109375
v -5783.98486328125 1126.4993896484375 7268.8544921875
v -5771.15869140625 445.681884765625 7210.5888671875
v -5773.34423828125 445.3052062988281 7221.11279296875
v -5793.54833984375 1127.0321044921875 7241.31689453125
v -5771.15869140625 445.681884765625 7210.5888671875
v -5793.54833984375 1127.0321044921875 7241.31689453125
v -5791.36279296875 1127.40869140625 7230.79296875
v -5693.40673828125 448.1662902832031 7204.51123046875
v -5696.66845703125 448.3479919433594 7195.11865234375
v -5716.87255859375 1130.0748291015625 7215.32275390625
v -5693.40673828125 448.1662902832031 7204.51123046875
v -5716.87255859375 1130.0748291015625 7215.32275390625
v -5713.61083984375 1129.8931884765625 7224.71533203125
v -5746.55224609375 445.0162048339844 7257.6572265625
v -5736.24267578125 445.3052062988281 7258.21435546875
v -5756.44677734375 1127.0321044921875 7278.41845703125
v -5746.55224609375 445.0162048339844 7257.6572265625
v -5756.44677734375 1127.0321044921875 7278.41845703125
v -5766.75634765625 1126.7430419921875 7277.861328125
v -4603.44775390625 1360.6531982421875 6054.4296875
v -4605.6337890625 1360.2764892578125 6064.95361328125
v -4625.837890625 2042.00341796875 6085.15771484375
v -4603.44775390625 1360.6531982421875 6054.4296875
v -4625.837890625 2042.00341796875 6085.15771484375
v -4623.65185546875 2042.380126953125 6074.6337890625
v -5745.9228515625 1127.40869140625 7276.232421875
v -5725.71875 445.681884765625 7256.02880859375
v -5715.69775390625 446.1205139160156 7251.2490234375
v -5745.9228515625 1127.40869140625 7276.232421875
v -5715.69775390625 446.1205139160156 7251.2490234375
v -5735.90185546875 1127.847412109375 7271.453125
v -5792.9912109375 1126.7430419921875 7251.62646484375
v -5772.787109375 445.0162048339844 7231.42236328125
v -5769.525390625 444.8345031738281 7240.81494140625
v -5792.9912109375 1126.7430419921875 7251.62646484375
v -5769.525390625 444.8345031738281 7240.81494140625
v -5789.72900390625 1126.561279296875 7261.01904296875
v -4588.234375 1359.8057861328125 6098.23583984375
v -4578.841796875 1359.987548828125 6101.498046875
v -4599.0458984375 2041.71435546875 6121.7021484375
v -4588.234375 1359.8057861328125 6098.23583984375
v -4599.0458984375 2041.71435546875 6121.7021484375
v -4608.4384765625 2041.53271484375 6118.43994140625
v -5740.47509765625 447.5006103515625 7179.9052734375
v -5750.49609375 447.06201171875 7184.6845703125
v -5770.7001953125 1128.788818359375 7204.888671875
v -5740.47509765625 447.5006103515625 7179.9052734375
v -5770.7001953125 1128.788818359375 7204.888671875
v -5760.6787109375 1129.2275390625 7200.10888671875
v -4578.841796875 1359.987548828125 6101.498046875
v -4568.5322265625 1360.2764892578125 6102.05517578125
v -4588.736328125 2042.00341796875 6122.25927734375
v -4578.841796875 1359.987548828125 6101.498046875
v -4588.736328125 2042.00341796875 6122.25927734375
v -4599.0458984375 2041.71435546875 6121.7021484375
v -5750.49609375 447.06201171875 7184.6845703125
v -5759.33154296875 446.5911865234375 7191.73193359375
v -5779.53564453125 1128.318115234375 7211.93603515625
v -5750.49609375 447.06201171875 7184.6845703125
v -5779.53564453125 1128.318115234375 7211.93603515625
v -5770.7001953125 1128.788818359375 7204.888671875
v -5739.84521484375 1129.8931884765625 7198.48046875
v -5719.64111328125 448.1662902832031 7178.2763671875
v -5729.951171875 447.8772888183594 7177.71923828125
v -5739.84521484375 1129.8931884765625 7198.48046875
v -5729.951171875 447.8772888183594 7177.71923828125
v -5750.15478515625 1129.6041259765625 7197.92333984375
v -5769.525390625 444.8345031738281 7240.81494140625
v -5763.78076171875 444.7724914550781 7248.650390625
v -5783.98486328125 1126.4993896484375 7268.8544921875
v -5769.525390625 444.8345031738281 7240.81494140625
v -5783.98486328125 1126.4993896484375 7268.8544921875
v -5789.72900390625 1126.561279296875 7261.01904296875
v -5766.37939453125 446.1205139160156 7200.5673828125
v -5771.15869140625 445.681884765625 7210.5888671875
v -5791.36279296875 1127.40869140625 7230.79296875
v -5766.37939453125 446.1205139160156 7200.5673828125
v -5791.36279296875 1127.40869140625 7230.79296875
v -5786.5830078125 1127.847412109375 7220.771484375
v -5730.45263671875 1130.0748291015625 7201.74267578125
v -5710.24853515625 448.3479919433594 7181.53857421875
v -5719.64111328125 448.1662902832031 7178.2763671875
v -5730.45263671875 1130.0748291015625 7201.74267578125
v -5719.64111328125 448.1662902832031 7178.2763671875
v -5739.84521484375 1129.8931884765625 7198.48046875
v -4572.134765625 2044.864501953125 6042.3212890625
v -4551.9306640625 1363.1375732421875 6022.1171875
v -4562.240234375 1362.8486328125 6021.560546875
v -4572.134765625 2044.864501953125 6042.3212890625
v -4562.240234375 1362.8486328125 6021.560546875
v -4582.4443359375 2044.575439453125 6041.7646484375
v -5735.90185546875 1127.847412109375 7271.453125
v -5715.69775390625 446.1205139160156 7251.2490234375
v -5706.8623046875 446.5911865234375 7244.20166015625
v -5735.90185546875 1127.847412109375 7271.453125
v -5706.8623046875 446.5911865234375 7244.20166015625
v -5727.06640625 1128.318115234375 7264.40576171875
v -3373.403076171875 2299.00537109375 4841.60400390625
v -3382.795654296875 2298.823486328125 4838.34228515625
v -3402.999755859375 2980.550537109375 4858.54638671875
v -3373.403076171875 2299.00537109375 4841.60400390625
v -3402.999755859375 2980.550537109375 4858.54638671875
v -3393.607177734375 2980.732177734375 4861.80810546875
v -5696.66845703125 448.3479919433594 7195.11865234375
v -5702.4130859375 448.4100036621094 7187.283203125
v -5722.6171875 1130.1368408203125 7207.4873046875
v -5696.66845703125 448.3479919433594 7195.11865234375
v -5722.6171875 1130.1368408203125 7207.4873046875
v -5716.87255859375 1130.0748291015625 7215.32275390625
v -4605.6337890625 1360.2764892578125 6064.95361328125
v -4605.076171875 1359.987548828125 6075.26318359375
v -4625.2802734375 2041.71435546875 6095.46728515625
v -4605.6337890625 1360.2764892578125 6064.95361328125
v -4625.2802734375 2041.71435546875 6095.46728515625
v -4625.837890625 2042.00341796875 6085.15771484375
v -3409.706787109375 2295.67333984375 4917.72265625
v -3399.39697265625 2295.96240234375 4918.279296875
v -3419.60107421875 2977.689453125 4938.4833984375
v -3409.706787109375 2295.67333984375 4917.72265625
v -3419.60107421875 2977.689453125 4938.4833984375
v -3429.910888671875 2977.400390625 4937.9267578125
v -4562.240234375 1362.8486328125 6021.560546875
v -4572.76416015625 1362.471923828125 6023.74609375
v -4592.96826171875 2044.1988525390625 6043.9501953125
v -4562.240234375 1362.8486328125 6021.560546875
v -4592.96826171875 2044.1988525390625 6043.9501953125
v -4582.4443359375 2044.575439453125 6041.7646484375
v -3356.56103515625 2298.823486328125 4864.5771484375
v -3359.822998046875 2299.00537109375 4855.18408203125
v -3380.027099609375 2980.732177734375 4875.38818359375
v -3356.56103515625 2298.823486328125 4864.5771484375
v -3380.027099609375 2980.732177734375 4875.38818359375
v -3376.76513671875 2980.550537109375 4884.78125
v -3383.173095703125 2979.446044921875 4915.6357421875
v -3362.968994140625 2297.71923828125 4895.431640625
v -3358.189453125 2298.15771484375 4885.41015625
v -3383.173095703125 2979.446044921875 4915.6357421875
v -3358.189453125 2298.15771484375 4885.41015625
v -3378.3935546875 2979.884765625 4905.6142578125
v -3426.93505859375 2295.4296875 4908.7158203125
v -3419.099609375 2295.49169921875 4914.46044921875
v -3439.3037109375 2977.21875 4934.66455078125
v -3426.93505859375 2295.4296875 4908.7158203125
v -3439.3037109375 2977.21875 4934.66455078125
v -3447.13916015625 2977.15673828125 4928.919921875
v -3435.94140625 2295.67333984375 4891.48779296875
v -3432.6796875 2295.49169921875 4900.88037109375
v -3452.8837890625 2977.21875 4921.08447265625
v -3435.94140625 2295.67333984375 4891.48779296875
v -3452.8837890625 2977.21875 4921.08447265625
v -3456.1455078125 2977.400390625 4911.69189453125
v -3422.48583984375 2297.24853515625 4851.7978515625
v -3429.533447265625 2296.77783203125 4860.63330078125
v -3449.737548828125 2978.504638671875 4880.83740234375
v -3422.48583984375 2297.24853515625 4851.7978515625
v -3449.737548828125 2978.504638671875 4880.83740234375
v -3442.68994140625 2978.975341796875 4872.001953125
v -3399.05615234375 2978.504638671875 4931.5185546875
v -3378.85205078125 2296.77783203125 4911.314453125
v -3370.016357421875 2297.24853515625 4904.2666015625
v -3399.05615234375 2978.504638671875 4931.5185546875
v -3370.016357421875 2297.24853515625 4904.2666015625
v -3390.220458984375 2978.975341796875 4924.470703125
v -3419.60107421875 2977.689453125 4938.4833984375
v -3399.39697265625 2295.96240234375 4918.279296875
v -3388.873046875 2296.339111328125 4916.09375
v -3419.60107421875 2977.689453125 4938.4833984375
v -3388.873046875 2296.339111328125 4916.09375
v -3409.0771484375 2978.066162109375 4936.2978515625
v -3359.822998046875 2299.00537109375 4855.18408203125
v -3365.5673828125 2299.0673828125 4847.34814453125
v -3385.771484375 2980.794189453125 4867.55224609375
v -3359.822998046875 2299.00537109375 4855.18408203125
v -3385.771484375 2980.794189453125 4867.55224609375
v -3380.027099609375 2980.732177734375 4875.38818359375
v -3429.533447265625 2296.77783203125 4860.63330078125
v -3434.312744140625 2296.339111328125 4870.654296875
v -3454.516845703125 2978.066162109375 4890.8583984375
v -3429.533447265625 2296.77783203125 4860.63330078125
v -3454.516845703125 2978.066162109375 4890.8583984375
v -3449.737548828125 2978.504638671875 4880.83740234375
v -3390.220458984375 2978.975341796875 4924.470703125
v -3370.016357421875 2297.24853515625 4904.2666015625
v -3362.968994140625 2297.71923828125 4895.431640625
v -3390.220458984375 2978.975341796875 4924.470703125
v -3362.968994140625 2297.71923828125 4895.431640625
v -3383.173095703125 2979.446044921875 4915.6357421875
v -3419.099609375 2295.49169921875 4914.46044921875
v -3409.706787109375 2295.67333984375 4917.72265625
v -3429.910888671875 2977.400390625 4937.9267578125
v -3419.099609375 2295.49169921875 4914.46044921875
v -3429.910888671875 2977.400390625 4937.9267578125
v -3439.3037109375 2977.21875 4934.66455078125
v -5793.54833984375 1127.0321044921875 7241.31689453125
v -5773.34423828125 445.3052062988281 7221.11279296875
v -5772.787109375 445.0162048339844 7231.42236328125
v -5793.54833984375 1127.0321044921875 7241.31689453125
v -5772.787109375 445.0162048339844 7231.42236328125
v -5792.9912109375 1126.7430419921875 7251.62646484375
v -5715.2392578125 1129.2275390625 7245.548828125
v -5695.03515625 447.5006103515625 7225.3447265625
v -5692.849609375 447.8772888183594 7214.82080078125
v -5715.2392578125 1129.2275390625 7245.548828125
v -5692.849609375 447.8772888183594 7214.82080078125
v -5713.0537109375 1129.6041259765625 7235.02490234375
v -5755.9453125 444.8345031738281 7254.39501953125
v -5746.55224609375 445.0162048339844 7257.6572265625
v -5766.75634765625 1126.7430419921875 7277.861328125
v -5755.9453125 444.8345031738281 7254.39501953125
v -5766.75634765625 1126.7430419921875 7277.861328125
v -5776.14892578125 1126.561279296875 7274.59912109375
v -5759.33154296875 446.5911865234375 7191.73193359375
v -5766.37939453125 446.1205139160156 7200.5673828125
v -5786.5830078125 1127.847412109375 7220.771484375
v -5759.33154296875 446.5911865234375 7191.73193359375
v -5786.5830078125 1127.847412109375 7220.771484375
v -5779.53564453125 1128.318115234375 7211.93603515625
v -5729.951171875 447.8772888183594 7177.71923828125
v -5740.47509765625 447.5006103515625 7179.9052734375
v -5760.6787109375 1129.2275390625 7200.10888671875
v -5729.951171875 447.8772888183594 7177.71923828125
v -5760.6787109375 1129.2275390625 7200.10888671875
v -5750.15478515625 1129.6041259765625 7197.92333984375
v -5756.44677734375 1127.0321044921875 7278.41845703125
v -5736.24267578125 445.3052062988281 7258.21435546875
v -5725.71875 445.681884765625 7256.02880859375
v -5756.44677734375 1127.0321044921875 7278.41845703125
v -5725.71875 445.681884765625 7256.02880859375
v -5745.9228515625 1127.40869140625 7276.232421875
v -4568.19091796875 2042.8187255859375 6115.2939453125
v -4547.98681640625 1361.091796875 6095.08984375
v -4539.1513671875 1361.5625 6088.04248046875
v -4568.19091796875 2042.8187255859375 6115.2939453125
v -4539.1513671875 1361.5625 6088.04248046875
v -4559.35546875 2043.2894287109375 6108.24658203125
v -5702.4130859375 448.4100036621094 7187.283203125
v -5710.24853515625 448.3479919433594 7181.53857421875
v -5730.45263671875 1130.0748291015625 7201.74267578125
v -5702.4130859375 448.4100036621094 7187.283203125
v -5730.45263671875 1130.0748291015625 7201.74267578125
v -5722.6171875 1130.1368408203125 7207.4873046875
v -5692.849609375 447.8772888183594 7214.82080078125
v -5693.40673828125 448.1662902832031 7204.51123046875
v -5713.61083984375 1129.8931884765625 7224.71533203125
v -5692.849609375 447.8772888183594 7214.82080078125
v -5713.61083984375 1129.8931884765625 7224.71533203125
v -5713.0537109375 1129.6041259765625 7235.02490234375
v -3432.6796875 2295.49169921875 4900.88037109375
v -3426.93505859375 2295.4296875 4908.7158203125
v -3447.13916015625 2977.15673828125 4928.919921875
v -3432.6796875 2295.49169921875 4900.88037109375
v -3447.13916015625 2977.15673828125 4928.919921875
v -3452.8837890625 2977.21875 4921.08447265625
v -4542.53759765625 1363.3193359375 6025.37939453125
v -4551.9306640625 1363.1375732421875 6022.1171875
v -4572.134765625 2044.864501953125 6042.3212890625
v -4542.53759765625 1363.3193359375 6025.37939453125
v -4572.134765625 2044.864501953125 6042.3212890625
v -4562.74169921875 2045.0462646484375 6045.58349609375
v -4534.7021484375 1363.3812255859375 6031.1240234375
v -4542.53759765625 1363.3193359375 6025.37939453125
v -4562.74169921875 2045.0462646484375 6045.58349609375
v -4534.7021484375 1363.3812255859375 6031.1240234375
v -4562.74169921875 2045.0462646484375 6045.58349609375
v -4554.90625 2045.108154296875 6051.328125
v -4582.78515625 1362.033203125 6028.525390625
v -4591.62060546875 1361.5625 6035.5732421875
v -4611.82470703125 2043.2894287109375 6055.77734375
v -4582.78515625 1362.033203125 6028.525390625
v -4611.82470703125 2043.2894287109375 6055.77734375
v -4602.9892578125 2043.7601318359375 6048.7294921875
v -3365.5673828125 2299.0673828125 4847.34814453125
v -3373.403076171875 2299.00537109375 4841.60400390625
v -3393.607177734375 2980.732177734375 4861.80810546875
v -3365.5673828125 2299.0673828125 4847.34814453125
v -3393.607177734375 2980.732177734375 4861.80810546875
v -3385.771484375 2980.794189453125 4867.55224609375
v -3393.105224609375 2298.53466796875 4837.78466796875
v -3403.629150390625 2298.15771484375 4839.970703125
v -3423.833251953125 2979.884765625 4860.1748046875
v -3393.105224609375 2298.53466796875 4837.78466796875
v -3423.833251953125 2979.884765625 4860.1748046875
v -3413.309326171875 2980.261474609375 4857.98876953125
v -3403.629150390625 2298.15771484375 4839.970703125
v -3413.650390625 2297.71923828125 4844.75
v -3433.8544921875 2979.446044921875 4864.9541015625
v -3403.629150390625 2298.15771484375 4839.970703125
v -3433.8544921875 2979.446044921875 4864.9541015625
v -3423.833251953125 2979.884765625 4860.1748046875
vt 1.750100016593933 9
vt 1.750100016593933 0
vt 1.8969000577926636 0
vt 1.750100016593933 9
vt 1.8969000577926636 0
vt 1.8969000577926636 9
vt 1.4702999591827393 9
vt 1.4702999591827393 0
vt 1.6172000169754028 0
vt 1.4702999591827393 9
vt 1.6172000169754028 0
vt 1.6172000169754028 9
vt 42.375999450683594 31.5625
vt 42.375999450683594 22.5625
vt 42.52289962768555 22.5625
vt 42.375999450683594 31.5625
vt 42.52289962768555 22.5625
vt 42.52289962768555 31.5625
vt 35.85150146484375 31.5625
vt 35.85150146484375 22.5625
vt 35.99829864501953 22.5625
vt 35.85150146484375 31.5625
vt 35.99829864501953 22.5625
vt 35.99829864501953 31.5625
vt -45.46969985961914 22.5625
vt -45.322898864746094 22.5625
vt -45.322898864746094 31.5625
vt -45.46969985961914 22.5625
vt -45.322898864746094 31.5625
vt -45.46969985961914 31.5625
vt 27.309200286865234 22.5625
vt 27.456100463867188 22.5625
vt 27.456100463867188 31.5625
vt 27.309200286865234 22.5625
vt 27.456100463867188 31.5625
vt 27.309200286865234 31.5625
vt -35.99829864501953 22.5625
vt -35.85150146484375 22.5625
vt -35.85150146484375 31.5625
vt -35.99829864501953 22.5625
vt -35.85150146484375 31.5625
vt -35.99829864501953 31.5625
vt 13.769700050354004 11.150400161743164
vt 13.916500091552734 11.150400161743164
vt 13.916500091552734 20.150400161743164
vt 13.769700050354004 11.150400161743164
vt 13.916500091552734 20.150400161743164
vt 13.769700050354004 20.150400161743164
vt -21.673099517822266 11.150400161743164
vt -21.52630043029785 11.150400161743164
vt -21.52630043029785 20.150400161743164
vt -21.673099517822266 11.150400161743164
vt -21.52630043029785 20.150400161743164
vt -21.673099517822266 20.150400161743164
vt -8.46969985961914 20.150400161743164
vt -8.46969985961914 11.150400161743164
vt -8.322799682617188 11.150400161743164
vt -8.46969985961914 20.150400161743164
vt -8.322799682617188 11.150400161743164
vt -8.322799682617188 20.150400161743164
vt -28.348600387573242 22.5625
vt -28.20170021057129 22.5625
vt -28.20170021057129 31.5625
vt -28.348600387573242 22.5625
vt -28.20170021057129 31.5625
vt -28.348600387573242 31.5625
vt -23.454299926757812 11.150400161743164
vt -23.3075008392334 11.150400161743164
vt -23.3075008392334 20.150400161743164
vt -23.454299926757812 11.150400161743164
vt -23.3075008392334 20.150400161743164
vt -23.454299926757812 20.150400161743164
vt 21.52630043029785 20.150400161743164
vt 21.52630043029785 11.150400161743164
vt 21.673099517822266 11.150400161743164
vt 21.52630043029785 20.150400161743164
vt 21.673099517822266 11.150400161743164
vt 21.673099517822266 20.150400161743164
vt 23.3075008392334 20.150400161743164
vt 23.3075008392334 11.150400161743164
vt 23.454299926757812 11.150400161743164
vt 23.3075008392334 20.150400161743164
vt 23.454299926757812 11.150400161743164
vt 23.454299926757812 20.150400161743164
vt -27.456100463867188 22.5625
vt -27.309200286865234 22.5625
vt -27.309200286865234 31.5625
vt -27.456100463867188 22.5625
vt -27.309200286865234 31.5625
vt -27.456100463867188 31.5625
vt 18.273099899291992 20.150400161743164
vt 18.273099899291992 11.150400161743164
vt 18.41990089416504 11.150400161743164
vt 18.273099899291992 20.150400161743164
vt 18.41990089416504 11.150400161743164
vt 18.41990089416504 20.150400161743164
vt -22.223800659179688 11.150400161743164
vt -22.076900482177734 11.150400161743164
vt -22.076900482177734 20.150400161743164
vt -22.223800659179688 11.150400161743164
vt -22.076900482177734 20.150400161743164
vt -22.223800659179688 20.150400161743164
vt 22.076900482177734 20.150400161743164
vt 22.076900482177734 11.150400161743164
vt 22.223800659179688 11.150400161743164
vt 22.076900482177734 20.150400161743164
vt 22.223800659179688 11.150400161743164
vt 22.223800659179688 20.150400161743164
vt 2.303800106048584 11.150400161743164
vt 2.4505999088287354 11.150400161743164
vt 2.4505999088287354 20.150400161743164
vt 2.303800106048584 11.150400161743164
vt 2.4505999088287354 20.150400161743164
vt 2.303800106048584 20.150400161743164
vt 3.7304000854492188 11.150400161743164
vt 3.87719988822937 11.150400161743164
vt 3.87719988822937 20.150400161743164
vt 3.7304000854492188 11.150400161743164
vt 3.87719988822937 20.150400161743164
vt 3.7304000854492188 20.150400161743164
vt 8.322799682617188 11.150400161743164
vt 8.46969985961914 11.150400161743164
vt 8.46969985961914 20.150400161743164
vt 8.322799682617188 11.150400161743164
vt 8.46969985961914 20.150400161743164
vt 8.322799682617188 20.150400161743164
vt 19.149099349975586 20.150400161743164
vt 19.149099349975586 11.150400161743164
vt 19.295900344848633 11.150400161743164
vt 19.149099349975586 20.150400161743164
vt 19.295900344848633 11.150400161743164
vt 19.295900344848633 20.150400161743164
vt -2.4505999088287354 11.150400161743164
vt -2.303800106048584 11.150400161743164
vt -2.303800106048584 20.150400161743164
vt -2.4505999088287354 11.150400161743164
vt -2.303800106048584 20.150400161743164
vt -2.4505999088287354 20.150400161743164
vt 0.7674000263214111 0
vt 0.9142000079154968 0
vt 0.9142000079154968 9
vt 0.7674000263214111 0
vt 0.9142000079154968 9
vt 0.7674000263214111 9
vt -1.232200026512146 0
vt -1.0853999853134155 0
vt -1.0853999853134155 9
vt -1.232200026512146 0
vt -1.0853999853134155 9
vt -1.232200026512146 9
vt 0.11020000278949738 0
vt 0.25699999928474426 0
vt 0.25699999928474426 9
vt 0.11020000278949738 0
vt 0.25699999928474426 9
vt 0.11020000278949738 9
vt 1.566499948501587 0
vt 1.7134000062942505 0
vt 1.7134000062942505 9
vt 1.566499948501587 0
vt 1.7134000062942505 9
vt 1.566499948501587 9
vt -18.41990089416504 11.150400161743164
vt -18.273099899291992 11.150400161743164
vt -18.273099899291992 20.150400161743164
vt -18.41990089416504 11.150400161743164
vt -18.273099899291992 20.150400161743164
vt -18.41990089416504 20.150400161743164
vt 1.926200032234192 9
vt 1.926200032234192 0
vt 2.072999954223633 0
vt 1.926200032234192 9
vt 2.072999954223633 0
vt 2.072999954223633 9
vt -0.25699999928474426 9
vt -0.25699999928474426 0
vt -0.11020000278949738 0
vt -0.25699999928474426 9
vt -0.11020000278949738 0
vt -0.11020000278949738 9
vt 9.652199745178223 11.150400161743164
vt 9.798999786376953 11.150400161743164
vt 9.798999786376953 20.150400161743164
vt 9.652199745178223 11.150400161743164
vt 9.798999786376953 20.150400161743164
vt 9.652199745178223 20.150400161743164
vt -2.072999954223633 0
vt -1.926200032234192 0
vt -1.926200032234192 9
vt -2.072999954223633 0
vt -1.926200032234192 9
vt -2.072999954223633 9
vt 14.911199569702148 11.150400161743164
vt 15.058099746704102 11.150400161743164
vt 15.058099746704102 20.150400161743164
vt 14.911199569702148 11.150400161743164
vt 15.058099746704102 20.150400161743164
vt 14.911199569702148 20.150400161743164
vt -2.0524001121520996 0
vt -1.9055999517440796 0
vt -1.9055999517440796 9
vt -2.0524001121520996 0
vt -1.9055999517440796 9
vt -2.0524001121520996 9
vt -1.7134000062942505 9
vt -1.7134000062942505 0
vt -1.566499948501587 0
vt -1.7134000062942505 9
vt -1.566499948501587 0
vt -1.566499948501587 9
vt 0.2667999863624573 0
vt 0.41359999775886536 0
vt 0.41359999775886536 9
vt 0.2667999863624573 0
vt 0.41359999775886536 9
vt 0.2667999863624573 9
vt -1.6172000169754028 0
vt -1.4702999591827393 0
vt -1.4702999591827393 9
vt -1.6172000169754028 0
vt -1.4702999591827393 9
vt -1.6172000169754028 9
vt -1.3574999570846558 9
vt -1.3574999570846558 0
vt -1.2107000350952148 0
vt -1.3574999570846558 9
vt -1.2107000350952148 0
vt -1.2107000350952148 9
vt -15.058099746704102 20.150400161743164
vt -15.058099746704102 11.150400161743164
vt -14.911199569702148 11.150400161743164
vt -15.058099746704102 20.150400161743164
vt -14.911199569702148 11.150400161743164
vt -14.911199569702148 20.150400161743164
vt 1.9055999517440796 9
vt 1.9055999517440796 0
vt 2.0524001121520996 0
vt 1.9055999517440796 9
vt 2.0524001121520996 0
vt 2.0524001121520996 9
vt -18.087099075317383 22.5625
vt -17.940200805664062 22.5625
vt -17.940200805664062 31.5625
vt -18.087099075317383 22.5625
vt -17.940200805664062 31.5625
vt -18.087099075317383 31.5625
vt -0.41359999775886536 0
vt -0.2667999863624573 0
vt -0.2667999863624573 9
vt -0.41359999775886536 0
vt -0.2667999863624573 9
vt -0.41359999775886536 9
vt -13.916500091552734 11.150400161743164
vt -13.769700050354004 11.150400161743164
vt -13.769700050354004 20.150400161743164
vt -13.916500091552734 11.150400161743164
vt -13.769700050354004 20.150400161743164
vt -13.916500091552734 20.150400161743164
vt 28.20170021057129 22.5625
vt 28.348600387573242 22.5625
vt 28.348600387573242 31.5625
vt 28.20170021057129 22.5625
vt 28.348600387573242 31.5625
vt 28.20170021057129 31.5625
vt -19.295900344848633 11.150400161743164
vt -19.149099349975586 11.150400161743164
vt -19.149099349975586 20.150400161743164
vt -19.295900344848633 11.150400161743164
vt -19.149099349975586 20.150400161743164
vt -19.295900344848633 20.150400161743164
vt 16.90089988708496 22.5625
vt 17.047700881958008 22.5625
vt 17.047700881958008 31.5625
vt 16.90089988708496 22.5625
vt 17.047700881958008 31.5625
vt 16.90089988708496 31.5625
vt 41.945499420166016 31.5625
vt 41.945499420166016 22.5625
vt 42.09239959716797 22.5625
vt 41.945499420166016 31.5625
vt 42.09239959716797 22.5625
vt 42.09239959716797 31.5625
vt 6.451099872589111 22.5625
vt 6.5980000495910645 22.5625
vt 6.5980000495910645 31.5625
vt 6.451099872589111 22.5625
vt 6.5980000495910645 31.5625
vt 6.451099872589111 31.5625
vt -17.047700881958008 22.5625
vt -16.90089988708496 22.5625
vt -16.90089988708496 31.5625
vt -17.047700881958008 22.5625
vt -16.90089988708496 31.5625
vt -17.047700881958008 31.5625
vt -45.322898864746094 22.5625
vt -45.17599868774414 22.5625
vt -45.17599868774414 31.5625
vt -45.322898864746094 22.5625
vt -45.17599868774414 31.5625
vt -45.322898864746094 31.5625
vt 45.322898864746094 31.5625
vt 45.322898864746094 22.5625
vt 45.46969985961914 22.5625
vt 45.322898864746094 31.5625
vt 45.46969985961914 22.5625
vt 45.46969985961914 31.5625
vt 36.53630065917969 31.5625
vt 36.53630065917969 22.5625
vt 36.68320083618164 22.5625
vt 36.53630065917969 31.5625
vt 36.68320083618164 22.5625
vt 36.68320083618164 31.5625
vt 5.3358001708984375 22.5625
vt 5.482600212097168 22.5625
vt 5.482600212097168 31.5625
vt 5.3358001708984375 22.5625
vt 5.482600212097168 31.5625
vt 5.3358001708984375 31.5625
vt -42.09239959716797 22.5625
vt -41.945499420166016 22.5625
vt -41.945499420166016 31.5625
vt -42.09239959716797 22.5625
vt -41.945499420166016 31.5625
vt -42.09239959716797 31.5625
vt 45.17599868774414 31.5625
vt 45.17599868774414 22.5625
vt 45.322898864746094 22.5625
vt 45.17599868774414 31.5625
vt 45.322898864746094 22.5625
vt 45.322898864746094 31.5625
vt 17.940200805664062 22.5625
vt 18.087099075317383 22.5625
vt 18.087099075317383 31.5625
vt 17.940200805664062 22.5625
vt 18.087099075317383 31.5625
vt 17.940200805664062 31.5625
vt -0.7682999968528748 9
vt -0.7682999968528748 0
vt -0.6215000152587891 0
vt -0.7682999968528748 9
vt -0.6215000152587891 0
vt -0.6215000152587891 9
vt 1.0853999853134155 9
vt 1.0853999853134155 0
vt 1.232200026512146 0
vt 1.0853999853134155 9
vt 1.232200026512146 0
vt 1.232200026512146 9
vt 1.2107000350952148 0
vt 1.3574999570846558 0
vt 1.3574999570846558 9
vt 1.2107000350952148 0
vt 1.3574999570846558 9
vt 1.2107000350952148 9
vt -1.8969000577926636 0
vt -1.750100016593933 0
vt -1.750100016593933 9
vt -1.8969000577926636 0
vt -1.750100016593933 9
vt -1.8969000577926636 9
vt -1.9573999643325806 0
vt -1.8106000423431396 0
vt -1.8106000423431396 9
vt -1.9573999643325806 0
vt -1.8106000423431396 9
vt -1.9573999643325806 9
vt 1.8106000423431396 9
vt 1.8106000423431396 0
vt 1.9573999643325806 0
vt 1.8106000423431396 9
vt 1.9573999643325806 0
vt 1.9573999643325806 9
vt 23.49530029296875 20.150400161743164
vt 23.49530029296875 11.150400161743164
vt 23.642099380493164 11.150400161743164
vt 23.49530029296875 20.150400161743164
vt 23.642099380493164 11.150400161743164
vt 23.642099380493164 20.150400161743164
vt -0.9142000079154968 0
vt -0.7682999968528748 0
vt -0.7682999968528748 9
vt -0.9142000079154968 0
vt -0.7682999968528748 9
vt -0.9142000079154968 9
vt 0.6215000152587891 0
vt 0.7674000263214111 0
vt 0.7674000263214111 9
vt 0.6215000152587891 0
vt 0.7674000263214111 9
vt 0.6215000152587891 9
vt -5.482600212097168 22.5625
vt -5.3358001708984375 22.5625
vt -5.3358001708984375 31.5625
vt -5.482600212097168 22.5625
vt -5.3358001708984375 31.5625
vt -5.482600212097168 31.5625
vt -9.798999786376953 11.150400161743164
vt -9.652199745178223 11.150400161743164
vt -9.652199745178223 20.150400161743164
vt -9.798999786376953 11.150400161743164
vt -9.652199745178223 20.150400161743164
vt -9.798999786376953 20.150400161743164
vt -3.87719988822937 11.150400161743164
vt -3.7304000854492188 11.150400161743164
vt -3.7304000854492188 20.150400161743164
vt -3.87719988822937 11.150400161743164
vt -3.7304000854492188 20.150400161743164
vt -3.87719988822937 20.150400161743164
vt -23.642099380493164 11.150400161743164
vt -23.49530029296875 11.150400161743164
vt -23.49530029296875 20.150400161743164
vt -23.642099380493164 11.150400161743164
vt -23.49530029296875 20.150400161743164
vt -23.642099380493164 20.150400161743164
vt -6.5980000495910645 22.5625
vt -6.451099872589111 22.5625
vt -6.451099872589111 31.5625
vt -6.5980000495910645 22.5625
vt -6.451099872589111 31.5625
vt -6.5980000495910645 31.5625
vt -36.68320083618164 22.5625
vt -36.53630065917969 22.5625
vt -36.53630065917969 31.5625
vt -36.68320083618164 22.5625
vt -36.53630065917969 31.5625
vt -36.68320083618164 31.5625
vt -42.52289962768555 22.5625
vt -42.375999450683594 22.5625
vt -42.375999450683594 31.5625
vt -42.52289962768555 22.5625
vt -42.375999450683594 31.5625
vt -42.52289962768555 31.5625
vn 0.7071067811865476 0 0.7071067811865476
vn 0.7071067811865476 0 0.7071067811865476
vn 0.865856935467199 0.010799463403234979 0.5001751082306604
vn 0.7071067811865476 0 0.7071067811865476
vn 0.865856935467199 0.010799463403234979 0.5001751082306604
vn 0.865856935467199 0.010799463403234979 0.5001751082306604
vn 0.865856935467199 0.010799463403234979 0.5001751082306604
vn 0.865856935467199 0.010799463403234979 0.5001751082306604
vn 0.9656227054565216 0.020900491039417046 0.259106079012321
vn 0.865856935467199 0.010799463403234979 0.5001751082306604
vn 0.9656227054565216 0.020900491039417046 0.259106079012321
vn 0.9656227054565216 0.020900491039417046 0.259106079012321
vn 0.259106079012321 -0.020900491039417046 0.9656227054565216
vn 0.259106079012321 -0.020900491039417046 0.9656227054565216
vn 0.5001751082306604 -0.010799463403234979 0.865856935467199
vn 0.259106079012321 -0.020900491039417046 0.9656227054565216
vn 0.5001751082306604 -0.010799463403234979 0.865856935467199
vn 0.5001751082306604 -0.010799463403234979 0.865856935467199
vn 0.9656227054565216 0.020900491039417046 0.259106079012321
vn 0.9656227054565216 0.020900491039417046 0.259106079012321
vn 0.9995617774822358 0.029598868370175564 0.00039998469747979596
vn 0.9656227054565216 0.020900491039417046 0.259106079012321
vn 0.9995617774822358 0.029598868370175564 0.00039998469747979596
vn 0.9995617774822358 0.029598868370175564 0.00039998469747979596
vn -0.5001751082306604 0.010799463403234979 -0.865856935467199
vn -0.7071067811865476 0 -0.7071067811865476
vn -0.7071067811865476 0 -0.7071067811865476
vn -0.5001751082306604 0.010799463403234979 -0.865856935467199
vn -0.7071067811865476 0 -0.7071067811865476
vn -0.5001751082306604 0.010799463403234979 -0.865856935467199
vn 0.9995617774822358 0.029598868370175564 0.00039998469747979596
vn 0.9653837112041715 0.03629938805990052 -0.258295653405429
vn 0.9653837112041715 0.03629938805990052 -0.258295653405429
vn 0.9995617774822358 0.029598868370175564 0.00039998469747979596
vn 0.9653837112041715 0.03629938805990052 -0.258295653405429
vn 0.9995617774822358 0.029598868370175564 0.00039998469747979596
vn -0.9656227054565216 -0.020900491039417046 -0.259106079012321
vn -0.9995617774822358 -0.029598868370175564 -0.00039998469747979596
vn -0.9995617774822358 -0.029598868370175564 -0.00039998469747979596
vn -0.9656227054565216 -0.020900491039417046 -0.259106079012321
vn -0.9995617774822358 -0.029598868370175564 -0.00039998469747979596
vn -0.9656227054565216 -0.020900491039417046 -0.259106079012321
vn 0.9995617774822358 0.029598868370175564 0.00039998469747979596
vn 0.9653837112041715 0.03629938805990052 -0.258295653405429
vn 0.9653837112041715 0.03629938805990052 -0.258295653405429
vn 0.9995617774822358 0.029598868370175564 0.00039998469747979596
vn 0.9653837112041715 0.03629938805990052 -0.258295653405429
vn 0.9995617774822358 0.029598868370175564 0.00039998469747979596
vn -0.865856935467199 -0.010799463403234979 -0.5001751082306604
vn -0.9656227054565216 -0.020900491039417046 -0.259106079012321
vn -0.9656227054565216 -0.020900491039417046 -0.259106079012321
vn -0.865856935467199 -0.010799463403234979 -0.5001751082306604
vn -0.9656227054565216 -0.020900491039417046 -0.259106079012321
vn -0.865856935467199 -0.010799463403234979 -0.5001751082306604
vn -0.9653837112041715 -0.03629938805990052 0.258295653405429
vn -0.9653837112041715 -0.03629938805990052 0.258295653405429
vn -0.865421782824721 -0.04040101456606246 0.49941255073787866
vn -0.9653837112041715 -0.03629938805990052 0.258295653405429
vn -0.865421782824721 -0.04040101456606246 0.49941255073787866
vn -0.865421782824721 -0.04040101456606246 0.49941255073787866
vn 0.258295653405429 0.03629938805990052 -0.9653837112041715
vn -0.00039998469747979596 0.029598868370175564 -0.9995617774822358
vn -0.00039998469747979596 0.029598868370175564 -0.9995617774822358
vn 0.258295653405429 0.03629938805990052 -0.9653837112041715
vn -0.00039998469747979596 0.029598868370175564 -0.9995617774822358
vn 0.258295653405429 0.03629938805990052 -0.9653837112041715
vn -0.7071067811865476 0 -0.7071067811865476
vn -0.865856935467199 -0.010799463403234979 -0.5001751082306604
vn -0.865856935467199 -0.010799463403234979 -0.5001751082306604
vn -0.7071067811865476 0 -0.7071067811865476
vn -0.865856935467199 -0.010799463403234979 -0.5001751082306604
vn -0.7071067811865476 0 -0.7071067811865476
vn 0.865856935467199 0.010799463403234979 0.5001751082306604
vn 0.865856935467199 0.010799463403234979 0.5001751082306604
vn 0.9656227054565216 0.020900491039417046 0.259106079012321
vn 0.865856935467199 0.010799463403234979 0.5001751082306604
vn 0.9656227054565216 0.020900491039417046 0.259106079012321
vn 0.9656227054565216 0.020900491039417046 0.259106079012321
vn 0.7071067811865476 0 0.7071067811865476
vn 0.7071067811865476 0 0.7071067811865476
vn 0.865856935467199 0.010799463403234979 0.5001751082306604
vn 0.7071067811865476 0 0.7071067811865476
vn 0.865856935467199 0.010799463403234979 0.5001751082306604
vn 0.865856935467199 0.010799463403234979 0.5001751082306604
vn -0.9995617774822358 -0.029598868370175564 -0.00039998469747979596
vn -0.9653837112041715 -0.03629938805990052 0.258295653405429
vn -0.9653837112041715 -0.03629938805990052 0.258295653405429
vn -0.9995617774822358 -0.029598868370175564 -0.00039998469747979596
vn -0.9653837112041715 -0.03629938805990052 0.258295653405429
vn -0.9995617774822358 -0.029598868370175564 -0.00039998469747979596
vn 0.9656227054565216 0.020900491039417046 0.259106079012321
vn 0.9656227054565216 0.020900491039417046 0.259106079012321
vn 0.9995617774822358 0.029598868370175564 0.00039998469747979596
vn 0.9656227054565216 0.020900491039417046 0.259106079012321
vn 0.9995617774822358 0.029598868370175564 0.00039998469747979596
vn 0.9995617774822358 0.029598868370175564 0.00039998469747979596
vn -0.259106079012321 0.020900491039417046 -0.9656227054565216
vn -0.5001751082306604 0.010799463403234979 -0.865856935467199
vn -0.5001751082306604 0.010799463403234979 -0.865856935467199
vn -0.259106079012321 0.020900491039417046 -0.9656227054565216
vn -0.5001751082306604 0.010799463403234979 -0.865856935467199
vn -0.259106079012321 0.020900491039417046 -0.9656227054565216
vn 0.259106079012321 -0.020900491039417046 0.9656227054565216
vn 0.259106079012321 -0.020900491039417046 0.9656227054565216
vn 0.5001751082306604 -0.010799463403234979 0.865856935467199
vn 0.259106079012321 -0.020900491039417046 0.9656227054565216
vn 0.5001751082306604 -0.010799463403234979 0.865856935467199
vn 0.5001751082306604 -0.010799463403234979 0.865856935467199
vn 0.865421782824721 0.04040101456606246 -0.49941255073787866
vn 0.7064858315144357 0.041899161551429365 -0.7064858315144357
vn 0.7064858315144357 0.041899161551429365 -0.7064858315144357
vn 0.865421782824721 0.04040101456606246 -0.49941255073787866
vn 0.7064858315144357 0.041899161551429365 -0.7064858315144357
vn 0.865421782824721 0.04040101456606246 -0.49941255073787866
vn -0.7064858315144357 -0.041899161551429365 0.7064858315144357
vn -0.49941255073787866 -0.04040101456606246 0.865421782824721
vn -0.49941255073787866 -0.04040101456606246 0.865421782824721
vn -0.7064858315144357 -0.041899161551429365 0.7064858315144357
vn -0.49941255073787866 -0.04040101456606246 0.865421782824721
vn -0.7064858315144357 -0.041899161551429365 0.7064858315144357
vn 0.9653837112041715 0.03629938805990052 -0.258295653405429
vn 0.865421782824721 0.04040101456606246 -0.49941255073787866
vn 0.865421782824721 0.04040101456606246 -0.49941255073787866
vn 0.9653837112041715 0.03629938805990052 -0.258295653405429
vn 0.865421782824721 0.04040101456606246 -0.49941255073787866
vn 0.9653837112041715 0.03629938805990052 -0.258295653405429
vn 0.00039998469747979596 -0.029598868370175564 0.9995617774822358
vn 0.00039998469747979596 -0.029598868370175564 0.9995617774822358
vn 0.259106079012321 -0.020900491039417046 0.9656227054565216
vn 0.00039998469747979596 -0.029598868370175564 0.9995617774822358
vn 0.259106079012321 -0.020900491039417046 0.9656227054565216
vn 0.259106079012321 -0.020900491039417046 0.9656227054565216
vn -0.865421782824721 -0.04040101456606246 0.49941255073787866
vn -0.7064858315144357 -0.041899161551429365 0.7064858315144357
vn -0.7064858315144357 -0.041899161551429365 0.7064858315144357
vn -0.865421782824721 -0.04040101456606246 0.49941255073787866
vn -0.7064858315144357 -0.041899161551429365 0.7064858315144357
vn -0.865421782824721 -0.04040101456606246 0.49941255073787866
vn -0.7064858315144357 -0.041899161551429365 0.7064858315144357
vn -0.49941255073787866 -0.04040101456606246 0.865421782824721
vn -0.49941255073787866 -0.04040101456606246 0.865421782824721
vn -0.7064858315144357 -0.041899161551429365 0.7064858315144357
vn -0.49941255073787866 -0.04040101456606246 0.865421782824721
vn -0.7064858315144357 -0.041899161551429365 0.7064858315144357
vn -0.9656227054565216 -0.020900491039417046 -0.259106079012321
vn -0.9995617774822358 -0.029598868370175564 -0.00039998469747979596
vn -0.9995617774822358 -0.029598868370175564 -0.00039998469747979596
vn -0.9656227054565216 -0.020900491039417046 -0.259106079012321
vn -0.9995617774822358 -0.029598868370175564 -0.00039998469747979596
vn -0.9656227054565216 -0.020900491039417046 -0.259106079012321
vn 0.9653837112041715 0.03629938805990052 -0.258295653405429
vn 0.865421782824721 0.04040101456606246 -0.49941255073787866
vn 0.865421782824721 0.04040101456606246 -0.49941255073787866
vn 0.9653837112041715 0.03629938805990052 -0.258295653405429
vn 0.865421782824721 0.04040101456606246 -0.49941255073787866
vn 0.9653837112041715 0.03629938805990052 -0.258295653405429
vn -0.258295653405429 -0.03629938805990052 0.9653837112041715
vn 0.00039998469747979596 -0.029598868370175564 0.9995617774822358
vn 0.00039998469747979596 -0.029598868370175564 0.9995617774822358
vn -0.258295653405429 -0.03629938805990052 0.9653837112041715
vn 0.00039998469747979596 -0.029598868370175564 0.9995617774822358
vn -0.258295653405429 -0.03629938805990052 0.9653837112041715
vn -0.9656227054565216 -0.020900491039417046 -0.259106079012321
vn -0.9995617774822358 -0.029598868370175564 -0.00039998469747979596
vn -0.9995617774822358 -0.029598868370175564 -0.00039998469747979596
vn -0.9656227054565216 -0.020900491039417046 -0.259106079012321
vn -0.9995617774822358 -0.029598868370175564 -0.00039998469747979596
vn -0.9656227054565216 -0.020900491039417046 -0.259106079012321
vn 0.259106079012321 -0.020900491039417046 0.9656227054565216
vn 0.259106079012321 -0.020900491039417046 0.9656227054565216
vn 0.5001751082306604 -0.010799463403234979 0.865856935467199
vn 0.259106079012321 -0.020900491039417046 0.9656227054565216
vn 0.5001751082306604 -0.010799463403234979 0.865856935467199
vn 0.5001751082306604 -0.010799463403234979 0.865856935467199
vn -0.9653837112041715 -0.03629938805990052 0.258295653405429
vn -0.9653837112041715 -0.03629938805990052 0.258295653405429
vn -0.865421782824721 -0.04040101456606246 0.49941255073787866
vn -0.9653837112041715 -0.03629938805990052 0.258295653405429
vn -0.865421782824721 -0.04040101456606246 0.49941255073787866
vn -0.865421782824721 -0.04040101456606246 0.49941255073787866
vn -0.49941255073787866 -0.04040101456606246 0.865421782824721
vn -0.258295653405429 -0.03629938805990052 0.9653837112041715
vn -0.258295653405429 -0.03629938805990052 0.9653837112041715
vn -0.49941255073787866 -0.04040101456606246 0.865421782824721
vn -0.258295653405429 -0.03629938805990052 0.9653837112041715
vn -0.49941255073787866 -0.04040101456606246 0.865421782824721
vn -0.259106079012321 0.020900491039417046 -0.9656227054565216
vn -0.5001751082306604 0.010799463403234979 -0.865856935467199
vn -0.5001751082306604 0.010799463403234979 -0.865856935467199
vn -0.259106079012321 0.020900491039417046 -0.9656227054565216
vn -0.5001751082306604 0.010799463403234979 -0.865856935467199
vn -0.259106079012321 0.020900491039417046 -0.9656227054565216
vn -0.258295653405429 -0.03629938805990052 0.9653837112041715
vn 0.00039998469747979596 -0.029598868370175564 0.9995617774822358
vn 0.00039998469747979596 -0.029598868370175564 0.9995617774822358
vn -0.258295653405429 -0.03629938805990052 0.9653837112041715
vn 0.00039998469747979596 -0.029598868370175564 0.9995617774822358
vn -0.258295653405429 -0.03629938805990052 0.9653837112041715
vn -0.5001751082306604 0.010799463403234979 -0.865856935467199
vn -0.7071067811865476 0 -0.7071067811865476
vn -0.7071067811865476 0 -0.7071067811865476
vn -0.5001751082306604 0.010799463403234979 -0.865856935467199
vn -0.7071067811865476 0 -0.7071067811865476
vn -0.5001751082306604 0.010799463403234979 -0.865856935467199
vn 0.258295653405429 0.03629938805990052 -0.9653837112041715
vn 0.258295653405429 0.03629938805990052 -0.9653837112041715
vn -0.00039998469747979596 0.029598868370175564 -0.9995617774822358
vn 0.258295653405429 0.03629938805990052 -0.9653837112041715
vn -0.00039998469747979596 0.029598868370175564 -0.9995617774822358
vn -0.00039998469747979596 0.029598868370175564 -0.9995617774822358
vn -0.865421782824721 -0.04040101456606246 0.49941255073787866
vn -0.7064858315144357 -0.041899161551429365 0.7064858315144357
vn -0.7064858315144357 -0.041899161551429365 0.7064858315144357
vn -0.865421782824721 -0.04040101456606246 0.49941255073787866
vn -0.7064858315144357 -0.041899161551429365 0.7064858315144357
vn -0.865421782824721 -0.04040101456606246 0.49941255073787866
vn -0.865856935467199 -0.010799463403234979 -0.5001751082306604
vn -0.9656227054565216 -0.020900491039417046 -0.259106079012321
vn -0.9656227054565216 -0.020900491039417046 -0.259106079012321
vn -0.865856935467199 -0.010799463403234979 -0.5001751082306604
vn -0.9656227054565216 -0.020900491039417046 -0.259106079012321
vn -0.865856935467199 -0.010799463403234979 -0.5001751082306604
vn 0.49941255073787866 0.04040101456606246 -0.865421782824721
vn 0.49941255073787866 0.04040101456606246 -0.865421782824721
vn 0.258295653405429 0.03629938805990052 -0.9653837112041715
vn 0.49941255073787866 0.04040101456606246 -0.865421782824721
vn 0.258295653405429 0.03629938805990052 -0.9653837112041715
vn 0.258295653405429 0.03629938805990052 -0.9653837112041715
vn 0.258295653405429 0.03629938805990052 -0.9653837112041715
vn 0.258295653405429 0.03629938805990052 -0.9653837112041715
vn -0.00039998469747979596 0.029598868370175564 -0.9995617774822358
vn 0.258295653405429 0.03629938805990052 -0.9653837112041715
vn -0.00039998469747979596 0.029598868370175564 -0.9995617774822358
vn -0.00039998469747979596 0.029598868370175564 -0.9995617774822358
vn 0.5001751082306604 -0.010799463403234979 0.865856935467199
vn 0.5001751082306604 -0.010799463403234979 0.865856935467199
vn 0.7071067811865476 0 0.7071067811865476
vn 0.5001751082306604 -0.010799463403234979 0.865856935467199
vn 0.7071067811865476 0 0.7071067811865476
vn 0.7071067811865476 0 0.7071067811865476
vn 0.49941255073787866 0.04040101456606246 -0.865421782824721
vn 0.258295653405429 0.03629938805990052 -0.9653837112041715
vn 0.258295653405429 0.03629938805990052 -0.9653837112041715
vn 0.49941255073787866 0.04040101456606246 -0.865421782824721
vn 0.258295653405429 0.03629938805990052 -0.9653837112041715
vn 0.49941255073787866 0.04040101456606246 -0.865421782824721
vn 0.865421782824721 0.04040101456606246 -0.49941255073787866
vn 0.7064858315144357 0.041899161551429365 -0.7064858315144357
vn 0.7064858315144357 0.041899161551429365 -0.7064858315144357
vn 0.865421782824721 0.04040101456606246 -0.49941255073787866
vn 0.7064858315144357 0.041899161551429365 -0.7064858315144357
vn 0.865421782824721 0.04040101456606246 -0.49941255073787866
vn -0.9995617774822358 -0.029598868370175564 -0.00039998469747979596
vn -0.9653837112041715 -0.03629938805990052 0.258295653405429
vn -0.9653837112041715 -0.03629938805990052 0.258295653405429
vn -0.9995617774822358 -0.029598868370175564 -0.00039998469747979596
vn -0.9653837112041715 -0.03629938805990052 0.258295653405429
vn -0.9995617774822358 -0.029598868370175564 -0.00039998469747979596
vn -0.258295653405429 -0.03629938805990052 0.9653837112041715
vn 0.00039998469747979596 -0.029598868370175564 0.9995617774822358
vn 0.00039998469747979596 -0.029598868370175564 0.9995617774822358
vn -0.258295653405429 -0.03629938805990052 0.9653837112041715
vn 0.00039998469747979596 -0.029598868370175564 0.9995617774822358
vn -0.258295653405429 -0.03629938805990052 0.9653837112041715
vn -0.00039998469747979596 0.029598868370175564 -0.9995617774822358
vn -0.259106079012321 0.020900491039417046 -0.9656227054565216
vn -0.259106079012321 0.020900491039417046 -0.9656227054565216
vn -0.00039998469747979596 0.029598868370175564 -0.9995617774822358
vn -0.259106079012321 0.020900491039417046 -0.9656227054565216
vn -0.00039998469747979596 0.029598868370175564 -0.9995617774822358
vn 0.9653837112041715 0.03629938805990052 -0.258295653405429
vn 0.865421782824721 0.04040101456606246 -0.49941255073787866
vn 0.865421782824721 0.04040101456606246 -0.49941255073787866
vn 0.9653837112041715 0.03629938805990052 -0.258295653405429
vn 0.865421782824721 0.04040101456606246 -0.49941255073787866
vn 0.9653837112041715 0.03629938805990052 -0.258295653405429
vn 0.865856935467199 0.010799463403234979 0.5001751082306604
vn 0.865856935467199 0.010799463403234979 0.5001751082306604
vn 0.9656227054565216 0.020900491039417046 0.259106079012321
vn 0.865856935467199 0.010799463403234979 0.5001751082306604
vn 0.9656227054565216 0.020900491039417046 0.259106079012321
vn 0.9656227054565216 0.020900491039417046 0.259106079012321
vn -0.7064858315144357 -0.041899161551429365 0.7064858315144357
vn -0.49941255073787866 -0.04040101456606246 0.865421782824721
vn -0.49941255073787866 -0.04040101456606246 0.865421782824721
vn -0.7064858315144357 -0.041899161551429365 0.7064858315144357
vn -0.49941255073787866 -0.04040101456606246 0.865421782824721
vn -0.7064858315144357 -0.041899161551429365 0.7064858315144357
vn -0.9653837112041715 -0.03629938805990052 0.258295653405429
vn -0.865421782824721 -0.04040101456606246 0.49941255073787866
vn -0.865421782824721 -0.04040101456606246 0.49941255073787866
vn -0.9653837112041715 -0.03629938805990052 0.258295653405429
vn -0.865421782824721 -0.04040101456606246 0.49941255073787866
vn -0.9653837112041715 -0.03629938805990052 0.258295653405429
vn -0.7071067811865476 0 -0.7071067811865476
vn -0.865856935467199 -0.010799463403234979 -0.5001751082306604
vn -0.865856935467199 -0.010799463403234979 -0.5001751082306604
vn -0.7071067811865476 0 -0.7071067811865476
vn -0.865856935467199 -0.010799463403234979 -0.5001751082306604
vn -0.7071067811865476 0 -0.7071067811865476
vn 0.5001751082306604 -0.010799463403234979 0.865856935467199
vn 0.5001751082306604 -0.010799463403234979 0.865856935467199
vn 0.7071067811865476 0 0.7071067811865476
vn 0.5001751082306604 -0.010799463403234979 0.865856935467199
vn 0.7071067811865476 0 0.7071067811865476
vn 0.7071067811865476 0 0.7071067811865476
vn 0.00039998469747979596 -0.029598868370175564 0.9995617774822358
vn 0.00039998469747979596 -0.029598868370175564 0.9995617774822358
vn 0.259106079012321 -0.020900491039417046 0.9656227054565216
vn 0.00039998469747979596 -0.029598868370175564 0.9995617774822358
vn 0.259106079012321 -0.020900491039417046 0.9656227054565216
vn 0.259106079012321 -0.020900491039417046 0.9656227054565216
vn 0.865421782824721 0.04040101456606246 -0.49941255073787866
vn 0.7064858315144357 0.041899161551429365 -0.7064858315144357
vn 0.7064858315144357 0.041899161551429365 -0.7064858315144357
vn 0.865421782824721 0.04040101456606246 -0.49941255073787866
vn 0.7064858315144357 0.041899161551429365 -0.7064858315144357
vn 0.865421782824721 0.04040101456606246 -0.49941255073787866
vn -0.865856935467199 -0.010799463403234979 -0.5001751082306604
vn -0.9656227054565216 -0.020900491039417046 -0.259106079012321
vn -0.9656227054565216 -0.020900491039417046 -0.259106079012321
vn -0.865856935467199 -0.010799463403234979 -0.5001751082306604
vn -0.9656227054565216 -0.020900491039417046 -0.259106079012321
vn -0.865856935467199 -0.010799463403234979 -0.5001751082306604
vn 0.7071067811865476 0 0.7071067811865476
vn 0.7071067811865476 0 0.7071067811865476
vn 0.865856935467199 0.010799463403234979 0.5001751082306604
vn 0.7071067811865476 0 0.7071067811865476
vn 0.865856935467199 0.010799463403234979 0.5001751082306604
vn 0.865856935467199 0.010799463403234979 0.5001751082306604
vn -0.49941255073787866 -0.04040101456606246 0.865421782824721
vn -0.258295653405429 -0.03629938805990052 0.9653837112041715
vn -0.258295653405429 -0.03629938805990052 0.9653837112041715
vn -0.49941255073787866 -0.04040101456606246 0.865421782824721
vn -0.258295653405429 -0.03629938805990052 0.9653837112041715
vn -0.49941255073787866 -0.04040101456606246 0.865421782824721
vn -0.9995617774822358 -0.029598868370175564 -0.00039998469747979596
vn -0.9995617774822358 -0.029598868370175564 -0.00039998469747979596
vn -0.9653837112041715 -0.03629938805990052 0.258295653405429
vn -0.9995617774822358 -0.029598868370175564 -0.00039998469747979596
vn -0.9653837112041715 -0.03629938805990052 0.258295653405429
vn -0.9653837112041715 -0.03629938805990052 0.258295653405429
vn 0.9656227054565216 0.020900491039417046 0.259106079012321
vn 0.9656227054565216 0.020900491039417046 0.259106079012321
vn 0.9995617774822358 0.029598868370175564 0.00039998469747979596
vn 0.9656227054565216 0.020900491039417046 0.259106079012321
vn 0.9995617774822358 0.029598868370175564 0.00039998469747979596
vn 0.9995617774822358 0.029598868370175564 0.00039998469747979596
vn -0.49941255073787866 -0.04040101456606246 0.865421782824721
vn -0.258295653405429 -0.03629938805990052 0.9653837112041715
vn -0.258295653405429 -0.03629938805990052 0.9653837112041715
vn -0.49941255073787866 -0.04040101456606246 0.865421782824721
vn -0.258295653405429 -0.03629938805990052 0.9653837112041715
vn -0.49941255073787866 -0.04040101456606246 0.865421782824721
vn -0.7071067811865476 0 -0.7071067811865476
vn -0.865856935467199 -0.010799463403234979 -0.5001751082306604
vn -0.865856935467199 -0.010799463403234979 -0.5001751082306604
vn -0.7071067811865476 0 -0.7071067811865476
vn -0.865856935467199 -0.010799463403234979 -0.5001751082306604
vn -0.7071067811865476 0 -0.7071067811865476
vn -0.00039998469747979596 0.029598868370175564 -0.9995617774822358
vn -0.259106079012321 0.020900491039417046 -0.9656227054565216
vn -0.259106079012321 0.020900491039417046 -0.9656227054565216
vn -0.00039998469747979596 0.029598868370175564 -0.9995617774822358
vn -0.259106079012321 0.020900491039417046 -0.9656227054565216
vn -0.00039998469747979596 0.029598868370175564 -0.9995617774822358
vn 0.00039998469747979596 -0.029598868370175564 0.9995617774822358
vn 0.00039998469747979596 -0.029598868370175564 0.9995617774822358
vn 0.259106079012321 -0.020900491039417046 0.9656227054565216
vn 0.00039998469747979596 -0.029598868370175564 0.9995617774822358
vn 0.259106079012321 -0.020900491039417046 0.9656227054565216
vn 0.259106079012321 -0.020900491039417046 0.9656227054565216
vn 0.5001751082306604 -0.010799463403234979 0.865856935467199
vn 0.5001751082306604 -0.010799463403234979 0.865856935467199
vn 0.7071067811865476 0 0.7071067811865476
vn 0.5001751082306604 -0.010799463403234979 0.865856935467199
vn 0.7071067811865476 0 0.7071067811865476
vn 0.7071067811865476 0 0.7071067811865476
vn 0.7064858315144357 0.041899161551429365 -0.7064858315144357
vn 0.49941255073787866 0.04040101456606246 -0.865421782824721
vn 0.49941255073787866 0.04040101456606246 -0.865421782824721
vn 0.7064858315144357 0.041899161551429365 -0.7064858315144357
vn 0.49941255073787866 0.04040101456606246 -0.865421782824721
vn 0.7064858315144357 0.041899161551429365 -0.7064858315144357
vn 0.9995617774822358 0.029598868370175564 0.00039998469747979596
vn 0.9653837112041715 0.03629938805990052 -0.258295653405429
vn 0.9653837112041715 0.03629938805990052 -0.258295653405429
vn 0.9995617774822358 0.029598868370175564 0.00039998469747979596
vn 0.9653837112041715 0.03629938805990052 -0.258295653405429
vn 0.9995617774822358 0.029598868370175564 0.00039998469747979596
vn -0.865421782824721 -0.04040101456606246 0.49941255073787866
vn -0.7064858315144357 -0.041899161551429365 0.7064858315144357
vn -0.7064858315144357 -0.041899161551429365 0.7064858315144357
vn -0.865421782824721 -0.04040101456606246 0.49941255073787866
vn -0.7064858315144357 -0.041899161551429365 0.7064858315144357
vn -0.865421782824721 -0.04040101456606246 0.49941255073787866
vn 0.49941255073787866 0.04040101456606246 -0.865421782824721
vn 0.258295653405429 0.03629938805990052 -0.9653837112041715
vn 0.258295653405429 0.03629938805990052 -0.9653837112041715
vn 0.49941255073787866 0.04040101456606246 -0.865421782824721
vn 0.258295653405429 0.03629938805990052 -0.9653837112041715
vn 0.49941255073787866 0.04040101456606246 -0.865421782824721
vn 0.7064858315144357 0.041899161551429365 -0.7064858315144357
vn 0.49941255073787866 0.04040101456606246 -0.865421782824721
vn 0.49941255073787866 0.04040101456606246 -0.865421782824721
vn 0.7064858315144357 0.041899161551429365 -0.7064858315144357
vn 0.49941255073787866 0.04040101456606246 -0.865421782824721
vn 0.7064858315144357 0.041899161551429365 -0.7064858315144357
vn -0.5001751082306604 0.010799463403234979 -0.865856935467199
vn -0.7071067811865476 0 -0.7071067811865476
vn -0.7071067811865476 0 -0.7071067811865476
vn -0.5001751082306604 0.010799463403234979 -0.865856935467199
vn -0.7071067811865476 0 -0.7071067811865476
vn -0.5001751082306604 0.010799463403234979 -0.865856935467199
vn 0.7064858315144357 0.041899161551429365 -0.7064858315144357
vn 0.49941255073787866 0.04040101456606246 -0.865421782824721
vn 0.49941255073787866 0.04040101456606246 -0.865421782824721
vn 0.7064858315144357 0.041899161551429365 -0.7064858315144357
vn 0.49941255073787866 0.04040101456606246 -0.865421782824721
vn 0.7064858315144357 0.041899161551429365 -0.7064858315144357
vn -0.00039998469747979596 0.029598868370175564 -0.9995617774822358
vn -0.259106079012321 0.020900491039417046 -0.9656227054565216
vn -0.259106079012321 0.020900491039417046 -0.9656227054565216
vn -0.00039998469747979596 0.029598868370175564 -0.9995617774822358
vn -0.259106079012321 0.020900491039417046 -0.9656227054565216
vn -0.00039998469747979596 0.029598868370175564 -0.9995617774822358
vn -0.259106079012321 0.020900491039417046 -0.9656227054565216
vn -0.5001751082306604 0.010799463403234979 -0.865856935467199
vn -0.5001751082306604 0.010799463403234979 -0.865856935467199
vn -0.259106079012321 0.020900491039417046 -0.9656227054565216
vn -0.5001751082306604 0.010799463403234979 -0.865856935467199
vn -0.259106079012321 0.020900491039417046 -0.9656227054565216
f 211/211/211 212/212/212 213/213/213
f 214/214/214 215/215/215 216/216/216
f 217/217/217 218/218/218 219/219/219
f 220/220/220 221/221/221 222/222/222
f 223/223/223 224/224/224 225/225/225
f 226/226/226 227/227/227 228/228/228
f 229/229/229 230/230/230 231/231/231
f 232/232/232 233/233/233 234/234/234
f 235/235/235 236/236/236 237/237/237
f 238/238/238 239/239/239 240/240/240
f 241/241/241 242/242/242 243/243/243
f 244/244/244 245/245/245 246/246/246
f 247/247/247 248/248/248 249/249/249
f 250/250/250 251/251/251 252/252/252
f 253/253/253 254/254/254 255/255/255
f 256/256/256 257/257/257 258/258/258
f 259/259/259 260/260/260 261/261/261
f 262/262/262 263/263/263 264/264/264
f 265/265/265 266/266/266 267/267/267
f 268/268/268 269/269/269 270/270/270
f 271/271/271 272/272/272 273/273/273
f 274/274/274 275/275/275 276/276/276
f 277/277/277 278/278/278 279/279/279
f 280/280/280 281/281/281 282/282/282
f 283/283/283 284/284/284 285/285/285
f 286/286/286 287/287/287 288/288/288
f 289/289/289 290/290/290 291/291/291
f 292/292/292 293/293/293 294/294/294
f 295/295/295 296/296/296 297/297/297
f 298/298/298 299/299/299 300/300/300
f 301/301/301 302/302/302 303/303/303
f 304/304/304 305/305/305 306/306/306
f 307/307/307 308/308/308 309/309/309
f 310/310/310 311/311/311 312/312/312
f 313/313/313 314/314/314 315/315/315
f 316/316/316 317/317/317 318/318/318
f 319/319/319 320/320/320 321/321/321
f 322/322/322 323/323/323 324/324/324
f 325/325/325 326/326/326 327/327/327
f 328/328/328 329/329/329 330/330/330
f 331/331/331 332/332/332 333/333/333
f 334/334/334 335/335/335 336/336/336
f 337/337/337 338/338/338 339/339/339
f 340/340/340 341/341/341 342/342/342
f 343/343/343 344/344/344 345/345/345
f 346/346/346 347/347/347 348/348/348
f 349/349/349 350/350/350 351/351/351
f 352/352/352 353/353/353 354/354/354
f 355/355/355 356/356/356 357/357/357
f 358/358/358 359/359/359 360/360/360
f 361/361/361 362/362/362 363/363/363
f 364/364/364 365/365/365 366/366/366
f 367/367/367 368/368/368 369/369/369
f 370/370/370 371/371/371 372/372/372
f 373/373/373 374/374/374 375/375/375
f 376/376/376 377/377/377 378/378/378
f 379/379/379 380/380/380 381/381/381
f 382/382/382 383/383/383 384/384/384
f 385/385/385 386/386/386 387/387/387
f 388/388/388 389/389/389 390/390/390
f 391/391/391 392/392/392 393/393/393
f 394/394/394 395/395/395 396/396/396
f 397/397/397 398/398/398 399/399/399
f 400/400/400 401/401/401 402/402/402
f 403/403/403 404/404/404 405/405/405
f 406/406/406 407/407/407 408/408/408
f 409/409/409 410/410/410 411/411/411
f 412/412/412 413/413/413 414/414/414
f 415/415/415 416/416/416 417/417/417
f 418/418/418 419/419/419 420/420/420
f 421/421/421 422/422/422 423/423/423
f 424/424/424 425/425/425 426/426/426
f 427/427/427 428/428/428 429/429/429
f 430/430/430 431/431/431 432/432/432
f 433/433/433 434/434/434 435/435/435
f 436/436/436 437/437/437 438/438/438
f 439/439/439 440/440/440 441/441/441
f 442/442/442 443/443/443 444/444/444
f 445/445/445 446/446/446 447/447/447
f 448/448/448 449/449/449 450/450/450
f 451/451/451 452/452/452 453/453/453
f 454/454/454 455/455/455 456/456/456
f 457/457/457 458/458/458 459/459/459
f 460/460/460 461/461/461 462/462/462
f 463/463/463 464/464/464 465/465/465
f 466/466/466 467/467/467 468/468/468
f 469/469/469 470/470/470 471/471/471
f 472/472/472 473/473/473 474/474/474
f 475/475/475 476/476/476 477/477/477
f 478/478/478 479/479/479 480/480/480
f 481/481/481 482/482/482 483/483/483
f 484/484/484 485/485/485 486/486/486
f 487/487/487 488/488/488 489/489/489
f 490/490/490 491/491/491 492/492/492
f 493/493/493 494/494/494 495/495/495
f 496/496/496 497/497/497 498/498/498
f 499/499/499 500/500/500 501/501/501
f 502/502/502 503/503/503 504/504/504
f 505/505/505 506/506/506 507/507/507
f 508/508/508 509/509/509 510/510/510
f 511/511/511 512/512/512 513/513/513
f 514/514/514 515/515/515 516/516/516
f 517/517/517 518/518/518 519/519/519
f 520/520/520 521/521/521 522/522/522
f 523/523/523 524/524/524 525/525/525
f 526/526/526 527/527/527 528/528/528
f 529/529/529 530/530/530 531/531/531
f 532/532/532 533/533/533 534/534/534
f 535/535/535 536/536/536 537/537/537
f 538/538/538 539/539/539 540/540/540
f 541/541/541 542/542/542 543/543/543
f 544/544/544 545/545/545 546/546/546
f 547/547/547 548/548/548 549/549/549
f 550/550/550 551/551/551 552/552/552
f 553/553/553 554/554/554 555/555/555
f 556/556/556 557/557/557 558/558/558
f 559/559/559 560/560/560 561/561/561
f 562/562/562 563/563/563 564/564/564
f 565/565/565 566/566/566 567/567/567
f 568/568/568 569/569/569 570/570/570
f 571/571/571 572/572/572 573/573/573
f 574/574/574 575/575/575 576/576/576
f 577/577/577 578/578/578 579/579/579
f 580/580/580 581/581/581 582/582/582
f 583/583/583 584/584/584 585/585/585
f 586/586/586 587/587/587 588/588/588
f 589/589/589 590/590/590 591/591/591
f 592/592/592 593/593/593 594/594/594
f 595/595/595 596/596/596 597/597/597
f 598/598/598 599/599/599 600/600/600
f 601/601/601 602/602/602 603/603/603
f 604/604/604 605/605/605 606/606/606
f 607/607/607 608/608/608 609/609/609
f 610/610/610 611/611/611 612/612/612
f 613/613/613 614/614/614 615/615/615
f 616/616/616 617/617/617 618/618/618
f 619/619/619 620/620/620 621/621/621
f 622/622/622 623/623/623 624/624/624
f 625/625/625 626/626/626 627/627/627
f 628/628/628 629/629/629 630/630/630
f 631/631/631 632/632/632 633/633/633
f 634/634/634 635/635/635 636/636/636
f 637/637/637 638/638/638 639/639/639
f 640/640/640 641/641/641 642/642/642
o Group_383
usemtl wire_229166215
v -4821.13330078125 2931.911376953125 3455.5361328125
v -4817.27880859375 2934.87646484375 3461.804931640625
v -7247.6318359375 1023.5847778320312 5892.158203125
v -4821.13330078125 2931.911376953125 3455.5361328125
v -7247.6318359375 1023.5847778320312 5892.158203125
v -7251.4873046875 1020.61962890625 5885.8896484375
v -7247.60107421875 1049.28955078125 5913.115234375
v -4817.24755859375 2960.581298828125 3482.76171875
v -4821.08984375 2968.26318359375 3485.17333984375
v -7247.60107421875 1049.28955078125 5913.115234375
v -4821.08984375 2968.26318359375 3485.17333984375
v -7251.443359375 1056.9716796875 5915.52685546875
v -4838.20458984375 2986.285888671875 3482.730712890625
v -4844.47314453125 2989.251220703125 3478.875732421875
v -7274.82666015625 1077.95947265625 5909.2294921875
v -4838.20458984375 2986.285888671875 3482.730712890625
v -7274.82666015625 1077.95947265625 5909.2294921875
v -7268.5576171875 1074.9942626953125 5913.083984375
v -7291.98828125 1056.9716796875 5874.9814453125
v -7289.57666015625 1049.28955078125 5871.1396484375
v -7285.734375 1041.607421875 5868.7275390625
v -7291.98828125 1056.9716796875 5874.9814453125
v -7285.734375 1041.607421875 5868.7275390625
v -7280.72412109375 1034.448974609375 5867.91064453125
v -7292.8056640625 1064.1302490234375 5879.9921875
v -7291.98828125 1056.9716796875 5874.9814453125
v -7280.72412109375 1034.448974609375 5867.91064453125
v -7292.8056640625 1064.1302490234375 5879.9921875
v -7280.72412109375 1034.448974609375 5867.91064453125
v -7274.88671875 1028.3017578125 5868.744140625
v -7291.97265625 1070.27734375 5885.830078125
v -7292.8056640625 1064.1302490234375 5879.9921875
v -7274.88671875 1028.3017578125 5868.744140625
v -7291.97265625 1070.27734375 5885.830078125
v -7274.88671875 1028.3017578125 5868.744140625
v -7268.6201171875 1023.5847778320312 5871.1708984375
v -7289.5458984375 1074.9942626953125 5892.0966796875
v -7291.97265625 1070.27734375 5885.830078125
v -7268.6201171875 1023.5847778320312 5871.1708984375
v -7289.5458984375 1074.9942626953125 5892.0966796875
v -7268.6201171875 1023.5847778320312 5871.1708984375
v -7262.35107421875 1020.61962890625 5875.025390625
v -7285.69091796875 1077.95947265625 5898.365234375
v -7289.5458984375 1074.9942626953125 5892.0966796875
v -7262.35107421875 1020.61962890625 5875.025390625
v -7285.69091796875 1077.95947265625 5898.365234375
v -7262.35107421875 1020.61962890625 5875.025390625
v -7256.50732421875 1019.6082763671875 5880.0458984375
v -7280.67041015625 1078.9708251953125 5904.208984375
v -7285.69091796875 1077.95947265625 5898.365234375
v -7256.50732421875 1019.6082763671875 5880.0458984375
v -7280.67041015625 1078.9708251953125 5904.208984375
v -7256.50732421875 1019.6082763671875 5880.0458984375
v -7251.4873046875 1020.61962890625 5885.8896484375
v -7274.82666015625 1077.95947265625 5909.2294921875
v -7280.67041015625 1078.9708251953125 5904.208984375
v -7251.4873046875 1020.61962890625 5885.8896484375
v -7274.82666015625 1077.95947265625 5909.2294921875
v -7251.4873046875 1020.61962890625 5885.8896484375
v -7247.6318359375 1023.5847778320312 5892.158203125
v -7268.5576171875 1074.9942626953125 5913.083984375
v -7274.82666015625 1077.95947265625 5909.2294921875
v -7247.6318359375 1023.5847778320312 5892.158203125
v -7268.5576171875 1074.9942626953125 5913.083984375
v -7247.6318359375 1023.5847778320312 5892.158203125
v -7245.205078125 1028.3017578125 5898.4248046875
v -7262.291015625 1070.27734375 5915.5107421875
v -7268.5576171875 1074.9942626953125 5913.083984375
v -7245.205078125 1028.3017578125 5898.4248046875
v -7262.291015625 1070.27734375 5915.5107421875
v -7245.205078125 1028.3017578125 5898.4248046875
v -7244.3720703125 1034.448974609375 5904.2626953125
v -7256.4541015625 1064.1302490234375 5916.34375
v -7262.291015625 1070.27734375 5915.5107421875
v -7244.3720703125 1034.448974609375 5904.2626953125
v -7256.4541015625 1064.1302490234375 5916.34375
v -7244.3720703125 1034.448974609375 5904.2626953125
v -7245.189453125 1041.607421875 5909.27294921875
v -7251.443359375 1056.9716796875 5915.52685546875
v -7256.4541015625 1064.1302490234375 5916.34375
v -7245.189453125 1041.607421875 5909.27294921875
v -7251.443359375 1056.9716796875 5915.52685546875
v -7245.189453125 1041.607421875 5909.27294921875
v -7247.60107421875 1049.28955078125 5913.115234375
v -7251.443359375 1056.9716796875 5915.52685546875
v -4821.08984375 2968.26318359375 3485.17333984375
v -4826.10009765625 2975.421875 3485.990478515625
v -7251.443359375 1056.9716796875 5915.52685546875
v -4826.10009765625 2975.421875 3485.990478515625
v -7256.4541015625 1064.1302490234375 5916.34375
v -4855.380859375 2952.899169921875 3438.374267578125
v -4850.37060546875 2945.740478515625 3437.55712890625
v -7280.72412109375 1034.448974609375 5867.91064453125
v -4855.380859375 2952.899169921875 3438.374267578125
v -7280.72412109375 1034.448974609375 5867.91064453125
v -7285.734375 1041.607421875 5868.7275390625
v -7256.4541015625 1064.1302490234375 5916.34375
v -4826.10009765625 2975.421875 3485.990478515625
v -4831.93798828125 2981.569091796875 3485.157470703125
v -7256.4541015625 1064.1302490234375 5916.34375
v -4831.93798828125 2981.569091796875 3485.157470703125
v -7262.291015625 1070.27734375 5915.5107421875
v -4831.99755859375 2931.911376953125 3444.671875
v -4826.15380859375 2930.89990234375 3449.6923828125
v -7256.50732421875 1019.6082763671875 5880.0458984375
v -4831.99755859375 2931.911376953125 3444.671875
v -7256.50732421875 1019.6082763671875 5880.0458984375
v -7262.35107421875 1020.61962890625 5875.025390625
v -4838.26611328125 2934.87646484375 3440.817138671875
v -4831.99755859375 2931.911376953125 3444.671875
v -7262.35107421875 1020.61962890625 5875.025390625
v -4838.26611328125 2934.87646484375 3440.817138671875
v -7262.35107421875 1020.61962890625 5875.025390625
v -7268.6201171875 1023.5847778320312 5871.1708984375
v -4861.634765625 2968.26318359375 3444.628173828125
v -4859.22314453125 2960.581298828125 3440.7861328125
v -7289.57666015625 1049.28955078125 5871.1396484375
v -4861.634765625 2968.26318359375 3444.628173828125
v -7289.57666015625 1049.28955078125 5871.1396484375
v -7291.98828125 1056.9716796875 5874.9814453125
v -4859.1923828125 2986.285888671875 3461.742919921875
v -4861.619140625 2981.569091796875 3455.476318359375
v -7291.97265625 1070.27734375 5885.830078125
v -4859.1923828125 2986.285888671875 3461.742919921875
v -7291.97265625 1070.27734375 5885.830078125
v -7289.5458984375 1074.9942626953125 5892.0966796875
v -4862.4521484375 2975.421875 3449.638671875
v -4861.634765625 2968.26318359375 3444.628173828125
v -7291.98828125 1056.9716796875 5874.9814453125
v -4862.4521484375 2975.421875 3449.638671875
v -7291.98828125 1056.9716796875 5874.9814453125
v -7292.8056640625 1064.1302490234375 5879.9921875
v -4826.15380859375 2930.89990234375 3449.6923828125
v -4821.13330078125 2931.911376953125 3455.5361328125
v -7251.4873046875 1020.61962890625 5885.8896484375
v -4826.15380859375 2930.89990234375 3449.6923828125
v -7251.4873046875 1020.61962890625 5885.8896484375
v -7256.50732421875 1019.6082763671875 5880.0458984375
v -4844.47314453125 2989.251220703125 3478.875732421875
v -4850.31689453125 2990.262451171875 3473.85546875
v -7280.67041015625 1078.9708251953125 5904.208984375
v -4844.47314453125 2989.251220703125 3478.875732421875
v -7280.67041015625 1078.9708251953125 5904.208984375
v -7274.82666015625 1077.95947265625 5909.2294921875
v -7244.3720703125 1034.448974609375 5904.2626953125
v -4814.0185546875 2945.740478515625 3473.908935546875
v -4814.8359375 2952.899169921875 3478.91943359375
v -7244.3720703125 1034.448974609375 5904.2626953125
v -4814.8359375 2952.899169921875 3478.91943359375
v -7245.189453125 1041.607421875 5909.27294921875
v -4817.27880859375 2934.87646484375 3461.804931640625
v -4814.85205078125 2939.59326171875 3468.071533203125
v -7245.205078125 1028.3017578125 5898.4248046875
v -4817.27880859375 2934.87646484375 3461.804931640625
v -7245.205078125 1028.3017578125 5898.4248046875
v -7247.6318359375 1023.5847778320312 5892.158203125
v -4844.533203125 2939.59326171875 3438.390380859375
v -4838.26611328125 2934.87646484375 3440.817138671875
v -7268.6201171875 1023.5847778320312 5871.1708984375
v -4844.533203125 2939.59326171875 3438.390380859375
v -7268.6201171875 1023.5847778320312 5871.1708984375
v -7274.88671875 1028.3017578125 5868.744140625
v -7245.189453125 1041.607421875 5909.27294921875
v -4814.8359375 2952.899169921875 3478.91943359375
v -4817.24755859375 2960.581298828125 3482.76171875
v -7245.189453125 1041.607421875 5909.27294921875
v -4817.24755859375 2960.581298828125 3482.76171875
v -7247.60107421875 1049.28955078125 5913.115234375
v -4850.37060546875 2945.740478515625 3437.55712890625
v -4844.533203125 2939.59326171875 3438.390380859375
v -7274.88671875 1028.3017578125 5868.744140625
v -4850.37060546875 2945.740478515625 3437.55712890625
v -7274.88671875 1028.3017578125 5868.744140625
v -7280.72412109375 1034.448974609375 5867.91064453125
v -7285.69091796875 1077.95947265625 5898.365234375
v -4855.33740234375 2989.251220703125 3468.01171875
v -4859.1923828125 2986.285888671875 3461.742919921875
v -7285.69091796875 1077.95947265625 5898.365234375
v -4859.1923828125 2986.285888671875 3461.742919921875
v -7289.5458984375 1074.9942626953125 5892.0966796875
v -4861.619140625 2981.569091796875 3455.476318359375
v -4862.4521484375 2975.421875 3449.638671875
v -7292.8056640625 1064.1302490234375 5879.9921875
v -4861.619140625 2981.569091796875 3455.476318359375
v -7292.8056640625 1064.1302490234375 5879.9921875
v -7291.97265625 1070.27734375 5885.830078125
v -7245.205078125 1028.3017578125 5898.4248046875
v -4814.85205078125 2939.59326171875 3468.071533203125
v -4814.0185546875 2945.740478515625 3473.908935546875
v -7245.205078125 1028.3017578125 5898.4248046875
v -4814.0185546875 2945.740478515625 3473.908935546875
v -7244.3720703125 1034.448974609375 5904.2626953125
v -4850.31689453125 2990.262451171875 3473.85546875
v -4855.33740234375 2989.251220703125 3468.01171875
v -7285.69091796875 1077.95947265625 5898.365234375
v -4850.31689453125 2990.262451171875 3473.85546875
v -7285.69091796875 1077.95947265625 5898.365234375
v -7280.67041015625 1078.9708251953125 5904.208984375
v -7262.291015625 1070.27734375 5915.5107421875
v -4831.93798828125 2981.569091796875 3485.157470703125
v -4838.20458984375 2986.285888671875 3482.730712890625
v -7262.291015625 1070.27734375 5915.5107421875
v -4838.20458984375 2986.285888671875 3482.730712890625
v -7268.5576171875 1074.9942626953125 5913.083984375
v -4859.22314453125 2960.581298828125 3440.7861328125
v -4855.380859375 2952.899169921875 3438.374267578125
v -7285.734375 1041.607421875 5868.7275390625
v -4859.22314453125 2960.581298828125 3440.7861328125
v -7285.734375 1041.607421875 5868.7275390625
v -7289.57666015625 1049.28955078125 5871.1396484375
vt 0.52920001745224 0
vt 0.6467000246047974 0
vt 0.6467000246047974 51.125
vt 0.52920001745224 0
vt 0.6467000246047974 51.125
vt 0.52920001745224 51.125
vt 0.3287000060081482 51.125
vt 0.3287000060081482 0
vt 0.44620001316070557 0
vt 0.3287000060081482 51.125
vt 0.44620001316070557 0
vt 0.44620001316070557 51.125
vt -0.30230000615119934 0
vt -0.18479999899864197 0
vt -0.18479999899864197 51.125
vt -0.30230000615119934 0
vt -0.18479999899864197 51.125
vt -0.30230000615119934 51.125
vt 0.015300000086426735 0.5665000081062317
vt 0 0.44999998807907104
vt 0.015300000086426735 0.3334999978542328
vt 0.015300000086426735 0.5665000081062317
vt 0.015300000086426735 0.3334999978542328
vt 0.06030000001192093 0.22499999403953552
vt 0.06030000001192093 0.675000011920929
vt 0.015300000086426735 0.5665000081062317
vt 0.06030000001192093 0.22499999403953552
vt 0.06030000001192093 0.675000011920929
vt 0.06030000001192093 0.22499999403953552
vt 0.13179999589920044 0.13179999589920044
vt 0.13179999589920044 0.7681999802589417
vt 0.06030000001192093 0.675000011920929
vt 0.13179999589920044 0.13179999589920044
vt 0.13179999589920044 0.7681999802589417
vt 0.13179999589920044 0.13179999589920044
vt 0.22499999403953552 0.06030000001192093
vt 0.22499999403953552 0.8396999835968018
vt 0.13179999589920044 0.7681999802589417
vt 0.22499999403953552 0.06030000001192093
vt 0.22499999403953552 0.8396999835968018
vt 0.22499999403953552 0.06030000001192093
vt 0.3334999978542328 0.015300000086426735
vt 0.3334999978542328 0.8847000002861023
vt 0.22499999403953552 0.8396999835968018
vt 0.3334999978542328 0.015300000086426735
vt 0.3334999978542328 0.8847000002861023
vt 0.3334999978542328 0.015300000086426735
vt 0.44999998807907104 0
vt 0.44999998807907104 0.8999999761581421
vt 0.3334999978542328 0.8847000002861023
vt 0.44999998807907104 0
vt 0.44999998807907104 0.8999999761581421
vt 0.44999998807907104 0
vt 0.5665000081062317 0.015300000086426735
vt 0.5665000081062317 0.8847000002861023
vt 0.44999998807907104 0.8999999761581421
vt 0.5665000081062317 0.015300000086426735
vt 0.5665000081062317 0.8847000002861023
vt 0.5665000081062317 0.015300000086426735
vt 0.675000011920929 0.06030000001192093
vt 0.675000011920929 0.8396999835968018
vt 0.5665000081062317 0.8847000002861023
vt 0.675000011920929 0.06030000001192093
vt 0.675000011920929 0.8396999835968018
vt 0.675000011920929 0.06030000001192093
vt 0.7681999802589417 0.13179999589920044
vt 0.7681999802589417 0.7681999802589417
vt 0.675000011920929 0.8396999835968018
vt 0.7681999802589417 0.13179999589920044
vt 0.7681999802589417 0.7681999802589417
vt 0.7681999802589417 0.13179999589920044
vt 0.8396999835968018 0.22499999403953552
vt 0.8396999835968018 0.675000011920929
vt 0.7681999802589417 0.7681999802589417
vt 0.8396999835968018 0.22499999403953552
vt 0.8396999835968018 0.675000011920929
vt 0.8396999835968018 0.22499999403953552
vt 0.8847000002861023 0.3334999978542328
vt 0.8847000002861023 0.5665000081062317
vt 0.8396999835968018 0.675000011920929
vt 0.8847000002861023 0.3334999978542328
vt 0.8847000002861023 0.5665000081062317
vt 0.8847000002861023 0.3334999978542328
vt 0.8999999761581421 0.44999998807907104
vt 0.18479999899864197 51.125
vt 0.18479999899864197 0
vt 0.30230000615119934 0
vt 0.18479999899864197 51.125
vt 0.30230000615119934 0
vt 0.30230000615119934 51.125
vt -0.30230000615119934 0
vt -0.18479999899864197 0
vt -0.18479999899864197 51.125
vt -0.30230000615119934 0
vt -0.18479999899864197 51.125
vt -0.30230000615119934 51.125
vt 0.024299999698996544 51.125
vt 0.024299999698996544 0
vt 0.14180000126361847 0
vt 0.024299999698996544 51.125
vt 0.14180000126361847 0
vt 0.14180000126361847 51.125
vt 0.3287000060081482 0
vt 0.44620001316070557 0
vt 0.44620001316070557 51.125
vt 0.3287000060081482 0
vt 0.44620001316070557 51.125
vt 0.3287000060081482 51.125
vt 0.18479999899864197 0
vt 0.30230000615119934 0
vt 0.30230000615119934 51.125
vt 0.18479999899864197 0
vt 0.30230000615119934 51.125
vt 0.18479999899864197 51.125
vt -0.5636000037193298 0
vt -0.44620001316070557 0
vt -0.44620001316070557 51.125
vt -0.5636000037193298 0
vt -0.44620001316070557 51.125
vt -0.5636000037193298 51.125
vt -0.6897000074386597 0
vt -0.5722000002861023 0
vt -0.5722000002861023 51.125
vt -0.6897000074386597 0
vt -0.5722000002861023 51.125
vt -0.6897000074386597 51.125
vt -0.6467000246047974 0
vt -0.52920001745224 0
vt -0.52920001745224 51.125
vt -0.6467000246047974 0
vt -0.52920001745224 51.125
vt -0.6467000246047974 51.125
vt 0.44620001316070557 0
vt 0.5636000037193298 0
vt 0.5636000037193298 51.125
vt 0.44620001316070557 0
vt 0.5636000037193298 51.125
vt 0.44620001316070557 51.125
vt -0.44620001316070557 0
vt -0.3287000060081482 0
vt -0.3287000060081482 51.125
vt -0.44620001316070557 0
vt -0.3287000060081482 51.125
vt -0.44620001316070557 51.125
vt 0.52920001745224 51.125
vt 0.52920001745224 0
vt 0.6467000246047974 0
vt 0.52920001745224 51.125
vt 0.6467000246047974 0
vt 0.6467000246047974 51.125
vt 0.5722000002861023 0
vt 0.6897000074386597 0
vt 0.6897000074386597 51.125
vt 0.5722000002861023 0
vt 0.6897000074386597 51.125
vt 0.5722000002861023 51.125
vt 0.024299999698996544 0
vt 0.14180000126361847 0
vt 0.14180000126361847 51.125
vt 0.024299999698996544 0
vt 0.14180000126361847 51.125
vt 0.024299999698996544 51.125
vt 0.44620001316070557 51.125
vt 0.44620001316070557 0
vt 0.5636000037193298 0
vt 0.44620001316070557 51.125
vt 0.5636000037193298 0
vt 0.5636000037193298 51.125
vt -0.14180000126361847 0
vt -0.024299999698996544 0
vt -0.024299999698996544 51.125
vt -0.14180000126361847 0
vt -0.024299999698996544 51.125
vt -0.14180000126361847 51.125
vt -0.6467000246047974 51.125
vt -0.6467000246047974 0
vt -0.52920001745224 0
vt -0.6467000246047974 51.125
vt -0.52920001745224 0
vt -0.52920001745224 51.125
vt -0.6897000074386597 0
vt -0.5722000002861023 0
vt -0.5722000002861023 51.125
vt -0.6897000074386597 0
vt -0.5722000002861023 51.125
vt -0.6897000074386597 51.125
vt 0.5722000002861023 51.125
vt 0.5722000002861023 0
vt 0.6897000074386597 0
vt 0.5722000002861023 51.125
vt 0.6897000074386597 0
vt 0.6897000074386597 51.125
vt -0.5636000037193298 0
vt -0.44620001316070557 0
vt -0.44620001316070557 51.125
vt -0.5636000037193298 0
vt -0.44620001316070557 51.125
vt -0.5636000037193298 51.125
vt -0.14180000126361847 51.125
vt -0.14180000126361847 0
vt -0.024299999698996544 0
vt -0.14180000126361847 51.125
vt -0.024299999698996544 0
vt -0.024299999698996544 51.125
vt -0.44620001316070557 0
vt -0.3287000060081482 0
vt -0.3287000060081482 51.125
vt -0.44620001316070557 0
vt -0.3287000060081482 51.125
vt -0.44620001316070557 51.125
vn 0.5238072950033941 -0.83711166265832 -0.15770219384222417
vn 0.6590613975120833 -0.7505560233038625 0.04799718941470787
vn 0.6590613975120833 -0.7505560233038625 0.04799718941470787
vn 0.5238072950033941 -0.83711166265832 -0.15770219384222417
vn 0.6590613975120833 -0.7505560233038625 0.04799718941470787
vn 0.5238072950033941 -0.83711166265832 -0.15770219384222417
vn 0.7071067811865476 0 0.7071067811865476
vn 0.7071067811865476 0 0.7071067811865476
vn 0.5917118940715697 0.22430449924711982 0.7743155209807784
vn 0.7071067811865476 0 0.7071067811865476
vn 0.5917118940715697 0.22430449924711982 0.7743155209807784
vn 0.5917118940715697 0.22430449924711982 0.7743155209807784
vn 0.04799718941470787 0.7505560233038625 0.6590613975120833
vn -0.15770219384222417 0.83711166265832 0.5238072950033941
vn -0.15770219384222417 0.83711166265832 0.5238072950033941
vn 0.04799718941470787 0.7505560233038625 0.6590613975120833
vn -0.15770219384222417 0.83711166265832 0.5238072950033941
vn 0.04799718941470787 0.7505560233038625 0.6590613975120833
vn -0.6179863971492329 -0.4859893269167763 0.6179863971492329
vn -0.6179863971492329 -0.4859893269167763 0.6179863971492329
vn -0.6179863971492329 -0.4859893269167763 0.6179863971492329
vn -0.6179863971492329 -0.4859893269167763 0.6179863971492329
vn -0.6179863971492329 -0.4859893269167763 0.6179863971492329
vn -0.6179863971492329 -0.4859893269167763 0.6179863971492329
vn -0.6179863971492329 -0.4859893269167763 0.6179863971492329
vn -0.6179863971492329 -0.4859893269167763 0.6179863971492329
vn -0.6179863971492329 -0.4859893269167763 0.6179863971492329
vn -0.6179863971492329 -0.4859893269167763 0.6179863971492329
vn -0.6179863971492329 -0.4859893269167763 0.6179863971492329
vn -0.6179863971492329 -0.4859893269167763 0.6179863971492329
vn -0.6179863971492329 -0.4859893269167763 0.6179863971492329
vn -0.6179863971492329 -0.4859893269167763 0.6179863971492329
vn -0.6179863971492329 -0.4859893269167763 0.6179863971492329
vn -0.6179863971492329 -0.4859893269167763 0.6179863971492329
vn -0.6179863971492329 -0.4859893269167763 0.6179863971492329
vn -0.6179863971492329 -0.4859893269167763 0.6179863971492329
vn -0.6179863971492329 -0.4859893269167763 0.6179863971492329
vn -0.6179863971492329 -0.4859893269167763 0.6179863971492329
vn -0.6179863971492329 -0.4859893269167763 0.6179863971492329
vn -0.6179863971492329 -0.4859893269167763 0.6179863971492329
vn -0.6179863971492329 -0.4859893269167763 0.6179863971492329
vn -0.6179863971492329 -0.4859893269167763 0.6179863971492329
vn -0.6179863971492329 -0.4859893269167763 0.6179863971492329
vn -0.6179863971492329 -0.4859893269167763 0.6179863971492329
vn -0.6179863971492329 -0.4859893269167763 0.6179863971492329
vn -0.6179863971492329 -0.4859893269167763 0.6179863971492329
vn -0.6179863971492329 -0.4859893269167763 0.6179863971492329
vn -0.6179863971492329 -0.4859893269167763 0.6179863971492329
vn -0.6179863971492329 -0.4859893269167763 0.6179863971492329
vn -0.6179863971492329 -0.4859893269167763 0.6179863971492329
vn -0.6179863971492329 -0.4859893269167763 0.6179863971492329
vn -0.6179863971492329 -0.4859893269167763 0.6179863971492329
vn -0.6179863971492329 -0.4859893269167763 0.6179863971492329
vn -0.6179863971492329 -0.4859893269167763 0.6179863971492329
vn -0.6179863971492329 -0.4859893269167763 0.6179863971492329
vn -0.6179863971492329 -0.4859893269167763 0.6179863971492329
vn -0.6179863971492329 -0.4859893269167763 0.6179863971492329
vn -0.6179863971492329 -0.4859893269167763 0.6179863971492329
vn -0.6179863971492329 -0.4859893269167763 0.6179863971492329
vn -0.6179863971492329 -0.4859893269167763 0.6179863971492329
vn -0.6179863971492329 -0.4859893269167763 0.6179863971492329
vn -0.6179863971492329 -0.4859893269167763 0.6179863971492329
vn -0.6179863971492329 -0.4859893269167763 0.6179863971492329
vn -0.6179863971492329 -0.4859893269167763 0.6179863971492329
vn -0.6179863971492329 -0.4859893269167763 0.6179863971492329
vn -0.6179863971492329 -0.4859893269167763 0.6179863971492329
vn -0.6179863971492329 -0.4859893269167763 0.6179863971492329
vn -0.6179863971492329 -0.4859893269167763 0.6179863971492329
vn -0.6179863971492329 -0.4859893269167763 0.6179863971492329
vn -0.6179863971492329 -0.4859893269167763 0.6179863971492329
vn -0.6179863971492329 -0.4859893269167763 0.6179863971492329
vn -0.6179863971492329 -0.4859893269167763 0.6179863971492329
vn -0.6179863971492329 -0.4859893269167763 0.6179863971492329
vn -0.6179863971492329 -0.4859893269167763 0.6179863971492329
vn -0.6179863971492329 -0.4859893269167763 0.6179863971492329
vn -0.6179863971492329 -0.4859893269167763 0.6179863971492329
vn -0.6179863971492329 -0.4859893269167763 0.6179863971492329
vn -0.6179863971492329 -0.4859893269167763 0.6179863971492329
vn -0.6179863971492329 -0.4859893269167763 0.6179863971492329
vn -0.6179863971492329 -0.4859893269167763 0.6179863971492329
vn -0.6179863971492329 -0.4859893269167763 0.6179863971492329
vn -0.6179863971492329 -0.4859893269167763 0.6179863971492329
vn -0.6179863971492329 -0.4859893269167763 0.6179863971492329
vn -0.6179863971492329 -0.4859893269167763 0.6179863971492329
vn 0.5917118940715697 0.22430449924711982 0.7743155209807784
vn 0.5917118940715697 0.22430449924711982 0.7743155209807784
vn 0.43598902175532483 0.43328908867357274 0.7887801585646405
vn 0.5917118940715697 0.22430449924711982 0.7743155209807784
vn 0.43598902175532483 0.43328908867357274 0.7887801585646405
vn 0.43598902175532483 0.43328908867357274 0.7887801585646405
vn -0.5917118940715697 -0.22430449924711982 -0.7743155209807784
vn -0.43598902175532483 -0.43328908867357274 -0.7887801585646405
vn -0.43598902175532483 -0.43328908867357274 -0.7887801585646405
vn -0.5917118940715697 -0.22430449924711982 -0.7743155209807784
vn -0.43598902175532483 -0.43328908867357274 -0.7887801585646405
vn -0.5917118940715697 -0.22430449924711982 -0.7743155209807784
vn 0.43598902175532483 0.43328908867357274 0.7887801585646405
vn 0.43598902175532483 0.43328908867357274 0.7887801585646405
vn 0.25060945867386025 0.6128231068512476 0.74942827470838
vn 0.43598902175532483 0.43328908867357274 0.7887801585646405
vn 0.25060945867386025 0.6128231068512476 0.74942827470838
vn 0.25060945867386025 0.6128231068512476 0.74942827470838
vn 0.15770219384222417 -0.83711166265832 -0.5238072950033941
vn 0.35278156599036653 -0.8666546794397231 -0.35278156599036653
vn 0.35278156599036653 -0.8666546794397231 -0.35278156599036653
vn 0.15770219384222417 -0.83711166265832 -0.5238072950033941
vn 0.35278156599036653 -0.8666546794397231 -0.35278156599036653
vn 0.15770219384222417 -0.83711166265832 -0.5238072950033941
vn -0.04799718941470787 -0.7505560233038625 -0.6590613975120833
vn 0.15770219384222417 -0.83711166265832 -0.5238072950033941
vn 0.15770219384222417 -0.83711166265832 -0.5238072950033941
vn -0.04799718941470787 -0.7505560233038625 -0.6590613975120833
vn 0.15770219384222417 -0.83711166265832 -0.5238072950033941
vn -0.04799718941470787 -0.7505560233038625 -0.6590613975120833
vn -0.7743155209807784 0.22430449924711982 -0.5917118940715697
vn -0.7071067811865476 0 -0.7071067811865476
vn -0.7071067811865476 0 -0.7071067811865476
vn -0.7743155209807784 0.22430449924711982 -0.5917118940715697
vn -0.7071067811865476 0 -0.7071067811865476
vn -0.7743155209807784 0.22430449924711982 -0.5917118940715697
vn -0.6590613975120833 0.7505560233038625 -0.04799718941470787
vn -0.74942827470838 0.6128231068512476 -0.25060945867386025
vn -0.74942827470838 0.6128231068512476 -0.25060945867386025
vn -0.6590613975120833 0.7505560233038625 -0.04799718941470787
vn -0.74942827470838 0.6128231068512476 -0.25060945867386025
vn -0.6590613975120833 0.7505560233038625 -0.04799718941470787
vn -0.7887801585646405 0.43328908867357274 -0.43598902175532483
vn -0.7743155209807784 0.22430449924711982 -0.5917118940715697
vn -0.7743155209807784 0.22430449924711982 -0.5917118940715697
vn -0.7887801585646405 0.43328908867357274 -0.43598902175532483
vn -0.7743155209807784 0.22430449924711982 -0.5917118940715697
vn -0.7887801585646405 0.43328908867357274 -0.43598902175532483
vn 0.35278156599036653 -0.8666546794397231 -0.35278156599036653
vn 0.5238072950033941 -0.83711166265832 -0.15770219384222417
vn 0.5238072950033941 -0.83711166265832 -0.15770219384222417
vn 0.35278156599036653 -0.8666546794397231 -0.35278156599036653
vn 0.5238072950033941 -0.83711166265832 -0.15770219384222417
vn 0.35278156599036653 -0.8666546794397231 -0.35278156599036653
vn -0.15770219384222417 0.83711166265832 0.5238072950033941
vn -0.35278156599036653 0.8666546794397231 0.35278156599036653
vn -0.35278156599036653 0.8666546794397231 0.35278156599036653
vn -0.15770219384222417 0.83711166265832 0.5238072950033941
vn -0.35278156599036653 0.8666546794397231 0.35278156599036653
vn -0.15770219384222417 0.83711166265832 0.5238072950033941
vn 0.7887801585646405 -0.43328908867357274 0.43598902175532483
vn 0.7887801585646405 -0.43328908867357274 0.43598902175532483
vn 0.7743155209807784 -0.22430449924711982 0.5917118940715697
vn 0.7887801585646405 -0.43328908867357274 0.43598902175532483
vn 0.7743155209807784 -0.22430449924711982 0.5917118940715697
vn 0.7743155209807784 -0.22430449924711982 0.5917118940715697
vn 0.6590613975120833 -0.7505560233038625 0.04799718941470787
vn 0.74942827470838 -0.6128231068512476 0.25060945867386025
vn 0.74942827470838 -0.6128231068512476 0.25060945867386025
vn 0.6590613975120833 -0.7505560233038625 0.04799718941470787
vn 0.74942827470838 -0.6128231068512476 0.25060945867386025
vn 0.6590613975120833 -0.7505560233038625 0.04799718941470787
vn -0.25060945867386025 -0.6128231068512476 -0.74942827470838
vn -0.04799718941470787 -0.7505560233038625 -0.6590613975120833
vn -0.04799718941470787 -0.7505560233038625 -0.6590613975120833
vn -0.25060945867386025 -0.6128231068512476 -0.74942827470838
vn -0.04799718941470787 -0.7505560233038625 -0.6590613975120833
vn -0.25060945867386025 -0.6128231068512476 -0.74942827470838
vn 0.7743155209807784 -0.22430449924711982 0.5917118940715697
vn 0.7743155209807784 -0.22430449924711982 0.5917118940715697
vn 0.7071067811865476 0 0.7071067811865476
vn 0.7743155209807784 -0.22430449924711982 0.5917118940715697
vn 0.7071067811865476 0 0.7071067811865476
vn 0.7071067811865476 0 0.7071067811865476
vn -0.43598902175532483 -0.43328908867357274 -0.7887801585646405
vn -0.25060945867386025 -0.6128231068512476 -0.74942827470838
vn -0.25060945867386025 -0.6128231068512476 -0.74942827470838
vn -0.43598902175532483 -0.43328908867357274 -0.7887801585646405
vn -0.25060945867386025 -0.6128231068512476 -0.74942827470838
vn -0.43598902175532483 -0.43328908867357274 -0.7887801585646405
vn -0.5238072950033941 0.83711166265832 0.15770219384222417
vn -0.5238072950033941 0.83711166265832 0.15770219384222417
vn -0.6590613975120833 0.7505560233038625 -0.04799718941470787
vn -0.5238072950033941 0.83711166265832 0.15770219384222417
vn -0.6590613975120833 0.7505560233038625 -0.04799718941470787
vn -0.6590613975120833 0.7505560233038625 -0.04799718941470787
vn -0.74942827470838 0.6128231068512476 -0.25060945867386025
vn -0.7887801585646405 0.43328908867357274 -0.43598902175532483
vn -0.7887801585646405 0.43328908867357274 -0.43598902175532483
vn -0.74942827470838 0.6128231068512476 -0.25060945867386025
vn -0.7887801585646405 0.43328908867357274 -0.43598902175532483
vn -0.74942827470838 0.6128231068512476 -0.25060945867386025
vn 0.74942827470838 -0.6128231068512476 0.25060945867386025
vn 0.74942827470838 -0.6128231068512476 0.25060945867386025
vn 0.7887801585646405 -0.43328908867357274 0.43598902175532483
vn 0.74942827470838 -0.6128231068512476 0.25060945867386025
vn 0.7887801585646405 -0.43328908867357274 0.43598902175532483
vn 0.7887801585646405 -0.43328908867357274 0.43598902175532483
vn -0.35278156599036653 0.8666546794397231 0.35278156599036653
vn -0.5238072950033941 0.83711166265832 0.15770219384222417
vn -0.5238072950033941 0.83711166265832 0.15770219384222417
vn -0.35278156599036653 0.8666546794397231 0.35278156599036653
vn -0.5238072950033941 0.83711166265832 0.15770219384222417
vn -0.35278156599036653 0.8666546794397231 0.35278156599036653
vn 0.25060945867386025 0.6128231068512476 0.74942827470838
vn 0.25060945867386025 0.6128231068512476 0.74942827470838
vn 0.04799718941470787 0.7505560233038625 0.6590613975120833
vn 0.25060945867386025 0.6128231068512476 0.74942827470838
vn 0.04799718941470787 0.7505560233038625 0.6590613975120833
vn 0.04799718941470787 0.7505560233038625 0.6590613975120833
vn -0.7071067811865476 0 -0.7071067811865476
vn -0.5917118940715697 -0.22430449924711982 -0.7743155209807784
vn -0.5917118940715697 -0.22430449924711982 -0.7743155209807784
vn -0.7071067811865476 0 -0.7071067811865476
vn -0.5917118940715697 -0.22430449924711982 -0.7743155209807784
vn -0.7071067811865476 0 -0.7071067811865476
f 643/643/643 644/644/644 645/645/645
f 646/646/646 647/647/647 648/648/648
f 649/649/649 650/650/650 651/651/651
f 652/652/652 653/653/653 654/654/654
f 655/655/655 656/656/656 657/657/657
f 658/658/658 659/659/659 660/660/660
f 661/661/661 662/662/662 663/663/663
f 664/664/664 665/665/665 666/666/666
f 667/667/667 668/668/668 669/669/669
f 670/670/670 671/671/671 672/672/672
f 673/673/673 674/674/674 675/675/675
f 676/676/676 677/677/677 678/678/678
f 679/679/679 680/680/680 681/681/681
f 682/682/682 683/683/683 684/684/684
f 685/685/685 686/686/686 687/687/687
f 688/688/688 689/689/689 690/690/690
f 691/691/691 692/692/692 693/693/693
f 694/694/694 695/695/695 696/696/696
f 697/697/697 698/698/698 699/699/699
f 700/700/700 701/701/701 702/702/702
f 703/703/703 704/704/704 705/705/705
f 706/706/706 707/707/707 708/708/708
f 709/709/709 710/710/710 711/711/711
f 712/712/712 713/713/713 714/714/714
f 715/715/715 716/716/716 717/717/717
f 718/718/718 719/719/719 720/720/720
f 721/721/721 722/722/722 723/723/723
f 724/724/724 725/725/725 726/726/726
f 727/727/727 728/728/728 729/729/729
f 730/730/730 731/731/731 732/732/732
f 733/733/733 734/734/734 735/735/735
f 736/736/736 737/737/737 738/738/738
f 739/739/739 740/740/740 741/741/741
f 742/742/742 743/743/743 744/744/744
f 745/745/745 746/746/746 747/747/747
f 748/748/748 749/749/749 750/750/750
f 751/751/751 752/752/752 753/753/753
f 754/754/754 755/755/755 756/756/756
f 757/757/757 758/758/758 759/759/759
f 760/760/760 761/761/761 762/762/762
f 763/763/763 764/764/764 765/765/765
f 766/766/766 767/767/767 768/768/768
f 769/769/769 770/770/770 771/771/771
f 772/772/772 773/773/773 774/774/774
f 775/775/775 776/776/776 777/777/777
f 778/778/778 779/779/779 780/780/780
f 781/781/781 782/782/782 783/783/783
f 784/784/784 785/785/785 786/786/786
f 787/787/787 788/788/788 789/789/789
f 790/790/790 791/791/791 792/792/792
f 793/793/793 794/794/794 795/795/795
f 796/796/796 797/797/797 798/798/798
f 799/799/799 800/800/800 801/801/801
f 802/802/802 803/803/803 804/804/804
f 805/805/805 806/806/806 807/807/807
f 808/808/808 809/809/809 810/810/810
f 811/811/811 812/812/812 813/813/813
f 814/814/814 815/815/815 816/816/816
f 817/817/817 818/818/818 819/819/819
f 820/820/820 821/821/821 822/822/822
f 823/823/823 824/824/824 825/825/825
f 826/826/826 827/827/827 828/828/828
f 829/829/829 830/830/830 831/831/831
f 832/832/832 833/833/833 834/834/834
f 835/835/835 836/836/836 837/837/837
f 838/838/838 839/839/839 840/840/840
f 841/841/841 842/842/842 843/843/843
f 844/844/844 845/845/845 846/846/846
f 847/847/847 848/848/848 849/849/849
f 850/850/850 851/851/851 852/852/852
o Group_382
usemtl wire_006134006
v -7150.12841796875 1142.9127197265625 5828.96044921875
v -7129.92431640625 461.1859130859375 5808.75634765625
v -7122.87646484375 461.6565856933594 5799.9208984375
v -7150.12841796875 1142.9127197265625 5828.96044921875
v -7122.87646484375 461.6565856933594 5799.9208984375
v -7143.08056640625 1143.3834228515625 5820.125
v -7143.08056640625 1143.3834228515625 5820.125
v -7122.87646484375 461.6565856933594 5799.9208984375
v -7118.09716796875 462.09521484375 5789.8994140625
v -7143.08056640625 1143.3834228515625 5820.125
v -7118.09716796875 462.09521484375 5789.8994140625
v -7138.30126953125 1143.822021484375 5810.103515625
v -4832.13916015625 2992.66064453125 3500.852783203125
v -4811.93505859375 2310.93359375 3480.648681640625
v -4801.9140625 2311.37255859375 3475.869384765625
v -4832.13916015625 2992.66064453125 3500.852783203125
v -4801.9140625 2311.37255859375 3475.869384765625
v -4822.1181640625 2993.09912109375 3496.073486328125
v -4801.45556640625 2994.4794921875 3470.1689453125
v -4781.25146484375 2312.75244140625 3449.96484375
v -4779.06591796875 2313.129150390625 3439.44091796875
v -4801.45556640625 2994.4794921875 3470.1689453125
v -4779.06591796875 2313.129150390625 3439.44091796875
v -4799.27001953125 2994.85595703125 3459.64501953125
v -4836.71240234375 2312.31396484375 3409.304931640625
v -4845.5478515625 2311.84326171875 3416.352294921875
v -4865.751953125 2993.56982421875 3436.556396484375
v -4836.71240234375 2312.31396484375 3409.304931640625
v -4865.751953125 2993.56982421875 3436.556396484375
v -4856.91650390625 2994.04052734375 3429.509033203125
v -4779.06591796875 2313.129150390625 3439.44091796875
v -4779.623046875 2313.41796875 3429.131591796875
v -4799.8271484375 2995.14501953125 3449.335693359375
v -4779.06591796875 2313.129150390625 3439.44091796875
v -4799.8271484375 2995.14501953125 3449.335693359375
v -4799.27001953125 2994.85595703125 3459.64501953125
v -4857.375 2310.93359375 3435.208984375
v -4859.560546875 2310.55712890625 3445.732666015625
v -4879.7646484375 2992.2841796875 3465.936767578125
v -4857.375 2310.93359375 3435.208984375
v -4879.7646484375 2992.2841796875 3465.936767578125
v -4877.5791015625 2992.66064453125 3455.4130859375
v -5948.20068359375 1377.443115234375 4623.21630859375
v -5948.7578125 1377.732177734375 4612.90673828125
v -5968.9619140625 2059.458984375 4633.11083984375
v -5948.20068359375 1377.443115234375 4623.21630859375
v -5968.9619140625 2059.458984375 4633.11083984375
v -5968.40478515625 2059.169921875 4643.42041015625
v -6021.73046875 1375.6864013671875 4608.962890625
v -6026.509765625 1375.247802734375 4618.984375
v -6046.7138671875 2056.974609375 4639.1884765625
v -6021.73046875 1375.6864013671875 4608.962890625
v -6046.7138671875 2056.974609375 4639.1884765625
v -6041.9345703125 2057.413330078125 4629.1669921875
v -6048.3427734375 2056.30908203125 4660.02197265625
v -6028.138671875 1374.58203125 4639.81787109375
v -6024.87646484375 1374.400390625 4649.21044921875
v -6048.3427734375 2056.30908203125 4660.02197265625
v -6024.87646484375 1374.400390625 4649.21044921875
v -6045.08056640625 2056.12744140625 4669.41455078125
v -4805.857421875 2313.41796875 3402.89697265625
v -4816.1669921875 2313.129150390625 3402.33935546875
v -4836.37109375 2994.85595703125 3422.54345703125
v -4805.857421875 2313.41796875 3402.89697265625
v -4836.37109375 2994.85595703125 3422.54345703125
v -4826.0615234375 2995.14501953125 3423.10107421875
v -6014.6826171875 1376.1571044921875 4600.1279296875
v -6021.73046875 1375.6864013671875 4608.962890625
v -6041.9345703125 2057.413330078125 4629.1669921875
v -6014.6826171875 1376.1571044921875 4600.1279296875
v -6041.9345703125 2057.413330078125 4629.1669921875
v -6034.88671875 2057.884033203125 4620.33203125
v -5975.3701171875 2058.354736328125 4663.9658203125
v -5955.166015625 1376.6279296875 4643.76171875
v -5950.38623046875 1377.06640625 4633.740234375
v -5975.3701171875 2058.354736328125 4663.9658203125
v -5950.38623046875 1377.06640625 4633.740234375
v -5970.59033203125 2058.79345703125 4653.9443359375
v -5982.41748046875 2057.884033203125 4672.80126953125
v -5962.21337890625 1376.1571044921875 4652.59716796875
v -5955.166015625 1376.6279296875 4643.76171875
v -5982.41748046875 2057.884033203125 4672.80126953125
v -5955.166015625 1376.6279296875 4643.76171875
v -5975.3701171875 2058.354736328125 4663.9658203125
v -4859.560546875 2310.55712890625 3445.732666015625
v -4859.00341796875 2310.26806640625 3456.04248046875
v -4879.20751953125 2991.9951171875 3476.24658203125
v -4859.560546875 2310.55712890625 3445.732666015625
v -4879.20751953125 2991.9951171875 3476.24658203125
v -4879.7646484375 2992.2841796875 3465.936767578125
v -5970.59033203125 2058.79345703125 4653.9443359375
v -5950.38623046875 1377.06640625 4633.740234375
v -5948.20068359375 1377.443115234375 4623.21630859375
v -5970.59033203125 2058.79345703125 4653.9443359375
v -5948.20068359375 1377.443115234375 4623.21630859375
v -5968.40478515625 2059.169921875 4643.42041015625
v -5995.826171875 1377.06640625 4588.30078125
v -6005.84716796875 1376.6279296875 4593.080078125
v -6026.05126953125 2058.354736328125 4613.2841796875
v -5995.826171875 1377.06640625 4588.30078125
v -6026.05126953125 2058.354736328125 4613.2841796875
v -6016.0302734375 2058.79345703125 4608.5048828125
v -6001.2744140625 2056.974609375 4684.6279296875
v -5981.0703125 1375.247802734375 4664.423828125
v -5971.048828125 1375.6864013671875 4659.64453125
v -6001.2744140625 2056.974609375 4684.6279296875
v -5971.048828125 1375.6864013671875 4659.64453125
v -5991.2529296875 2057.413330078125 4679.8486328125
v -5952.01953125 1377.913818359375 4603.51416015625
v -5957.7646484375 1377.975830078125 4595.6787109375
v -5977.96875 2059.70263671875 4615.8828125
v -5952.01953125 1377.913818359375 4603.51416015625
v -5977.96875 2059.70263671875 4615.8828125
v -5972.2236328125 2059.640869140625 4623.71826171875
v -6019.1318359375 1374.33837890625 4657.04638671875
v -6011.29638671875 1374.400390625 4662.79052734375
v -6031.50048828125 2056.12744140625 4682.99462890625
v -6019.1318359375 1374.33837890625 4657.04638671875
v -6031.50048828125 2056.12744140625 4682.99462890625
v -6039.3359375 2056.0654296875 4677.25048828125
v -5948.7578125 1377.732177734375 4612.90673828125
v -5952.01953125 1377.913818359375 4603.51416015625
v -5972.2236328125 2059.640869140625 4623.71826171875
v -5948.7578125 1377.732177734375 4612.90673828125
v -5972.2236328125 2059.640869140625 4623.71826171875
v -5968.9619140625 2059.458984375 4633.11083984375
v -6011.79833984375 2056.59814453125 4686.81396484375
v -5991.59423828125 1374.87109375 4666.60986328125
v -5981.0703125 1375.247802734375 4664.423828125
v -6011.79833984375 2056.59814453125 4686.81396484375
v -5981.0703125 1375.247802734375 4664.423828125
v -6001.2744140625 2056.974609375 4684.6279296875
v -6024.87646484375 1374.400390625 4649.21044921875
v -6019.1318359375 1374.33837890625 4657.04638671875
v -6039.3359375 2056.0654296875 4677.25048828125
v -6024.87646484375 1374.400390625 4649.21044921875
v -6039.3359375 2056.0654296875 4677.25048828125
v -6045.08056640625 2056.12744140625 4669.41455078125
v -7186.8427734375 459.3670959472656 5813.205078125
v -7179.00732421875 459.4291076660156 5818.94970703125
v -7199.2109375 1141.156005859375 5839.15380859375
v -7186.8427734375 459.3670959472656 5813.205078125
v -7199.2109375 1141.156005859375 5839.15380859375
v -7207.046875 1141.093994140625 5833.4091796875
v -7194.220703125 460.2764892578125 5775.1435546875
v -7196.40625 459.8998107910156 5785.66748046875
v -7216.6103515625 1141.626708984375 5805.87158203125
v -7194.220703125 460.2764892578125 5775.1435546875
v -7216.6103515625 1141.626708984375 5805.87158203125
v -7214.4248046875 1142.00341796875 5795.34765625
v -7116.46875 462.7608947753906 5769.06591796875
v -7119.73046875 462.9425964355469 5759.67333984375
v -7139.9345703125 1144.66943359375 5779.87744140625
v -7116.46875 462.7608947753906 5769.06591796875
v -7139.9345703125 1144.66943359375 5779.87744140625
v -7136.6728515625 1144.48779296875 5789.27001953125
v -7169.6142578125 459.6108093261719 5822.2119140625
v -7159.3046875 459.8998107910156 5822.76904296875
v -7179.5087890625 1141.626708984375 5842.97314453125
v -7169.6142578125 459.6108093261719 5822.2119140625
v -7179.5087890625 1141.626708984375 5842.97314453125
v -7189.818359375 1141.337646484375 5842.416015625
v -6026.509765625 1375.247802734375 4618.984375
v -6028.6953125 1374.87109375 4629.50830078125
v -6048.8994140625 2056.59814453125 4649.71240234375
v -6026.509765625 1375.247802734375 4618.984375
v -6048.8994140625 2056.59814453125 4649.71240234375
v -6046.7138671875 2056.974609375 4639.1884765625
v -7168.98486328125 1142.00341796875 5840.787109375
v -7148.78076171875 460.2764892578125 5820.58349609375
v -7138.759765625 460.715087890625 5815.8037109375
v -7168.98486328125 1142.00341796875 5840.787109375
v -7138.759765625 460.715087890625 5815.8037109375
v -7158.9638671875 1142.4420166015625 5836.0078125
v -7216.05322265625 1141.337646484375 5816.18115234375
v -7195.84912109375 459.6108093261719 5795.97705078125
v -7192.58740234375 459.4291076660156 5805.36962890625
v -7216.05322265625 1141.337646484375 5816.18115234375
v -7192.58740234375 459.4291076660156 5805.36962890625
v -7212.791015625 1141.156005859375 5825.57373046875
v -6011.29638671875 1374.400390625 4662.79052734375
v -6001.90380859375 1374.58203125 4666.052734375
v -6022.10791015625 2056.30908203125 4686.2568359375
v -6011.29638671875 1374.400390625 4662.79052734375
v -6022.10791015625 2056.30908203125 4686.2568359375
v -6031.50048828125 2056.12744140625 4682.99462890625
v -7163.537109375 462.09521484375 5744.4599609375
v -7173.55810546875 461.6565856933594 5749.2392578125
v -7193.76220703125 1143.3834228515625 5769.443359375
v -7163.537109375 462.09521484375 5744.4599609375
v -7193.76220703125 1143.3834228515625 5769.443359375
v -7183.7412109375 1143.822021484375 5764.66357421875
v -6001.90380859375 1374.58203125 4666.052734375
v -5991.59423828125 1374.87109375 4666.60986328125
v -6011.79833984375 2056.59814453125 4686.81396484375
v -6001.90380859375 1374.58203125 4666.052734375
v -6011.79833984375 2056.59814453125 4686.81396484375
v -6022.10791015625 2056.30908203125 4686.2568359375
v -7173.55810546875 461.6565856933594 5749.2392578125
v -7182.3935546875 461.1859130859375 5756.28662109375
v -7202.59765625 1142.9127197265625 5776.49072265625
v -7173.55810546875 461.6565856933594 5749.2392578125
v -7202.59765625 1142.9127197265625 5776.49072265625
v -7193.76220703125 1143.3834228515625 5769.443359375
v -7162.9072265625 1144.48779296875 5763.03515625
v -7142.703125 462.7608947753906 5742.8310546875
v -7153.0126953125 462.4718933105469 5742.27392578125
v -7162.9072265625 1144.48779296875 5763.03515625
v -7153.0126953125 462.4718933105469 5742.27392578125
v -7173.216796875 1144.19873046875 5762.47802734375
v -7192.58740234375 459.4291076660156 5805.36962890625
v -7186.8427734375 459.3670959472656 5813.205078125
v -7207.046875 1141.093994140625 5833.4091796875
v -7192.58740234375 459.4291076660156 5805.36962890625
v -7207.046875 1141.093994140625 5833.4091796875
v -7212.791015625 1141.156005859375 5825.57373046875
v -7189.44140625 460.715087890625 5765.1220703125
v -7194.220703125 460.2764892578125 5775.1435546875
v -7214.4248046875 1142.00341796875 5795.34765625
v -7189.44140625 460.715087890625 5765.1220703125
v -7214.4248046875 1142.00341796875 5795.34765625
v -7209.64501953125 1142.4420166015625 5785.326171875
v -7153.5146484375 1144.66943359375 5766.29736328125
v -7133.310546875 462.9425964355469 5746.09326171875
v -7142.703125 462.7608947753906 5742.8310546875
v -7153.5146484375 1144.66943359375 5766.29736328125
v -7142.703125 462.7608947753906 5742.8310546875
v -7162.9072265625 1144.48779296875 5763.03515625
v -5995.19677734375 2059.458984375 4606.8759765625
v -5974.99267578125 1377.732177734375 4586.671875
v -5985.30224609375 1377.443115234375 4586.115234375
v -5995.19677734375 2059.458984375 4606.8759765625
v -5985.30224609375 1377.443115234375 4586.115234375
v -6005.50634765625 2059.169921875 4606.3193359375
v -7158.9638671875 1142.4420166015625 5836.0078125
v -7138.759765625 460.715087890625 5815.8037109375
v -7129.92431640625 461.1859130859375 5808.75634765625
v -7158.9638671875 1142.4420166015625 5836.0078125
v -7129.92431640625 461.1859130859375 5808.75634765625
v -7150.12841796875 1142.9127197265625 5828.96044921875
v -4796.46484375 2313.599853515625 3406.15869140625
v -4805.857421875 2313.41796875 3402.89697265625
v -4826.0615234375 2995.14501953125 3423.10107421875
v -4796.46484375 2313.599853515625 3406.15869140625
v -4826.0615234375 2995.14501953125 3423.10107421875
v -4816.6689453125 2995.32666015625 3426.36279296875
v -7119.73046875 462.9425964355469 5759.67333984375
v -7125.47509765625 463.0046081542969 5751.837890625
v -7145.67919921875 1144.7314453125 5772.0419921875
v -7119.73046875 462.9425964355469 5759.67333984375
v -7145.67919921875 1144.7314453125 5772.0419921875
v -7139.9345703125 1144.66943359375 5779.87744140625
v -6028.6953125 1374.87109375 4629.50830078125
v -6028.138671875 1374.58203125 4639.81787109375
v -6048.3427734375 2056.30908203125 4660.02197265625
v -6028.6953125 1374.87109375 4629.50830078125
v -6048.3427734375 2056.30908203125 4660.02197265625
v -6048.8994140625 2056.59814453125 4649.71240234375
v -4832.7685546875 2310.26806640625 3482.277099609375
v -4822.458984375 2310.55712890625 3482.834228515625
v -4842.6630859375 2992.2841796875 3503.038330078125
v -4832.7685546875 2310.26806640625 3482.277099609375
v -4842.6630859375 2992.2841796875 3503.038330078125
v -4852.97265625 2991.9951171875 3502.481201171875
v -5985.30224609375 1377.443115234375 4586.115234375
v -5995.826171875 1377.06640625 4588.30078125
v -6016.0302734375 2058.79345703125 4608.5048828125
v -5985.30224609375 1377.443115234375 4586.115234375
v -6016.0302734375 2058.79345703125 4608.5048828125
v -6005.50634765625 2059.169921875 4606.3193359375
v -4779.623046875 2313.41796875 3429.131591796875
v -4782.884765625 2313.599853515625 3419.73876953125
v -4803.0888671875 2995.32666015625 3439.94287109375
v -4779.623046875 2313.41796875 3429.131591796875
v -4803.0888671875 2995.32666015625 3439.94287109375
v -4799.8271484375 2995.14501953125 3449.335693359375
v -4806.2353515625 2994.04052734375 3480.1904296875
v -4786.03125 2312.31396484375 3459.986328125
v -4781.25146484375 2312.75244140625 3449.96484375
v -4806.2353515625 2994.04052734375 3480.1904296875
v -4781.25146484375 2312.75244140625 3449.96484375
v -4801.45556640625 2994.4794921875 3470.1689453125
v -4849.9970703125 2310.0244140625 3473.270751953125
v -4842.16162109375 2310.08642578125 3479.01513671875
v -4862.36572265625 2991.8134765625 3499.21923828125
v -4849.9970703125 2310.0244140625 3473.270751953125
v -4862.36572265625 2991.8134765625 3499.21923828125
v -4870.201171875 2991.75146484375 3493.474853515625
v -4859.00341796875 2310.26806640625 3456.04248046875
v -4855.74169921875 2310.08642578125 3465.43505859375
v -4875.94580078125 2991.8134765625 3485.63916015625
v -4859.00341796875 2310.26806640625 3456.04248046875
v -4875.94580078125 2991.8134765625 3485.63916015625
v -4879.20751953125 2991.9951171875 3476.24658203125
v -4845.5478515625 2311.84326171875 3416.352294921875
v -4852.595703125 2311.37255859375 3425.18798828125
v -4872.7998046875 2993.09912109375 3445.39208984375
v -4845.5478515625 2311.84326171875 3416.352294921875
v -4872.7998046875 2993.09912109375 3445.39208984375
v -4865.751953125 2993.56982421875 3436.556396484375
v -4822.1181640625 2993.09912109375 3496.073486328125
v -4801.9140625 2311.37255859375 3475.869384765625
v -4793.078125 2311.84326171875 3468.821533203125
v -4822.1181640625 2993.09912109375 3496.073486328125
v -4793.078125 2311.84326171875 3468.821533203125
v -4813.2822265625 2993.56982421875 3489.025634765625
v -4842.6630859375 2992.2841796875 3503.038330078125
v -4822.458984375 2310.55712890625 3482.834228515625
v -4811.93505859375 2310.93359375 3480.648681640625
v -4842.6630859375 2992.2841796875 3503.038330078125
v -4811.93505859375 2310.93359375 3480.648681640625
v -4832.13916015625 2992.66064453125 3500.852783203125
v -4782.884765625 2313.599853515625 3419.73876953125
v -4788.62939453125 2313.661865234375 3411.90283203125
v -4808.83349609375 2995.388671875 3432.10693359375
v -4782.884765625 2313.599853515625 3419.73876953125
v -4808.83349609375 2995.388671875 3432.10693359375
v -4803.0888671875 2995.32666015625 3439.94287109375
v -4852.595703125 2311.37255859375 3425.18798828125
v -4857.375 2310.93359375 3435.208984375
v -4877.5791015625 2992.66064453125 3455.4130859375
v -4852.595703125 2311.37255859375 3425.18798828125
v -4877.5791015625 2992.66064453125 3455.4130859375
v -4872.7998046875 2993.09912109375 3445.39208984375
v -4813.2822265625 2993.56982421875 3489.025634765625
v -4793.078125 2311.84326171875 3468.821533203125
v -4786.03125 2312.31396484375 3459.986328125
v -4813.2822265625 2993.56982421875 3489.025634765625
v -4786.03125 2312.31396484375 3459.986328125
v -4806.2353515625 2994.04052734375 3480.1904296875
v -4842.16162109375 2310.08642578125 3479.01513671875
v -4832.7685546875 2310.26806640625 3482.277099609375
v -4852.97265625 2991.9951171875 3502.481201171875
v -4842.16162109375 2310.08642578125 3479.01513671875
v -4852.97265625 2991.9951171875 3502.481201171875
v -4862.36572265625 2991.8134765625 3499.21923828125
v -7216.6103515625 1141.626708984375 5805.87158203125
v -7196.40625 459.8998107910156 5785.66748046875
v -7195.84912109375 459.6108093261719 5795.97705078125
v -7216.6103515625 1141.626708984375 5805.87158203125
v -7195.84912109375 459.6108093261719 5795.97705078125
v -7216.05322265625 1141.337646484375 5816.18115234375
v -7138.30126953125 1143.822021484375 5810.103515625
v -7118.09716796875 462.09521484375 5789.8994140625
v -7115.91162109375 462.4718933105469 5779.37548828125
v -7138.30126953125 1143.822021484375 5810.103515625
v -7115.91162109375 462.4718933105469 5779.37548828125
v -7136.11572265625 1144.19873046875 5799.57958984375
v -7179.00732421875 459.4291076660156 5818.94970703125
v -7169.6142578125 459.6108093261719 5822.2119140625
v -7189.818359375 1141.337646484375 5842.416015625
v -7179.00732421875 459.4291076660156 5818.94970703125
v -7189.818359375 1141.337646484375 5842.416015625
v -7199.2109375 1141.156005859375 5839.15380859375
v -7182.3935546875 461.1859130859375 5756.28662109375
v -7189.44140625 460.715087890625 5765.1220703125
v -7209.64501953125 1142.4420166015625 5785.326171875
v -7182.3935546875 461.1859130859375 5756.28662109375
v -7209.64501953125 1142.4420166015625 5785.326171875
v -7202.59765625 1142.9127197265625 5776.49072265625
v -7153.0126953125 462.4718933105469 5742.27392578125
v -7163.537109375 462.09521484375 5744.4599609375
v -7183.7412109375 1143.822021484375 5764.66357421875
v -7153.0126953125 462.4718933105469 5742.27392578125
v -7183.7412109375 1143.822021484375 5764.66357421875
v -7173.216796875 1144.19873046875 5762.47802734375
v -7179.5087890625 1141.626708984375 5842.97314453125
v -7159.3046875 459.8998107910156 5822.76904296875
v -7148.78076171875 460.2764892578125 5820.58349609375
v -7179.5087890625 1141.626708984375 5842.97314453125
v -7148.78076171875 460.2764892578125 5820.58349609375
v -7168.98486328125 1142.00341796875 5840.787109375
v -5991.2529296875 2057.413330078125 4679.8486328125
v -5971.048828125 1375.6864013671875 4659.64453125
v -5962.21337890625 1376.1571044921875 4652.59716796875
v -5991.2529296875 2057.413330078125 4679.8486328125
v -5962.21337890625 1376.1571044921875 4652.59716796875
v -5982.41748046875 2057.884033203125 4672.80126953125
v -7125.47509765625 463.0046081542969 5751.837890625
v -7133.310546875 462.9425964355469 5746.09326171875
v -7153.5146484375 1144.66943359375 5766.29736328125
v -7125.47509765625 463.0046081542969 5751.837890625
v -7153.5146484375 1144.66943359375 5766.29736328125
v -7145.67919921875 1144.7314453125 5772.0419921875
v -7115.91162109375 462.4718933105469 5779.37548828125
v -7116.46875 462.7608947753906 5769.06591796875
v -7136.6728515625 1144.48779296875 5789.27001953125
v -7115.91162109375 462.4718933105469 5779.37548828125
v -7136.6728515625 1144.48779296875 5789.27001953125
v -7136.11572265625 1144.19873046875 5799.57958984375
v -4855.74169921875 2310.08642578125 3465.43505859375
v -4849.9970703125 2310.0244140625 3473.270751953125
v -4870.201171875 2991.75146484375 3493.474853515625
v -4855.74169921875 2310.08642578125 3465.43505859375
v -4870.201171875 2991.75146484375 3493.474853515625
v -4875.94580078125 2991.8134765625 3485.63916015625
v -5965.599609375 1377.913818359375 4589.93408203125
v -5974.99267578125 1377.732177734375 4586.671875
v -5995.19677734375 2059.458984375 4606.8759765625
v -5965.599609375 1377.913818359375 4589.93408203125
v -5995.19677734375 2059.458984375 4606.8759765625
v -5985.8037109375 2059.640869140625 4610.13818359375
v -5957.7646484375 1377.975830078125 4595.6787109375
v -5965.599609375 1377.913818359375 4589.93408203125
v -5985.8037109375 2059.640869140625 4610.13818359375
v -5957.7646484375 1377.975830078125 4595.6787109375
v -5985.8037109375 2059.640869140625 4610.13818359375
v -5977.96875 2059.70263671875 4615.8828125
v -6005.84716796875 1376.6279296875 4593.080078125
v -6014.6826171875 1376.1571044921875 4600.1279296875
v -6034.88671875 2057.884033203125 4620.33203125
v -6005.84716796875 1376.6279296875 4593.080078125
v -6034.88671875 2057.884033203125 4620.33203125
v -6026.05126953125 2058.354736328125 4613.2841796875
v -4788.62939453125 2313.661865234375 3411.90283203125
v -4796.46484375 2313.599853515625 3406.15869140625
v -4816.6689453125 2995.32666015625 3426.36279296875
v -4788.62939453125 2313.661865234375 3411.90283203125
v -4816.6689453125 2995.32666015625 3426.36279296875
v -4808.83349609375 2995.388671875 3432.10693359375
v -4816.1669921875 2313.129150390625 3402.33935546875
v -4826.69140625 2312.75244140625 3404.525146484375
v -4846.8955078125 2994.4794921875 3424.729248046875
v -4816.1669921875 2313.129150390625 3402.33935546875
v -4846.8955078125 2994.4794921875 3424.729248046875
v -4836.37109375 2994.85595703125 3422.54345703125
v -4826.69140625 2312.75244140625 3404.525146484375
v -4836.71240234375 2312.31396484375 3409.304931640625
v -4856.91650390625 2994.04052734375 3429.509033203125
v -4826.69140625 2312.75244140625 3404.525146484375
v -4856.91650390625 2994.04052734375 3429.509033203125
v -4846.8955078125 2994.4794921875 3424.729248046875
vt 1.750100016593933 9
vt 1.750100016593933 0
vt 1.8969000577926636 0
vt 1.750100016593933 9
vt 1.8969000577926636 0
vt 1.8969000577926636 9
vt 1.4702999591827393 9
vt 1.4702999591827393 0
vt 1.6172000169754028 0
vt 1.4702999591827393 9
vt 1.6172000169754028 0
vt 1.6172000169754028 9
vt 42.375999450683594 31.5625
vt 42.375999450683594 22.5625
vt 42.52289962768555 22.5625
vt 42.375999450683594 31.5625
vt 42.52289962768555 22.5625
vt 42.52289962768555 31.5625
vt 35.85150146484375 31.5625
vt 35.85150146484375 22.5625
vt 35.99829864501953 22.5625
vt 35.85150146484375 31.5625
vt 35.99829864501953 22.5625
vt 35.99829864501953 31.5625
vt -45.46969985961914 22.5625
vt -45.322898864746094 22.5625
vt -45.322898864746094 31.5625
vt -45.46969985961914 22.5625
vt -45.322898864746094 31.5625
vt -45.46969985961914 31.5625
vt 27.309200286865234 22.5625
vt 27.456100463867188 22.5625
vt 27.456100463867188 31.5625
vt 27.309200286865234 22.5625
vt 27.456100463867188 31.5625
vt 27.309200286865234 31.5625
vt -35.99829864501953 22.5625
vt -35.85150146484375 22.5625
vt -35.85150146484375 31.5625
vt -35.99829864501953 22.5625
vt -35.85150146484375 31.5625
vt -35.99829864501953 31.5625
vt 13.769700050354004 11.150400161743164
vt 13.916500091552734 11.150400161743164
vt 13.916500091552734 20.150400161743164
vt 13.769700050354004 11.150400161743164
vt 13.916500091552734 20.150400161743164
vt 13.769700050354004 20.150400161743164
vt -21.673099517822266 11.150400161743164
vt -21.52630043029785 11.150400161743164
vt -21.52630043029785 20.150400161743164
vt -21.673099517822266 11.150400161743164
vt -21.52630043029785 20.150400161743164
vt -21.673099517822266 20.150400161743164
vt -8.46969985961914 20.150400161743164
vt -8.46969985961914 11.150400161743164
vt -8.322799682617188 11.150400161743164
vt -8.46969985961914 20.150400161743164
vt -8.322799682617188 11.150400161743164
vt -8.322799682617188 20.150400161743164
vt -28.348600387573242 22.5625
vt -28.20170021057129 22.5625
vt -28.20170021057129 31.5625
vt -28.348600387573242 22.5625
vt -28.20170021057129 31.5625
vt -28.348600387573242 31.5625
vt -23.454299926757812 11.150400161743164
vt -23.3075008392334 11.150400161743164
vt -23.3075008392334 20.150400161743164
vt -23.454299926757812 11.150400161743164
vt -23.3075008392334 20.150400161743164
vt -23.454299926757812 20.150400161743164
vt 21.52630043029785 20.150400161743164
vt 21.52630043029785 11.150400161743164
vt 21.673099517822266 11.150400161743164
vt 21.52630043029785 20.150400161743164
vt 21.673099517822266 11.150400161743164
vt 21.673099517822266 20.150400161743164
vt 23.3075008392334 20.150400161743164
vt 23.3075008392334 11.150400161743164
vt 23.454299926757812 11.150400161743164
vt 23.3075008392334 20.150400161743164
vt 23.454299926757812 11.150400161743164
vt 23.454299926757812 20.150400161743164
vt -27.456100463867188 22.5625
vt -27.309200286865234 22.5625
vt -27.309200286865234 31.5625
vt -27.456100463867188 22.5625
vt -27.309200286865234 31.5625
vt -27.456100463867188 31.5625
vt 18.273099899291992 20.150400161743164
vt 18.273099899291992 11.150400161743164
vt 18.41990089416504 11.150400161743164
vt 18.273099899291992 20.150400161743164
vt 18.41990089416504 11.150400161743164
vt 18.41990089416504 20.150400161743164
vt -22.223800659179688 11.150400161743164
vt -22.076900482177734 11.150400161743164
vt -22.076900482177734 20.150400161743164
vt -22.223800659179688 11.150400161743164
vt -22.076900482177734 20.150400161743164
vt -22.223800659179688 20.150400161743164
vt 22.076900482177734 20.150400161743164
vt 22.076900482177734 11.150400161743164
vt 22.223800659179688 11.150400161743164
vt 22.076900482177734 20.150400161743164
vt 22.223800659179688 11.150400161743164
vt 22.223800659179688 20.150400161743164
vt 2.303800106048584 11.150400161743164
vt 2.4505999088287354 11.150400161743164
vt 2.4505999088287354 20.150400161743164
vt 2.303800106048584 11.150400161743164
vt 2.4505999088287354 20.150400161743164
vt 2.303800106048584 20.150400161743164
vt 3.7304000854492188 11.150400161743164
vt 3.87719988822937 11.150400161743164
vt 3.87719988822937 20.150400161743164
vt 3.7304000854492188 11.150400161743164
vt 3.87719988822937 20.150400161743164
vt 3.7304000854492188 20.150400161743164
vt 8.322799682617188 11.150400161743164
vt 8.46969985961914 11.150400161743164
vt 8.46969985961914 20.150400161743164
vt 8.322799682617188 11.150400161743164
vt 8.46969985961914 20.150400161743164
vt 8.322799682617188 20.150400161743164
vt 19.149099349975586 20.150400161743164
vt 19.149099349975586 11.150400161743164
vt 19.295900344848633 11.150400161743164
vt 19.149099349975586 20.150400161743164
vt 19.295900344848633 11.150400161743164
vt 19.295900344848633 20.150400161743164
vt -2.4505999088287354 11.150400161743164
vt -2.303800106048584 11.150400161743164
vt -2.303800106048584 20.150400161743164
vt -2.4505999088287354 11.150400161743164
vt -2.303800106048584 20.150400161743164
vt -2.4505999088287354 20.150400161743164
vt 0.7674000263214111 0
vt 0.9142000079154968 0
vt 0.9142000079154968 9
vt 0.7674000263214111 0
vt 0.9142000079154968 9
vt 0.7674000263214111 9
vt -1.232200026512146 0
vt -1.0853999853134155 0
vt -1.0853999853134155 9
vt -1.232200026512146 0
vt -1.0853999853134155 9
vt -1.232200026512146 9
vt 0.11020000278949738 0
vt 0.25699999928474426 0
vt 0.25699999928474426 9
vt 0.11020000278949738 0
vt 0.25699999928474426 9
vt 0.11020000278949738 9
vt 1.566499948501587 0
vt 1.7134000062942505 0
vt 1.7134000062942505 9
vt 1.566499948501587 0
vt 1.7134000062942505 9
vt 1.566499948501587 9
vt -18.41990089416504 11.150400161743164
vt -18.273099899291992 11.150400161743164
vt -18.273099899291992 20.150400161743164
vt -18.41990089416504 11.150400161743164
vt -18.273099899291992 20.150400161743164
vt -18.41990089416504 20.150400161743164
vt 1.926200032234192 9
vt 1.926200032234192 0
vt 2.072999954223633 0
vt 1.926200032234192 9
vt 2.072999954223633 0
vt 2.072999954223633 9
vt -0.25699999928474426 9
vt -0.25699999928474426 0
vt -0.11020000278949738 0
vt -0.25699999928474426 9
vt -0.11020000278949738 0
vt -0.11020000278949738 9
vt 9.652199745178223 11.150400161743164
vt 9.798999786376953 11.150400161743164
vt 9.798999786376953 20.150400161743164
vt 9.652199745178223 11.150400161743164
vt 9.798999786376953 20.150400161743164
vt 9.652199745178223 20.150400161743164
vt -2.072999954223633 0
vt -1.926200032234192 0
vt -1.926200032234192 9
vt -2.072999954223633 0
vt -1.926200032234192 9
vt -2.072999954223633 9
vt 14.911199569702148 11.150400161743164
vt 15.058099746704102 11.150400161743164
vt 15.058099746704102 20.150400161743164
vt 14.911199569702148 11.150400161743164
vt 15.058099746704102 20.150400161743164
vt 14.911199569702148 20.150400161743164
vt -2.0524001121520996 0
vt -1.9055999517440796 0
vt -1.9055999517440796 9
vt -2.0524001121520996 0
vt -1.9055999517440796 9
vt -2.0524001121520996 9
vt -1.7134000062942505 9
vt -1.7134000062942505 0
vt -1.566499948501587 0
vt -1.7134000062942505 9
vt -1.566499948501587 0
vt -1.566499948501587 9
vt 0.2667999863624573 0
vt 0.41359999775886536 0
vt 0.41359999775886536 9
vt 0.2667999863624573 0
vt 0.41359999775886536 9
vt 0.2667999863624573 9
vt -1.6172000169754028 0
vt -1.4702999591827393 0
vt -1.4702999591827393 9
vt -1.6172000169754028 0
vt -1.4702999591827393 9
vt -1.6172000169754028 9
vt -1.3574999570846558 9
vt -1.3574999570846558 0
vt -1.2107000350952148 0
vt -1.3574999570846558 9
vt -1.2107000350952148 0
vt -1.2107000350952148 9
vt -15.058099746704102 20.150400161743164
vt -15.058099746704102 11.150400161743164
vt -14.911199569702148 11.150400161743164
vt -15.058099746704102 20.150400161743164
vt -14.911199569702148 11.150400161743164
vt -14.911199569702148 20.150400161743164
vt 1.9055999517440796 9
vt 1.9055999517440796 0
vt 2.0524001121520996 0
vt 1.9055999517440796 9
vt 2.0524001121520996 0
vt 2.0524001121520996 9
vt -18.087099075317383 22.5625
vt -17.940200805664062 22.5625
vt -17.940200805664062 31.5625
vt -18.087099075317383 22.5625
vt -17.940200805664062 31.5625
vt -18.087099075317383 31.5625
vt -0.41359999775886536 0
vt -0.2667999863624573 0
vt -0.2667999863624573 9
vt -0.41359999775886536 0
vt -0.2667999863624573 9
vt -0.41359999775886536 9
vt -13.916500091552734 11.150400161743164
vt -13.769700050354004 11.150400161743164
vt -13.769700050354004 20.150400161743164
vt -13.916500091552734 11.150400161743164
vt -13.769700050354004 20.150400161743164
vt -13.916500091552734 20.150400161743164
vt 28.20170021057129 22.5625
vt 28.348600387573242 22.5625
vt 28.348600387573242 31.5625
vt 28.20170021057129 22.5625
vt 28.348600387573242 31.5625
vt 28.20170021057129 31.5625
vt -19.295900344848633 11.150400161743164
vt -19.149099349975586 11.150400161743164
vt -19.149099349975586 20.150400161743164
vt -19.295900344848633 11.150400161743164
vt -19.149099349975586 20.150400161743164
vt -19.295900344848633 20.150400161743164
vt 16.90089988708496 22.5625
vt 17.047700881958008 22.5625
vt 17.047700881958008 31.5625
vt 16.90089988708496 22.5625
vt 17.047700881958008 31.5625
vt 16.90089988708496 31.5625
vt 41.945499420166016 31.5625
vt 41.945499420166016 22.5625
vt 42.09239959716797 22.5625
vt 41.945499420166016 31.5625
vt 42.09239959716797 22.5625
vt 42.09239959716797 31.5625
vt 6.451099872589111 22.5625
vt 6.5980000495910645 22.5625
vt 6.5980000495910645 31.5625
vt 6.451099872589111 22.5625
vt 6.5980000495910645 31.5625
vt 6.451099872589111 31.5625
vt -17.047700881958008 22.5625
vt -16.90089988708496 22.5625
vt -16.90089988708496 31.5625
vt -17.047700881958008 22.5625
vt -16.90089988708496 31.5625
vt -17.047700881958008 31.5625
vt -45.322898864746094 22.5625
vt -45.17599868774414 22.5625
vt -45.17599868774414 31.5625
vt -45.322898864746094 22.5625
vt -45.17599868774414 31.5625
vt -45.322898864746094 31.5625
vt 45.322898864746094 31.5625
vt 45.322898864746094 22.5625
vt 45.46969985961914 22.5625
vt 45.322898864746094 31.5625
vt 45.46969985961914 22.5625
vt 45.46969985961914 31.5625
vt 36.53630065917969 31.5625
vt 36.53630065917969 22.5625
vt 36.68320083618164 22.5625
vt 36.53630065917969 31.5625
vt 36.68320083618164 22.5625
vt 36.68320083618164 31.5625
vt 5.3358001708984375 22.5625
vt 5.482600212097168 22.5625
vt 5.482600212097168 31.5625
vt 5.3358001708984375 22.5625
vt 5.482600212097168 31.5625
vt 5.3358001708984375 31.5625
vt -42.09239959716797 22.5625
vt -41.945499420166016 22.5625
vt -41.945499420166016 31.5625
vt -42.09239959716797 22.5625
vt -41.945499420166016 31.5625
vt -42.09239959716797 31.5625
vt 45.17599868774414 31.5625
vt 45.17599868774414 22.5625
vt 45.322898864746094 22.5625
vt 45.17599868774414 31.5625
vt 45.322898864746094 22.5625
vt 45.322898864746094 31.5625
vt 17.940200805664062 22.5625
vt 18.087099075317383 22.5625
vt 18.087099075317383 31.5625
vt 17.940200805664062 22.5625
vt 18.087099075317383 31.5625
vt 17.940200805664062 31.5625
vt -0.7682999968528748 9
vt -0.7682999968528748 0
vt -0.6215000152587891 0
vt -0.7682999968528748 9
vt -0.6215000152587891 0
vt -0.6215000152587891 9
vt 1.0853999853134155 9
vt 1.0853999853134155 0
vt 1.232200026512146 0
vt 1.0853999853134155 9
vt 1.232200026512146 0
vt 1.232200026512146 9
vt 1.2107000350952148 0
vt 1.3574999570846558 0
vt 1.3574999570846558 9
vt 1.2107000350952148 0
vt 1.3574999570846558 9
vt 1.2107000350952148 9
vt -1.8969000577926636 0
vt -1.750100016593933 0
vt -1.750100016593933 9
vt -1.8969000577926636 0
vt -1.750100016593933 9
vt -1.8969000577926636 9
vt -1.9573999643325806 0
vt -1.8106000423431396 0
vt -1.8106000423431396 9
vt -1.9573999643325806 0
vt -1.8106000423431396 9
vt -1.9573999643325806 9
vt 1.8106000423431396 9
vt 1.8106000423431396 0
vt 1.9573999643325806 0
vt 1.8106000423431396 9
vt 1.9573999643325806 0
vt 1.9573999643325806 9
vt 23.49530029296875 20.150400161743164
vt 23.49530029296875 11.150400161743164
vt 23.642099380493164 11.150400161743164
vt 23.49530029296875 20.150400161743164
vt 23.642099380493164 11.150400161743164
vt 23.642099380493164 20.150400161743164
vt -0.9142000079154968 0
vt -0.7682999968528748 0
vt -0.7682999968528748 9
vt -0.9142000079154968 0
vt -0.7682999968528748 9
vt -0.9142000079154968 9
vt 0.6215000152587891 0
vt 0.7674000263214111 0
vt 0.7674000263214111 9
vt 0.6215000152587891 0
vt 0.7674000263214111 9
vt 0.6215000152587891 9
vt -5.482600212097168 22.5625
vt -5.3358001708984375 22.5625
vt -5.3358001708984375 31.5625
vt -5.482600212097168 22.5625
vt -5.3358001708984375 31.5625
vt -5.482600212097168 31.5625
vt -9.798999786376953 11.150400161743164
vt -9.652199745178223 11.150400161743164
vt -9.652199745178223 20.150400161743164
vt -9.798999786376953 11.150400161743164
vt -9.652199745178223 20.150400161743164
vt -9.798999786376953 20.150400161743164
vt -3.87719988822937 11.150400161743164
vt -3.7304000854492188 11.150400161743164
vt -3.7304000854492188 20.150400161743164
vt -3.87719988822937 11.150400161743164
vt -3.7304000854492188 20.150400161743164
vt -3.87719988822937 20.150400161743164
vt -23.642099380493164 11.150400161743164
vt -23.49530029296875 11.150400161743164
vt -23.49530029296875 20.150400161743164
vt -23.642099380493164 11.150400161743164
vt -23.49530029296875 20.150400161743164
vt -23.642099380493164 20.150400161743164
vt -6.5980000495910645 22.5625
vt -6.451099872589111 22.5625
vt -6.451099872589111 31.5625
vt -6.5980000495910645 22.5625
vt -6.451099872589111 31.5625
vt -6.5980000495910645 31.5625
vt -36.68320083618164 22.5625
vt -36.53630065917969 22.5625
vt -36.53630065917969 31.5625
vt -36.68320083618164 22.5625
vt -36.53630065917969 31.5625
vt -36.68320083618164 31.5625
vt -42.52289962768555 22.5625
vt -42.375999450683594 22.5625
vt -42.375999450683594 31.5625
vt -42.52289962768555 22.5625
vt -42.375999450683594 31.5625
vt -42.52289962768555 31.5625
vn 0.7071067811865476 0 0.7071067811865476
vn 0.7071067811865476 0 0.7071067811865476
vn 0.865856935467199 0.010799463403234979 0.5001751082306604
vn 0.7071067811865476 0 0.7071067811865476
vn 0.865856935467199 0.010799463403234979 0.5001751082306604
vn 0.865856935467199 0.010799463403234979 0.5001751082306604
vn 0.865856935467199 0.010799463403234979 0.5001751082306604
vn 0.865856935467199 0.010799463403234979 0.5001751082306604
vn 0.9656227054565216 0.020900491039417046 0.259106079012321
vn 0.865856935467199 0.010799463403234979 0.5001751082306604
vn 0.9656227054565216 0.020900491039417046 0.259106079012321
vn 0.9656227054565216 0.020900491039417046 0.259106079012321
vn 0.259106079012321 -0.020900491039417046 0.9656227054565216
vn 0.259106079012321 -0.020900491039417046 0.9656227054565216
vn 0.5001751082306604 -0.010799463403234979 0.865856935467199
vn 0.259106079012321 -0.020900491039417046 0.9656227054565216
vn 0.5001751082306604 -0.010799463403234979 0.865856935467199
vn 0.5001751082306604 -0.010799463403234979 0.865856935467199
vn 0.9656227054565216 0.020900491039417046 0.259106079012321
vn 0.9656227054565216 0.020900491039417046 0.259106079012321
vn 0.9995617774822358 0.029598868370175564 0.00039998469747979596
vn 0.9656227054565216 0.020900491039417046 0.259106079012321
vn 0.9995617774822358 0.029598868370175564 0.00039998469747979596
vn 0.9995617774822358 0.029598868370175564 0.00039998469747979596
vn -0.5001751082306604 0.010799463403234979 -0.865856935467199
vn -0.7071067811865476 0 -0.7071067811865476
vn -0.7071067811865476 0 -0.7071067811865476
vn -0.5001751082306604 0.010799463403234979 -0.865856935467199
vn -0.7071067811865476 0 -0.7071067811865476
vn -0.5001751082306604 0.010799463403234979 -0.865856935467199
vn 0.9995617774822358 0.029598868370175564 0.00039998469747979596
vn 0.9653837112041715 0.03629938805990052 -0.258295653405429
vn 0.9653837112041715 0.03629938805990052 -0.258295653405429
vn 0.9995617774822358 0.029598868370175564 0.00039998469747979596
vn 0.9653837112041715 0.03629938805990052 -0.258295653405429
vn 0.9995617774822358 0.029598868370175564 0.00039998469747979596
vn -0.9656227054565216 -0.020900491039417046 -0.259106079012321
vn -0.9995617774822358 -0.029598868370175564 -0.00039998469747979596
vn -0.9995617774822358 -0.029598868370175564 -0.00039998469747979596
vn -0.9656227054565216 -0.020900491039417046 -0.259106079012321
vn -0.9995617774822358 -0.029598868370175564 -0.00039998469747979596
vn -0.9656227054565216 -0.020900491039417046 -0.259106079012321
vn 0.9995617774822358 0.029598868370175564 0.00039998469747979596
vn 0.9653837112041715 0.03629938805990052 -0.258295653405429
vn 0.9653837112041715 0.03629938805990052 -0.258295653405429
vn 0.9995617774822358 0.029598868370175564 0.00039998469747979596
vn 0.9653837112041715 0.03629938805990052 -0.258295653405429
vn 0.9995617774822358 0.029598868370175564 0.00039998469747979596
vn -0.865856935467199 -0.010799463403234979 -0.5001751082306604
vn -0.9656227054565216 -0.020900491039417046 -0.259106079012321
vn -0.9656227054565216 -0.020900491039417046 -0.259106079012321
vn -0.865856935467199 -0.010799463403234979 -0.5001751082306604
vn -0.9656227054565216 -0.020900491039417046 -0.259106079012321
vn -0.865856935467199 -0.010799463403234979 -0.5001751082306604
vn -0.9653837112041715 -0.03629938805990052 0.258295653405429
vn -0.9653837112041715 -0.03629938805990052 0.258295653405429
vn -0.865421782824721 -0.04040101456606246 0.49941255073787866
vn -0.9653837112041715 -0.03629938805990052 0.258295653405429
vn -0.865421782824721 -0.04040101456606246 0.49941255073787866
vn -0.865421782824721 -0.04040101456606246 0.49941255073787866
vn 0.258295653405429 0.03629938805990052 -0.9653837112041715
vn -0.00039998469747979596 0.029598868370175564 -0.9995617774822358
vn -0.00039998469747979596 0.029598868370175564 -0.9995617774822358
vn 0.258295653405429 0.03629938805990052 -0.9653837112041715
vn -0.00039998469747979596 0.029598868370175564 -0.9995617774822358
vn 0.258295653405429 0.03629938805990052 -0.9653837112041715
vn -0.7071067811865476 0 -0.7071067811865476
vn -0.865856935467199 -0.010799463403234979 -0.5001751082306604
vn -0.865856935467199 -0.010799463403234979 -0.5001751082306604
vn -0.7071067811865476 0 -0.7071067811865476
vn -0.865856935467199 -0.010799463403234979 -0.5001751082306604
vn -0.7071067811865476 0 -0.7071067811865476
vn 0.865856935467199 0.010799463403234979 0.5001751082306604
vn 0.865856935467199 0.010799463403234979 0.5001751082306604
vn 0.9656227054565216 0.020900491039417046 0.259106079012321
vn 0.865856935467199 0.010799463403234979 0.5001751082306604
vn 0.9656227054565216 0.020900491039417046 0.259106079012321
vn 0.9656227054565216 0.020900491039417046 0.259106079012321
vn 0.7071067811865476 0 0.7071067811865476
vn 0.7071067811865476 0 0.7071067811865476
vn 0.865856935467199 0.010799463403234979 0.5001751082306604
vn 0.7071067811865476 0 0.7071067811865476
vn 0.865856935467199 0.010799463403234979 0.5001751082306604
vn 0.865856935467199 0.010799463403234979 0.5001751082306604
vn -0.9995617774822358 -0.029598868370175564 -0.00039998469747979596
vn -0.9653837112041715 -0.03629938805990052 0.258295653405429
vn -0.9653837112041715 -0.03629938805990052 0.258295653405429
vn -0.9995617774822358 -0.029598868370175564 -0.00039998469747979596
vn -0.9653837112041715 -0.03629938805990052 0.258295653405429
vn -0.9995617774822358 -0.029598868370175564 -0.00039998469747979596
vn 0.9656227054565216 0.020900491039417046 0.259106079012321
vn 0.9656227054565216 0.020900491039417046 0.259106079012321
vn 0.9995617774822358 0.029598868370175564 0.00039998469747979596
vn 0.9656227054565216 0.020900491039417046 0.259106079012321
vn 0.9995617774822358 0.029598868370175564 0.00039998469747979596
vn 0.9995617774822358 0.029598868370175564 0.00039998469747979596
vn -0.259106079012321 0.020900491039417046 -0.9656227054565216
vn -0.5001751082306604 0.010799463403234979 -0.865856935467199
vn -0.5001751082306604 0.010799463403234979 -0.865856935467199
vn -0.259106079012321 0.020900491039417046 -0.9656227054565216
vn -0.5001751082306604 0.010799463403234979 -0.865856935467199
vn -0.259106079012321 0.020900491039417046 -0.9656227054565216
vn 0.259106079012321 -0.020900491039417046 0.9656227054565216
vn 0.259106079012321 -0.020900491039417046 0.9656227054565216
vn 0.5001751082306604 -0.010799463403234979 0.865856935467199
vn 0.259106079012321 -0.020900491039417046 0.9656227054565216
vn 0.5001751082306604 -0.010799463403234979 0.865856935467199
vn 0.5001751082306604 -0.010799463403234979 0.865856935467199
vn 0.865421782824721 0.04040101456606246 -0.49941255073787866
vn 0.7064858315144357 0.041899161551429365 -0.7064858315144357
vn 0.7064858315144357 0.041899161551429365 -0.7064858315144357
vn 0.865421782824721 0.04040101456606246 -0.49941255073787866
vn 0.7064858315144357 0.041899161551429365 -0.7064858315144357
vn 0.865421782824721 0.04040101456606246 -0.49941255073787866
vn -0.7064858315144357 -0.041899161551429365 0.7064858315144357
vn -0.49941255073787866 -0.04040101456606246 0.865421782824721
vn -0.49941255073787866 -0.04040101456606246 0.865421782824721
vn -0.7064858315144357 -0.041899161551429365 0.7064858315144357
vn -0.49941255073787866 -0.04040101456606246 0.865421782824721
vn -0.7064858315144357 -0.041899161551429365 0.7064858315144357
vn 0.9653837112041715 0.03629938805990052 -0.258295653405429
vn 0.865421782824721 0.04040101456606246 -0.49941255073787866
vn 0.865421782824721 0.04040101456606246 -0.49941255073787866
vn 0.9653837112041715 0.03629938805990052 -0.258295653405429
vn 0.865421782824721 0.04040101456606246 -0.49941255073787866
vn 0.9653837112041715 0.03629938805990052 -0.258295653405429
vn 0.00039998469747979596 -0.029598868370175564 0.9995617774822358
vn 0.00039998469747979596 -0.029598868370175564 0.9995617774822358
vn 0.259106079012321 -0.020900491039417046 0.9656227054565216
vn 0.00039998469747979596 -0.029598868370175564 0.9995617774822358
vn 0.259106079012321 -0.020900491039417046 0.9656227054565216
vn 0.259106079012321 -0.020900491039417046 0.9656227054565216
vn -0.865421782824721 -0.04040101456606246 0.49941255073787866
vn -0.7064858315144357 -0.041899161551429365 0.7064858315144357
vn -0.7064858315144357 -0.041899161551429365 0.7064858315144357
vn -0.865421782824721 -0.04040101456606246 0.49941255073787866
vn -0.7064858315144357 -0.041899161551429365 0.7064858315144357
vn -0.865421782824721 -0.04040101456606246 0.49941255073787866
vn -0.7064858315144357 -0.041899161551429365 0.7064858315144357
vn -0.49941255073787866 -0.04040101456606246 0.865421782824721
vn -0.49941255073787866 -0.04040101456606246 0.865421782824721
vn -0.7064858315144357 -0.041899161551429365 0.7064858315144357
vn -0.49941255073787866 -0.04040101456606246 0.865421782824721
vn -0.7064858315144357 -0.041899161551429365 0.7064858315144357
vn -0.9656227054565216 -0.020900491039417046 -0.259106079012321
vn -0.9995617774822358 -0.029598868370175564 -0.00039998469747979596
vn -0.9995617774822358 -0.029598868370175564 -0.00039998469747979596
vn -0.9656227054565216 -0.020900491039417046 -0.259106079012321
vn -0.9995617774822358 -0.029598868370175564 -0.00039998469747979596
vn -0.9656227054565216 -0.020900491039417046 -0.259106079012321
vn 0.9653837112041715 0.03629938805990052 -0.258295653405429
vn 0.865421782824721 0.04040101456606246 -0.49941255073787866
vn 0.865421782824721 0.04040101456606246 -0.49941255073787866
vn 0.9653837112041715 0.03629938805990052 -0.258295653405429
vn 0.865421782824721 0.04040101456606246 -0.49941255073787866
vn 0.9653837112041715 0.03629938805990052 -0.258295653405429
vn -0.258295653405429 -0.03629938805990052 0.9653837112041715
vn 0.00039998469747979596 -0.029598868370175564 0.9995617774822358
vn 0.00039998469747979596 -0.029598868370175564 0.9995617774822358
vn -0.258295653405429 -0.03629938805990052 0.9653837112041715
vn 0.00039998469747979596 -0.029598868370175564 0.9995617774822358
vn -0.258295653405429 -0.03629938805990052 0.9653837112041715
vn -0.9656227054565216 -0.020900491039417046 -0.259106079012321
vn -0.9995617774822358 -0.029598868370175564 -0.00039998469747979596
vn -0.9995617774822358 -0.029598868370175564 -0.00039998469747979596
vn -0.9656227054565216 -0.020900491039417046 -0.259106079012321
vn -0.9995617774822358 -0.029598868370175564 -0.00039998469747979596
vn -0.9656227054565216 -0.020900491039417046 -0.259106079012321
vn 0.259106079012321 -0.020900491039417046 0.9656227054565216
vn 0.259106079012321 -0.020900491039417046 0.9656227054565216
vn 0.5001751082306604 -0.010799463403234979 0.865856935467199
vn 0.259106079012321 -0.020900491039417046 0.9656227054565216
vn 0.5001751082306604 -0.010799463403234979 0.865856935467199
vn 0.5001751082306604 -0.010799463403234979 0.865856935467199
vn -0.9653837112041715 -0.03629938805990052 0.258295653405429
vn -0.9653837112041715 -0.03629938805990052 0.258295653405429
vn -0.865421782824721 -0.04040101456606246 0.49941255073787866
vn -0.9653837112041715 -0.03629938805990052 0.258295653405429
vn -0.865421782824721 -0.04040101456606246 0.49941255073787866
vn -0.865421782824721 -0.04040101456606246 0.49941255073787866
vn -0.49941255073787866 -0.04040101456606246 0.865421782824721
vn -0.258295653405429 -0.03629938805990052 0.9653837112041715
vn -0.258295653405429 -0.03629938805990052 0.9653837112041715
vn -0.49941255073787866 -0.04040101456606246 0.865421782824721
vn -0.258295653405429 -0.03629938805990052 0.9653837112041715
vn -0.49941255073787866 -0.04040101456606246 0.865421782824721
vn -0.259106079012321 0.020900491039417046 -0.9656227054565216
vn -0.5001751082306604 0.010799463403234979 -0.865856935467199
vn -0.5001751082306604 0.010799463403234979 -0.865856935467199
vn -0.259106079012321 0.020900491039417046 -0.9656227054565216
vn -0.5001751082306604 0.010799463403234979 -0.865856935467199
vn -0.259106079012321 0.020900491039417046 -0.9656227054565216
vn -0.258295653405429 -0.03629938805990052 0.9653837112041715
vn 0.00039998469747979596 -0.029598868370175564 0.9995617774822358
vn 0.00039998469747979596 -0.029598868370175564 0.9995617774822358
vn -0.258295653405429 -0.03629938805990052 0.9653837112041715
vn 0.00039998469747979596 -0.029598868370175564 0.9995617774822358
vn -0.258295653405429 -0.03629938805990052 0.9653837112041715
vn -0.5001751082306604 0.010799463403234979 -0.865856935467199
vn -0.7071067811865476 0 -0.7071067811865476
vn -0.7071067811865476 0 -0.7071067811865476
vn -0.5001751082306604 0.010799463403234979 -0.865856935467199
vn -0.7071067811865476 0 -0.7071067811865476
vn -0.5001751082306604 0.010799463403234979 -0.865856935467199
vn 0.258295653405429 0.03629938805990052 -0.9653837112041715
vn 0.258295653405429 0.03629938805990052 -0.9653837112041715
vn -0.00039998469747979596 0.029598868370175564 -0.9995617774822358
vn 0.258295653405429 0.03629938805990052 -0.9653837112041715
vn -0.00039998469747979596 0.029598868370175564 -0.9995617774822358
vn -0.00039998469747979596 0.029598868370175564 -0.9995617774822358
vn -0.865421782824721 -0.04040101456606246 0.49941255073787866
vn -0.7064858315144357 -0.041899161551429365 0.7064858315144357
vn -0.7064858315144357 -0.041899161551429365 0.7064858315144357
vn -0.865421782824721 -0.04040101456606246 0.49941255073787866
vn -0.7064858315144357 -0.041899161551429365 0.7064858315144357
vn -0.865421782824721 -0.04040101456606246 0.49941255073787866
vn -0.865856935467199 -0.010799463403234979 -0.5001751082306604
vn -0.9656227054565216 -0.020900491039417046 -0.259106079012321
vn -0.9656227054565216 -0.020900491039417046 -0.259106079012321
vn -0.865856935467199 -0.010799463403234979 -0.5001751082306604
vn -0.9656227054565216 -0.020900491039417046 -0.259106079012321
vn -0.865856935467199 -0.010799463403234979 -0.5001751082306604
vn 0.49941255073787866 0.04040101456606246 -0.865421782824721
vn 0.49941255073787866 0.04040101456606246 -0.865421782824721
vn 0.258295653405429 0.03629938805990052 -0.9653837112041715
vn 0.49941255073787866 0.04040101456606246 -0.865421782824721
vn 0.258295653405429 0.03629938805990052 -0.9653837112041715
vn 0.258295653405429 0.03629938805990052 -0.9653837112041715
vn 0.258295653405429 0.03629938805990052 -0.9653837112041715
vn 0.258295653405429 0.03629938805990052 -0.9653837112041715
vn -0.00039998469747979596 0.029598868370175564 -0.9995617774822358
vn 0.258295653405429 0.03629938805990052 -0.9653837112041715
vn -0.00039998469747979596 0.029598868370175564 -0.9995617774822358
vn -0.00039998469747979596 0.029598868370175564 -0.9995617774822358
vn 0.5001751082306604 -0.010799463403234979 0.865856935467199
vn 0.5001751082306604 -0.010799463403234979 0.865856935467199
vn 0.7071067811865476 0 0.7071067811865476
vn 0.5001751082306604 -0.010799463403234979 0.865856935467199
vn 0.7071067811865476 0 0.7071067811865476
vn 0.7071067811865476 0 0.7071067811865476
vn 0.49941255073787866 0.04040101456606246 -0.865421782824721
vn 0.258295653405429 0.03629938805990052 -0.9653837112041715
vn 0.258295653405429 0.03629938805990052 -0.9653837112041715
vn 0.49941255073787866 0.04040101456606246 -0.865421782824721
vn 0.258295653405429 0.03629938805990052 -0.9653837112041715
vn 0.49941255073787866 0.04040101456606246 -0.865421782824721
vn 0.865421782824721 0.04040101456606246 -0.49941255073787866
vn 0.7064858315144357 0.041899161551429365 -0.7064858315144357
vn 0.7064858315144357 0.041899161551429365 -0.7064858315144357
vn 0.865421782824721 0.04040101456606246 -0.49941255073787866
vn 0.7064858315144357 0.041899161551429365 -0.7064858315144357
vn 0.865421782824721 0.04040101456606246 -0.49941255073787866
vn -0.9995617774822358 -0.029598868370175564 -0.00039998469747979596
vn -0.9653837112041715 -0.03629938805990052 0.258295653405429
vn -0.9653837112041715 -0.03629938805990052 0.258295653405429
vn -0.9995617774822358 -0.029598868370175564 -0.00039998469747979596
vn -0.9653837112041715 -0.03629938805990052 0.258295653405429
vn -0.9995617774822358 -0.029598868370175564 -0.00039998469747979596
vn -0.258295653405429 -0.03629938805990052 0.9653837112041715
vn 0.00039998469747979596 -0.029598868370175564 0.9995617774822358
vn 0.00039998469747979596 -0.029598868370175564 0.9995617774822358
vn -0.258295653405429 -0.03629938805990052 0.9653837112041715
vn 0.00039998469747979596 -0.029598868370175564 0.9995617774822358
vn -0.258295653405429 -0.03629938805990052 0.9653837112041715
vn -0.00039998469747979596 0.029598868370175564 -0.9995617774822358
vn -0.259106079012321 0.020900491039417046 -0.9656227054565216
vn -0.259106079012321 0.020900491039417046 -0.9656227054565216
vn -0.00039998469747979596 0.029598868370175564 -0.9995617774822358
vn -0.259106079012321 0.020900491039417046 -0.9656227054565216
vn -0.00039998469747979596 0.029598868370175564 -0.9995617774822358
vn 0.9653837112041715 0.03629938805990052 -0.258295653405429
vn 0.865421782824721 0.04040101456606246 -0.49941255073787866
vn 0.865421782824721 0.04040101456606246 -0.49941255073787866
vn 0.9653837112041715 0.03629938805990052 -0.258295653405429
vn 0.865421782824721 0.04040101456606246 -0.49941255073787866
vn 0.9653837112041715 0.03629938805990052 -0.258295653405429
vn 0.865856935467199 0.010799463403234979 0.5001751082306604
vn 0.865856935467199 0.010799463403234979 0.5001751082306604
vn 0.9656227054565216 0.020900491039417046 0.259106079012321
vn 0.865856935467199 0.010799463403234979 0.5001751082306604
vn 0.9656227054565216 0.020900491039417046 0.259106079012321
vn 0.9656227054565216 0.020900491039417046 0.259106079012321
vn -0.7064858315144357 -0.041899161551429365 0.7064858315144357
vn -0.49941255073787866 -0.04040101456606246 0.865421782824721
vn -0.49941255073787866 -0.04040101456606246 0.865421782824721
vn -0.7064858315144357 -0.041899161551429365 0.7064858315144357
vn -0.49941255073787866 -0.04040101456606246 0.865421782824721
vn -0.7064858315144357 -0.041899161551429365 0.7064858315144357
vn -0.9653837112041715 -0.03629938805990052 0.258295653405429
vn -0.865421782824721 -0.04040101456606246 0.49941255073787866
vn -0.865421782824721 -0.04040101456606246 0.49941255073787866
vn -0.9653837112041715 -0.03629938805990052 0.258295653405429
vn -0.865421782824721 -0.04040101456606246 0.49941255073787866
vn -0.9653837112041715 -0.03629938805990052 0.258295653405429
vn -0.7071067811865476 0 -0.7071067811865476
vn -0.865856935467199 -0.010799463403234979 -0.5001751082306604
vn -0.865856935467199 -0.010799463403234979 -0.5001751082306604
vn -0.7071067811865476 0 -0.7071067811865476
vn -0.865856935467199 -0.010799463403234979 -0.5001751082306604
vn -0.7071067811865476 0 -0.7071067811865476
vn 0.5001751082306604 -0.010799463403234979 0.865856935467199
vn 0.5001751082306604 -0.010799463403234979 0.865856935467199
vn 0.7071067811865476 0 0.7071067811865476
vn 0.5001751082306604 -0.010799463403234979 0.865856935467199
vn 0.7071067811865476 0 0.7071067811865476
vn 0.7071067811865476 0 0.7071067811865476
vn 0.00039998469747979596 -0.029598868370175564 0.9995617774822358
vn 0.00039998469747979596 -0.029598868370175564 0.9995617774822358
vn 0.259106079012321 -0.020900491039417046 0.9656227054565216
vn 0.00039998469747979596 -0.029598868370175564 0.9995617774822358
vn 0.259106079012321 -0.020900491039417046 0.9656227054565216
vn 0.259106079012321 -0.020900491039417046 0.9656227054565216
vn 0.865421782824721 0.04040101456606246 -0.49941255073787866
vn 0.7064858315144357 0.041899161551429365 -0.7064858315144357
vn 0.7064858315144357 0.041899161551429365 -0.7064858315144357
vn 0.865421782824721 0.04040101456606246 -0.49941255073787866
vn 0.7064858315144357 0.041899161551429365 -0.7064858315144357
vn 0.865421782824721 0.04040101456606246 -0.49941255073787866
vn -0.865856935467199 -0.010799463403234979 -0.5001751082306604
vn -0.9656227054565216 -0.020900491039417046 -0.259106079012321
vn -0.9656227054565216 -0.020900491039417046 -0.259106079012321
vn -0.865856935467199 -0.010799463403234979 -0.5001751082306604
vn -0.9656227054565216 -0.020900491039417046 -0.259106079012321
vn -0.865856935467199 -0.010799463403234979 -0.5001751082306604
vn 0.7071067811865476 0 0.7071067811865476
vn 0.7071067811865476 0 0.7071067811865476
vn 0.865856935467199 0.010799463403234979 0.5001751082306604
vn 0.7071067811865476 0 0.7071067811865476
vn 0.865856935467199 0.010799463403234979 0.5001751082306604
vn 0.865856935467199 0.010799463403234979 0.5001751082306604
vn -0.49941255073787866 -0.04040101456606246 0.865421782824721
vn -0.258295653405429 -0.03629938805990052 0.9653837112041715
vn -0.258295653405429 -0.03629938805990052 0.9653837112041715
vn -0.49941255073787866 -0.04040101456606246 0.865421782824721
vn -0.258295653405429 -0.03629938805990052 0.9653837112041715
vn -0.49941255073787866 -0.04040101456606246 0.865421782824721
vn -0.9995617774822358 -0.029598868370175564 -0.00039998469747979596
vn -0.9995617774822358 -0.029598868370175564 -0.00039998469747979596
vn -0.9653837112041715 -0.03629938805990052 0.258295653405429
vn -0.9995617774822358 -0.029598868370175564 -0.00039998469747979596
vn -0.9653837112041715 -0.03629938805990052 0.258295653405429
vn -0.9653837112041715 -0.03629938805990052 0.258295653405429
vn 0.9656227054565216 0.020900491039417046 0.259106079012321
vn 0.9656227054565216 0.020900491039417046 0.259106079012321
vn 0.9995617774822358 0.029598868370175564 0.00039998469747979596
vn 0.9656227054565216 0.020900491039417046 0.259106079012321
vn 0.9995617774822358 0.029598868370175564 0.00039998469747979596
vn 0.9995617774822358 0.029598868370175564 0.00039998469747979596
vn -0.49941255073787866 -0.04040101456606246 0.865421782824721
vn -0.258295653405429 -0.03629938805990052 0.9653837112041715
vn -0.258295653405429 -0.03629938805990052 0.9653837112041715
vn -0.49941255073787866 -0.04040101456606246 0.865421782824721
vn -0.258295653405429 -0.03629938805990052 0.9653837112041715
vn -0.49941255073787866 -0.04040101456606246 0.865421782824721
vn -0.7071067811865476 0 -0.7071067811865476
vn -0.865856935467199 -0.010799463403234979 -0.5001751082306604
vn -0.865856935467199 -0.010799463403234979 -0.5001751082306604
vn -0.7071067811865476 0 -0.7071067811865476
vn -0.865856935467199 -0.010799463403234979 -0.5001751082306604
vn -0.7071067811865476 0 -0.7071067811865476
vn -0.00039998469747979596 0.029598868370175564 -0.9995617774822358
vn -0.259106079012321 0.020900491039417046 -0.9656227054565216
vn -0.259106079012321 0.020900491039417046 -0.9656227054565216
vn -0.00039998469747979596 0.029598868370175564 -0.9995617774822358
vn -0.259106079012321 0.020900491039417046 -0.9656227054565216
vn -0.00039998469747979596 0.029598868370175564 -0.9995617774822358
vn 0.00039998469747979596 -0.029598868370175564 0.9995617774822358
vn 0.00039998469747979596 -0.029598868370175564 0.9995617774822358
vn 0.259106079012321 -0.020900491039417046 0.9656227054565216
vn 0.00039998469747979596 -0.029598868370175564 0.9995617774822358
vn 0.259106079012321 -0.020900491039417046 0.9656227054565216
vn 0.259106079012321 -0.020900491039417046 0.9656227054565216
vn 0.5001751082306604 -0.010799463403234979 0.865856935467199
vn 0.5001751082306604 -0.010799463403234979 0.865856935467199
vn 0.7071067811865476 0 0.7071067811865476
vn 0.5001751082306604 -0.010799463403234979 0.865856935467199
vn 0.7071067811865476 0 0.7071067811865476
vn 0.7071067811865476 0 0.7071067811865476
vn 0.7064858315144357 0.041899161551429365 -0.7064858315144357
vn 0.49941255073787866 0.04040101456606246 -0.865421782824721
vn 0.49941255073787866 0.04040101456606246 -0.865421782824721
vn 0.7064858315144357 0.041899161551429365 -0.7064858315144357
vn 0.49941255073787866 0.04040101456606246 -0.865421782824721
vn 0.7064858315144357 0.041899161551429365 -0.7064858315144357
vn 0.9995617774822358 0.029598868370175564 0.00039998469747979596
vn 0.9653837112041715 0.03629938805990052 -0.258295653405429
vn 0.9653837112041715 0.03629938805990052 -0.258295653405429
vn 0.9995617774822358 0.029598868370175564 0.00039998469747979596
vn 0.9653837112041715 0.03629938805990052 -0.258295653405429
vn 0.9995617774822358 0.029598868370175564 0.00039998469747979596
vn -0.865421782824721 -0.04040101456606246 0.49941255073787866
vn -0.7064858315144357 -0.041899161551429365 0.7064858315144357
vn -0.7064858315144357 -0.041899161551429365 0.7064858315144357
vn -0.865421782824721 -0.04040101456606246 0.49941255073787866
vn -0.7064858315144357 -0.041899161551429365 0.7064858315144357
vn -0.865421782824721 -0.04040101456606246 0.49941255073787866
vn 0.49941255073787866 0.04040101456606246 -0.865421782824721
vn 0.258295653405429 0.03629938805990052 -0.9653837112041715
vn 0.258295653405429 0.03629938805990052 -0.9653837112041715
vn 0.49941255073787866 0.04040101456606246 -0.865421782824721
vn 0.258295653405429 0.03629938805990052 -0.9653837112041715
vn 0.49941255073787866 0.04040101456606246 -0.865421782824721
vn 0.7064858315144357 0.041899161551429365 -0.7064858315144357
vn 0.49941255073787866 0.04040101456606246 -0.865421782824721
vn 0.49941255073787866 0.04040101456606246 -0.865421782824721
vn 0.7064858315144357 0.041899161551429365 -0.7064858315144357
vn 0.49941255073787866 0.04040101456606246 -0.865421782824721
vn 0.7064858315144357 0.041899161551429365 -0.7064858315144357
vn -0.5001751082306604 0.010799463403234979 -0.865856935467199
vn -0.7071067811865476 0 -0.7071067811865476
vn -0.7071067811865476 0 -0.7071067811865476
vn -0.5001751082306604 0.010799463403234979 -0.865856935467199
vn -0.7071067811865476 0 -0.7071067811865476
vn -0.5001751082306604 0.010799463403234979 -0.865856935467199
vn 0.7064858315144357 0.041899161551429365 -0.7064858315144357
vn 0.49941255073787866 0.04040101456606246 -0.865421782824721
vn 0.49941255073787866 0.04040101456606246 -0.865421782824721
vn 0.7064858315144357 0.041899161551429365 -0.7064858315144357
vn 0.49941255073787866 0.04040101456606246 -0.865421782824721
vn 0.7064858315144357 0.041899161551429365 -0.7064858315144357
vn -0.00039998469747979596 0.029598868370175564 -0.9995617774822358
vn -0.259106079012321 0.020900491039417046 -0.9656227054565216
vn -0.259106079012321 0.020900491039417046 -0.9656227054565216
vn -0.00039998469747979596 0.029598868370175564 -0.9995617774822358
vn -0.259106079012321 0.020900491039417046 -0.9656227054565216
vn -0.00039998469747979596 0.029598868370175564 -0.9995617774822358
vn -0.259106079012321 0.020900491039417046 -0.9656227054565216
vn -0.5001751082306604 0.010799463403234979 -0.865856935467199
vn -0.5001751082306604 0.010799463403234979 -0.865856935467199
vn -0.259106079012321 0.020900491039417046 -0.9656227054565216
vn -0.5001751082306604 0.010799463403234979 -0.865856935467199
vn -0.259106079012321 0.020900491039417046 -0.9656227054565216
f 853/853/853 854/854/854 855/855/855
f 856/856/856 857/857/857 858/858/858
f 859/859/859 860/860/860 861/861/861
f 862/862/862 863/863/863 864/864/864
f 865/865/865 866/866/866 867/867/867
f 868/868/868 869/869/869 870/870/870
f 871/871/871 872/872/872 873/873/873
f 874/874/874 875/875/875 876/876/876
f 877/877/877 878/878/878 879/879/879
f 880/880/880 881/881/881 882/882/882
f 883/883/883 884/884/884 885/885/885
f 886/886/886 887/887/887 888/888/888
f 889/889/889 890/890/890 891/891/891
f 892/892/892 893/893/893 894/894/894
f 895/895/895 896/896/896 897/897/897
f 898/898/898 899/899/899 900/900/900
f 901/901/901 902/902/902 903/903/903
f 904/904/904 905/905/905 906/906/906
f 907/907/907 908/908/908 909/909/909
f 910/910/910 911/911/911 912/912/912
f 913/913/913 914/914/914 915/915/915
f 916/916/916 917/917/917 918/918/918
f 919/919/919 920/920/920 921/921/921
f 922/922/922 923/923/923 924/924/924
f 925/925/925 926/926/926 927/927/927
f 928/928/928 929/929/929 930/930/930
f 931/931/931 932/932/932 933/933/933
f 934/934/934 935/935/935 936/936/936
f 937/937/937 938/938/938 939/939/939
f 940/940/940 941/941/941 942/942/942
f 943/943/943 944/944/944 945/945/945
f 946/946/946 947/947/947 948/948/948
f 949/949/949 950/950/950 951/951/951
f 952/952/952 953/953/953 954/954/954
f 955/955/955 956/956/956 957/957/957
f 958/958/958 959/959/959 960/960/960
f 961/961/961 962/962/962 963/963/963
f 964/964/964 965/965/965 966/966/966
f 967/967/967 968/968/968 969/969/969
f 970/970/970 971/971/971 972/972/972
f 973/973/973 974/974/974 975/975/975
f 976/976/976 977/977/977 978/978/978
f 979/979/979 980/980/980 981/981/981
f 982/982/982 983/983/983 984/984/984
f 985/985/985 986/986/986 987/987/987
f 988/988/988 989/989/989 990/990/990
f 991/991/991 992/992/992 993/993/993
f 994/994/994 995/995/995 996/996/996
f 997/997/997 998/998/998 999/999/999
f 1000/1000/1000 1001/1001/1001 1002/1002/1002
f 1003/1003/1003 1004/1004/1004 1005/1005/1005
f 1006/1006/1006 1007/1007/1007 1008/1008/1008
f 1009/1009/1009 1010/1010/1010 1011/1011/1011
f 1012/1012/1012 1013/1013/1013 1014/1014/1014
f 1015/1015/1015 1016/1016/1016 1017/1017/1017
f 1018/1018/1018 1019/1019/1019 1020/1020/1020
f 1021/1021/1021 1022/1022/1022 1023/1023/1023
f 1024/1024/1024 1025/1025/1025 1026/1026/1026
f 1027/1027/1027 1028/1028/1028 1029/1029/1029
f 1030/1030/1030 1031/1031/1031 1032/1032/1032
f 1033/1033/1033 1034/1034/1034 1035/1035/1035
f 1036/1036/1036 1037/1037/1037 1038/1038/1038
f 1039/1039/1039 1040/1040/1040 1041/1041/1041
f 1042/1042/1042 1043/1043/1043 1044/1044/1044
f 1045/1045/1045 1046/1046/1046 1047/1047/1047
f 1048/1048/1048 1049/1049/1049 1050/1050/1050
f 1051/1051/1051 1052/1052/1052 1053/1053/1053
f 1054/1054/1054 1055/1055/1055 1056/1056/1056
f 1057/1057/1057 1058/1058/1058 1059/1059/1059
f 1060/1060/1060 1061/1061/1061 1062/1062/1062
f 1063/1063/1063 1064/1064/1064 1065/1065/1065
f 1066/1066/1066 1067/1067/1067 1068/1068/1068
f 1069/1069/1069 1070/1070/1070 1071/1071/1071
f 1072/1072/1072 1073/1073/1073 1074/1074/1074
f 1075/1075/1075 1076/1076/1076 1077/1077/1077
f 1078/1078/1078 1079/1079/1079 1080/1080/1080
f 1081/1081/1081 1082/1082/1082 1083/1083/1083
f 1084/1084/1084 1085/1085/1085 1086/1086/1086
f 1087/1087/1087 1088/1088/1088 1089/1089/1089
f 1090/1090/1090 1091/1091/1091 1092/1092/1092
f 1093/1093/1093 1094/1094/1094 1095/1095/1095
f 1096/1096/1096 1097/1097/1097 1098/1098/1098
f 1099/1099/1099 1100/1100/1100 1101/1101/1101
f 1102/1102/1102 1103/1103/1103 1104/1104/1104
f 1105/1105/1105 1106/1106/1106 1107/1107/1107
f 1108/1108/1108 1109/1109/1109 1110/1110/1110
f 1111/1111/1111 1112/1112/1112 1113/1113/1113
f 1114/1114/1114 1115/1115/1115 1116/1116/1116
f 1117/1117/1117 1118/1118/1118 1119/1119/1119
f 1120/1120/1120 1121/1121/1121 1122/1122/1122
f 1123/1123/1123 1124/1124/1124 1125/1125/1125
f 1126/1126/1126 1127/1127/1127 1128/1128/1128
f 1129/1129/1129 1130/1130/1130 1131/1131/1131
f 1132/1132/1132 1133/1133/1133 1134/1134/1134
f 1135/1135/1135 1136/1136/1136 1137/1137/1137
f 1138/1138/1138 1139/1139/1139 1140/1140/1140
f 1141/1141/1141 1142/1142/1142 1143/1143/1143
f 1144/1144/1144 1145/1145/1145 1146/1146/1146
f 1147/1147/1147 1148/1148/1148 1149/1149/1149
f 1150/1150/1150 1151/1151/1151 1152/1152/1152
f 1153/1153/1153 1154/1154/1154 1155/1155/1155
f 1156/1156/1156 1157/1157/1157 1158/1158/1158
f 1159/1159/1159 1160/1160/1160 1161/1161/1161
f 1162/1162/1162 1163/1163/1163 1164/1164/1164
f 1165/1165/1165 1166/1166/1166 1167/1167/1167
f 1168/1168/1168 1169/1169/1169 1170/1170/1170
f 1171/1171/1171 1172/1172/1172 1173/1173/1173
f 1174/1174/1174 1175/1175/1175 1176/1176/1176
f 1177/1177/1177 1178/1178/1178 1179/1179/1179
f 1180/1180/1180 1181/1181/1181 1182/1182/1182
f 1183/1183/1183 1184/1184/1184 1185/1185/1185
f 1186/1186/1186 1187/1187/1187 1188/1188/1188
f 1189/1189/1189 1190/1190/1190 1191/1191/1191
f 1192/1192/1192 1193/1193/1193 1194/1194/1194
f 1195/1195/1195 1196/1196/1196 1197/1197/1197
f 1198/1198/1198 1199/1199/1199 1200/1200/1200
f 1201/1201/1201 1202/1202/1202 1203/1203/1203
f 1204/1204/1204 1205/1205/1205 1206/1206/1206
f 1207/1207/1207 1208/1208/1208 1209/1209/1209
f 1210/1210/1210 1211/1211/1211 1212/1212/1212
f 1213/1213/1213 1214/1214/1214 1215/1215/1215
f 1216/1216/1216 1217/1217/1217 1218/1218/1218
f 1219/1219/1219 1220/1220/1220 1221/1221/1221
f 1222/1222/1222 1223/1223/1223 1224/1224/1224
f 1225/1225/1225 1226/1226/1226 1227/1227/1227
f 1228/1228/1228 1229/1229/1229 1230/1230/1230
f 1231/1231/1231 1232/1232/1232 1233/1233/1233
f 1234/1234/1234 1235/1235/1235 1236/1236/1236
f 1237/1237/1237 1238/1238/1238 1239/1239/1239
f 1240/1240/1240 1241/1241/1241 1242/1242/1242
f 1243/1243/1243 1244/1244/1244 1245/1245/1245
f 1246/1246/1246 1247/1247/1247 1248/1248/1248
f 1249/1249/1249 1250/1250/1250 1251/1251/1251
f 1252/1252/1252 1253/1253/1253 1254/1254/1254
f 1255/1255/1255 1256/1256/1256 1257/1257/1257
f 1258/1258/1258 1259/1259/1259 1260/1260/1260
f 1261/1261/1261 1262/1262/1262 1263/1263/1263
f 1264/1264/1264 1265/1265/1265 1266/1266/1266
f 1267/1267/1267 1268/1268/1268 1269/1269/1269
f 1270/1270/1270 1271/1271/1271 1272/1272/1272
f 1273/1273/1273 1274/1274/1274 1275/1275/1275
f 1276/1276/1276 1277/1277/1277 1278/1278/1278
f 1279/1279/1279 1280/1280/1280 1281/1281/1281
f 1282/1282/1282 1283/1283/1283 1284/1284/1284
o Group_380
usemtl wire_028089177
v 5406.80322265625 998.468994140625 -7108.01416015625
v 5279.87841796875 990.94580078125 -6981.08935546875
v 7098.81689453125 990.94580078125 -5162.15185546875
v 5406.80322265625 998.468994140625 -7108.01416015625
v 7098.81689453125 990.94580078125 -5162.15185546875
v 7225.74169921875 998.468994140625 -5289.07666015625
v 7230.96484375 822.219482421875 -5294.2998046875
v 5412.02685546875 822.219482421875 -7113.23779296875
v 5406.80322265625 998.468994140625 -7108.01416015625
v 7230.96484375 822.219482421875 -5294.2998046875
v 5406.80322265625 998.468994140625 -7108.01416015625
v 7225.74169921875 998.468994140625 -5289.07666015625
v 5279.87841796875 990.94580078125 -6981.08935546875
v 5285.10205078125 814.6962890625 -6986.31298828125
v 7104.0400390625 814.6962890625 -5167.37548828125
v 5279.87841796875 990.94580078125 -6981.08935546875
v 7104.0400390625 814.6962890625 -5167.37548828125
v 7098.81689453125 990.94580078125 -5162.15185546875
vt 0 2.3268001079559326
vt 0 0
vt 39 0
vt 0 2.3268001079559326
vt 39 0
vt 39 2.3268001079559326
vt -39 0
vt 0 0
vt 0 2.3268001079559326
vt -39 0
vt 0 2.3268001079559326
vt -39 2.3268001079559326
vt 0 2.3268001079559326
vt 0 0
vt 39 0
vt 0 2.3268001079559326
vt 39 0
vt 39 2.3268001079559326
vn -0.02960069283776575 0.9991234147827025 0.02960069283776575
vn -0.02960069283776575 0.9991234147827025 0.02960069283776575
vn -0.02960069283776575 0.9991234147827025 0.02960069283776575
vn -0.02960069283776575 0.9991234147827025 0.02960069283776575
vn -0.02960069283776575 0.9991234147827025 0.02960069283776575
vn -0.02960069283776575 0.9991234147827025 0.02960069283776575
vn 0.7064858315144357 0.041899161551429365 -0.7064858315144357
vn 0.7064858315144357 0.041899161551429365 -0.7064858315144357
vn 0.7064858315144357 0.041899161551429365 -0.7064858315144357
vn 0.7064858315144357 0.041899161551429365 -0.7064858315144357
vn 0.7064858315144357 0.041899161551429365 -0.7064858315144357
vn 0.7064858315144357 0.041899161551429365 -0.7064858315144357
vn -0.7064858315144357 -0.041899161551429365 0.7064858315144357
vn -0.7064858315144357 -0.041899161551429365 0.7064858315144357
vn -0.7064858315144357 -0.041899161551429365 0.7064858315144357
vn -0.7064858315144357 -0.041899161551429365 0.7064858315144357
vn -0.7064858315144357 -0.041899161551429365 0.7064858315144357
vn -0.7064858315144357 -0.041899161551429365 0.7064858315144357
f 1285/1285/1285 1286/1286/1286 1287/1287/1287
f 1288/1288/1288 1289/1289/1289 1290/1290/1290
f 1291/1291/1291 1292/1292/1292 1293/1293/1293
f 1294/1294/1294 1295/1295/1295 1296/1296/1296
f 1297/1297/1297 1298/1298/1298 1299/1299/1299
f 1300/1300/1300 1301/1301/1301 1302/1302/1302
o Group_378
usemtl wire_229166215
v -6566.6787109375 288.76348876953125 4865.46826171875
v -6693.603515625 281.24029541015625 4992.39306640625
v -4874.6650390625 281.24029541015625 6811.33056640625
v -6566.6787109375 288.76348876953125 4865.46826171875
v -4874.6650390625 281.24029541015625 6811.33056640625
v -4747.740234375 288.76348876953125 6684.40576171875
v -4742.51708984375 112.51399993896484 6679.1826171875
v -6561.455078125 112.51399993896484 4860.24462890625
v -6566.6787109375 288.76348876953125 4865.46826171875
v -4742.51708984375 112.51399993896484 6679.1826171875
v -6566.6787109375 288.76348876953125 4865.46826171875
v -4747.740234375 288.76348876953125 6684.40576171875
v -6693.603515625 281.24029541015625 4992.39306640625
v -6688.3798828125 104.99079895019531 4987.16943359375
v -4869.44140625 104.99079895019531 6806.10693359375
v -6693.603515625 281.24029541015625 4992.39306640625
v -4869.44140625 104.99079895019531 6806.10693359375
v -4874.6650390625 281.24029541015625 6811.33056640625
vt 0 2.3268001079559326
vt 0 0
vt 39 0
vt 0 2.3268001079559326
vt 39 0
vt 39 2.3268001079559326
vt -39 0
vt 0 0
vt 0 2.3268001079559326
vt -39 0
vt 0 2.3268001079559326
vt -39 2.3268001079559326
vt 0 2.3268001079559326
vt 0 0
vt 39 0
vt 0 2.3268001079559326
vt 39 0
vt 39 2.3268001079559326
vn -0.02960069283776575 0.9991234147827025 0.02960069283776575
vn -0.02960069283776575 0.9991234147827025 0.02960069283776575
vn -0.02960069283776575 0.9991234147827025 0.02960069283776575
vn -0.02960069283776575 0.9991234147827025 0.02960069283776575
vn -0.02960069283776575 0.9991234147827025 0.02960069283776575
vn -0.02960069283776575 0.9991234147827025 0.02960069283776575
vn 0.7064858315144357 0.041899161551429365 -0.7064858315144357
vn 0.7064858315144357 0.041899161551429365 -0.7064858315144357
vn 0.7064858315144357 0.041899161551429365 -0.7064858315144357
vn 0.7064858315144357 0.041899161551429365 -0.7064858315144357
vn 0.7064858315144357 0.041899161551429365 -0.7064858315144357
vn 0.7064858315144357 0.041899161551429365 -0.7064858315144357
vn -0.7064858315144357 -0.041899161551429365 0.7064858315144357
vn -0.7064858315144357 -0.041899161551429365 0.7064858315144357
vn -0.7064858315144357 -0.041899161551429365 0.7064858315144357
vn -0.7064858315144357 -0.041899161551429365 0.7064858315144357
vn -0.7064858315144357 -0.041899161551429365 0.7064858315144357
vn -0.7064858315144357 -0.041899161551429365 0.7064858315144357
f 1303/1303/1303 1304/1304/1304 1305/1305/1305
f 1306/1306/1306 1307/1307/1307 1308/1308/1308
f 1309/1309/1309 1310/1310/1310 1311/1311/1311
f 1312/1312/1312 1313/1313/1313 1314/1314/1314
f 1315/1315/1315 1316/1316/1316 1317/1317/1317
f 1318/1318/1318 1319/1319/1319 1320/1320/1320
o Group_377
usemtl wire_143224087
v -994.298828125 13652.0009765625 -591.44189453125
v -1084.66259765625 13652.0009765625 -681.8057250976562
v 6484.521484375 1333.811279296875 -8250.9931640625
v -994.298828125 13652.0009765625 -591.44189453125
v 6484.521484375 1333.811279296875 -8250.9931640625
v 6574.8857421875 1333.811279296875 -8160.62890625
v 6788.3671875 1150.0859375 -8554.8388671875
v -8140.2490234375 265.2200012207031 6373.78271484375
v -8049.884765625 265.2200012207031 6464.146484375
v 6788.3671875 1150.0859375 -8554.8388671875
v -8049.884765625 265.2200012207031 6464.146484375
v 6878.7314453125 1150.0859375 -8464.474609375
v -1004.3856811523438 13979.173828125 -581.35498046875
v -8049.884765625 265.2200012207031 6464.146484375
v -8140.2490234375 265.2200012207031 6373.78271484375
v -1004.3856811523438 13979.173828125 -581.35498046875
v -8140.2490234375 265.2200012207031 6373.78271484375
v -1094.7490234375 13979.173828125 -671.7188110351562
v -994.298828125 13652.0009765625 -591.44189453125
v -7759.22265625 484.1836853027344 6173.484375
v -7849.58642578125 484.1836853027344 6083.1201171875
v -994.298828125 13652.0009765625 -591.44189453125
v -7849.58642578125 484.1836853027344 6083.1201171875
v -1084.66259765625 13652.0009765625 -681.8057250976562
v 6668.853515625 1150.0859375 -8674.3515625
v 7036.8876953125 927.547607421875 -9042.38671875
v -8611.8291015625 -0.0010000000474974513 6606.33544921875
v 6668.853515625 1150.0859375 -8674.3515625
v -8611.8291015625 -0.0010000000474974513 6606.33544921875
v -8259.7626953125 265.2200012207031 6254.26904296875
v -1226.47998046875 14375.462890625 -779.015625
v 7036.8876953125 927.547607421875 -9042.38671875
v 6668.853515625 1150.0859375 -8674.3515625
v -1226.47998046875 14375.462890625 -779.015625
v 6668.853515625 1150.0859375 -8674.3515625
v -1214.2626953125 13979.173828125 -791.232421875
v -8611.8291015625 -0.0010000000474974513 6606.33544921875
v -1226.47998046875 14375.462890625 -779.015625
v -1214.2626953125 13979.173828125 -791.232421875
v -8611.8291015625 -0.0010000000474974513 6606.33544921875
v -1214.2626953125 13979.173828125 -791.232421875
v -8259.7626953125 265.2200012207031 6254.26904296875
v -1214.2626953125 13979.173828125 -791.232421875
v -1094.7490234375 13979.173828125 -671.7188110351562
v -8140.2490234375 265.2200012207031 6373.78271484375
v -1214.2626953125 13979.173828125 -791.232421875
v -8140.2490234375 265.2200012207031 6373.78271484375
v -8259.7626953125 265.2200012207031 6254.26904296875
v -1016.6024780273438 14375.462890625 -569.1376953125
v -1226.47998046875 14375.462890625 -779.015625
v -8611.8291015625 -0.0010000000474974513 6606.33544921875
v -1016.6024780273438 14375.462890625 -569.1376953125
v -8611.8291015625 -0.0010000000474974513 6606.33544921875
v -8401.951171875 -0.0010000000474974513 6816.212890625
v -1003.8134765625 438.5098876953125 -581.9271850585938
v 7036.8876953125 927.547607421875 -9042.38671875
v 7246.765625 927.547607421875 -8832.509765625
v -1003.8134765625 438.5098876953125 -581.9271850585938
v 7246.765625 927.547607421875 -8832.509765625
v -876.888671875 446.0331115722656 -708.8524780273438
v -8401.951171875 -0.0010000000474974513 6816.212890625
v -8611.8291015625 -0.0010000000474974513 6606.33544921875
v 7036.8876953125 927.547607421875 -9042.38671875
v -8401.951171875 -0.0010000000474974513 6816.212890625
v 7036.8876953125 927.547607421875 -9042.38671875
v -1003.8134765625 438.5098876953125 -581.9271850585938
v 942.0498046875 446.0331115722656 1110.0849609375
v 815.125 438.5098876953125 1237.01025390625
v -1003.8134765625 438.5098876953125 -581.9271850585938
v 942.0498046875 446.0331115722656 1110.0849609375
v -1003.8134765625 438.5098876953125 -581.9271850585938
v -876.888671875 446.0331115722656 -708.8524780273438
v 6668.853515625 1150.0859375 -8674.3515625
v -8259.7626953125 265.2200012207031 6254.26904296875
v -8140.2490234375 265.2200012207031 6373.78271484375
v 6668.853515625 1150.0859375 -8674.3515625
v -8140.2490234375 265.2200012207031 6373.78271484375
v 6788.3671875 1150.0859375 -8554.8388671875
v -1226.47998046875 14375.462890625 -779.015625
v -1016.6024780273438 14375.462890625 -569.1376953125
v 7246.765625 927.547607421875 -8832.509765625
v -1226.47998046875 14375.462890625 -779.015625
v 7246.765625 927.547607421875 -8832.509765625
v 7036.8876953125 927.547607421875 -9042.38671875
v -1214.2626953125 13979.173828125 -791.232421875
v 6668.853515625 1150.0859375 -8674.3515625
v 6788.3671875 1150.0859375 -8554.8388671875
v -1214.2626953125 13979.173828125 -791.232421875
v 6788.3671875 1150.0859375 -8554.8388671875
v -1094.7490234375 13979.173828125 -671.7188110351562
v -1004.3856811523438 13979.173828125 -581.35498046875
v -1094.7490234375 13979.173828125 -671.7188110351562
v 6788.3671875 1150.0859375 -8554.8388671875
v -1004.3856811523438 13979.173828125 -581.35498046875
v 6788.3671875 1150.0859375 -8554.8388671875
v 6878.7314453125 1150.0859375 -8464.474609375
v 6484.521484375 1333.811279296875 -8250.9931640625
v -7849.58642578125 484.1836853027344 6083.1201171875
v -7759.22265625 484.1836853027344 6173.484375
v 6484.521484375 1333.811279296875 -8250.9931640625
v -7759.22265625 484.1836853027344 6173.484375
v 6574.8857421875 1333.811279296875 -8160.62890625
v -1504.58837890625 12700.6318359375 -786.5731811523438
v -1574.5068359375 12775.1103515625 -716.6552734375
v -1411.2685546875 12775.1103515625 -553.41748046875
v -1504.58837890625 12700.6318359375 -786.5731811523438
v -1411.2685546875 12775.1103515625 -553.41748046875
v -1341.35009765625 12700.6318359375 -623.3353881835938
v -1628.13427734375 12872.2080078125 -663.0277709960938
v -1661.6787109375 13228.138671875 -629.4833984375
v -1673.25732421875 13106.7138671875 -617.904296875
v -1628.13427734375 12872.2080078125 -663.0277709960938
v -1673.25732421875 13106.7138671875 -617.904296875
v -1661.81591796875 12985.3134765625 -629.34619140625
v -1574.5068359375 12775.1103515625 -716.6552734375
v -1627.86767578125 13341.3125 -663.2938842773438
v -1661.6787109375 13228.138671875 -629.4833984375
v -1574.5068359375 12775.1103515625 -716.6552734375
v -1661.6787109375 13228.138671875 -629.4833984375
v -1628.13427734375 12872.2080078125 -663.0277709960938
v -1504.58837890625 12700.6318359375 -786.5731811523438
v -1574.12939453125 13438.5224609375 -717.0322265625
v -1627.86767578125 13341.3125 -663.2938842773438
v -1504.58837890625 12700.6318359375 -786.5731811523438
v -1627.86767578125 13341.3125 -663.2938842773438
v -1574.5068359375 12775.1103515625 -716.6552734375
v -1423.14404296875 12653.8515625 -868.017578125
v -1504.126953125 13513.1435546875 -787.0355834960938
v -1574.12939453125 13438.5224609375 -717.0322265625
v -1423.14404296875 12653.8515625 -868.017578125
v -1574.12939453125 13438.5224609375 -717.0322265625
v -1504.58837890625 12700.6318359375 -786.5731811523438
v -1335.72509765625 12637.95703125 -955.4365234375
v -1422.62890625 13560.0908203125 -868.533203125
v -1504.126953125 13513.1435546875 -787.0355834960938
v -1335.72509765625 12637.95703125 -955.4365234375
v -1504.126953125 13513.1435546875 -787.0355834960938
v -1423.14404296875 12653.8515625 -868.017578125
v -1248.28662109375 12654.0302734375 -1042.87548828125
v -1335.19091796875 13576.1650390625 -955.97119140625
v -1422.62890625 13560.0908203125 -868.533203125
v -1248.28662109375 12654.0302734375 -1042.87548828125
v -1422.62890625 13560.0908203125 -868.533203125
v -1335.72509765625 12637.95703125 -955.4365234375
v -1166.78857421875 12700.9775390625 -1124.3740234375
v -1247.771484375 13560.2705078125 -1043.39111328125
v -1335.19091796875 13576.1650390625 -955.97119140625
v -1166.78857421875 12700.9775390625 -1124.3740234375
v -1335.19091796875 13576.1650390625 -955.97119140625
v -1248.28662109375 12654.0302734375 -1042.87548828125
v -1096.7861328125 12775.6005859375 -1194.3759765625
v -1166.32666015625 13513.490234375 -1124.8359375
v -1247.771484375 13560.2705078125 -1043.39111328125
v -1096.7861328125 12775.6005859375 -1194.3759765625
v -1247.771484375 13560.2705078125 -1043.39111328125
v -1166.78857421875 12700.9775390625 -1124.3740234375
v -1043.04833984375 12872.80859375 -1248.11376953125
v -1096.40869140625 13439.0126953125 -1194.75341796875
v -1166.32666015625 13513.490234375 -1124.8359375
v -1043.04833984375 12872.80859375 -1248.11376953125
v -1166.32666015625 13513.490234375 -1124.8359375
v -1096.7861328125 12775.6005859375 -1194.3759765625
v -1009.23779296875 12985.9833984375 -1281.92431640625
v -1042.78125 13341.912109375 -1248.38134765625
v -1096.40869140625 13439.0126953125 -1194.75341796875
v -1009.23779296875 12985.9833984375 -1281.92431640625
v -1096.40869140625 13439.0126953125 -1194.75341796875
v -1043.04833984375 12872.80859375 -1248.11376953125
v -997.65869140625 13107.4072265625 -1293.50390625
v -1009.099609375 13228.8076171875 -1282.06298828125
v -1042.78125 13341.912109375 -1248.38134765625
v -997.65869140625 13107.4072265625 -1293.50390625
v -1042.78125 13341.912109375 -1248.38134765625
v -1009.23779296875 12985.9833984375 -1281.92431640625
v -1628.13427734375 12872.2080078125 -663.0277709960938
v -1464.89599609375 12872.2080078125 -499.7900085449219
v -1411.2685546875 12775.1103515625 -553.41748046875
v -1628.13427734375 12872.2080078125 -663.0277709960938
v -1411.2685546875 12775.1103515625 -553.41748046875
v -1574.5068359375 12775.1103515625 -716.6552734375
v -1661.81591796875 12985.3134765625 -629.34619140625
v -1498.57763671875 12985.3134765625 -466.1083984375
v -1464.89599609375 12872.2080078125 -499.7900085449219
v -1661.81591796875 12985.3134765625 -629.34619140625
v -1464.89599609375 12872.2080078125 -499.7900085449219
v -1628.13427734375 12872.2080078125 -663.0277709960938
v -1673.25732421875 13106.7138671875 -617.904296875
v -1510.01904296875 13106.7138671875 -454.6669921875
v -1498.57763671875 12985.3134765625 -466.1083984375
v -1673.25732421875 13106.7138671875 -617.904296875
v -1498.57763671875 12985.3134765625 -466.1083984375
v -1661.81591796875 12985.3134765625 -629.34619140625
v -1661.6787109375 13228.138671875 -629.4833984375
v -1498.4404296875 13228.138671875 -466.24560546875
v -1510.01904296875 13106.7138671875 -454.6669921875
v -1661.6787109375 13228.138671875 -629.4833984375
v -1510.01904296875 13106.7138671875 -454.6669921875
v -1673.25732421875 13106.7138671875 -617.904296875
v -1627.86767578125 13341.3125 -663.2938842773438
v -1464.62939453125 13341.3125 -500.05621337890625
v -1498.4404296875 13228.138671875 -466.24560546875
v -1627.86767578125 13341.3125 -663.2938842773438
v -1498.4404296875 13228.138671875 -466.24560546875
v -1661.6787109375 13228.138671875 -629.4833984375
v -1423.14404296875 12653.8515625 -868.017578125
v -1504.58837890625 12700.6318359375 -786.5731811523438
v -1341.35009765625 12700.6318359375 -623.3353881835938
v -1423.14404296875 12653.8515625 -868.017578125
v -1341.35009765625 12700.6318359375 -623.3353881835938
v -1259.90576171875 12653.8515625 -704.77978515625
v -1574.12939453125 13438.5224609375 -717.0322265625
v -1410.89111328125 13438.5224609375 -553.794921875
v -1464.62939453125 13341.3125 -500.05621337890625
v -1574.12939453125 13438.5224609375 -717.0322265625
v -1464.62939453125 13341.3125 -500.05621337890625
v -1627.86767578125 13341.3125 -663.2938842773438
v -1504.126953125 13513.1435546875 -787.0355834960938
v -1340.888671875 13513.1435546875 -623.7979125976562
v -1410.89111328125 13438.5224609375 -553.794921875
v -1504.126953125 13513.1435546875 -787.0355834960938
v -1410.89111328125 13438.5224609375 -553.794921875
v -1574.12939453125 13438.5224609375 -717.0322265625
v -1422.62890625 13560.0908203125 -868.533203125
v -1259.390625 13560.0908203125 -705.29541015625
v -1340.888671875 13513.1435546875 -623.7979125976562
v -1422.62890625 13560.0908203125 -868.533203125
v -1340.888671875 13513.1435546875 -623.7979125976562
v -1504.126953125 13513.1435546875 -787.0355834960938
v -1335.19091796875 13576.1650390625 -955.97119140625
v -1171.95263671875 13576.1650390625 -792.7333984375
v -1259.390625 13560.0908203125 -705.29541015625
v -1335.19091796875 13576.1650390625 -955.97119140625
v -1259.390625 13560.0908203125 -705.29541015625
v -1422.62890625 13560.0908203125 -868.533203125
v -1247.771484375 13560.2705078125 -1043.39111328125
v -1084.533203125 13560.2705078125 -880.1533203125
v -1171.95263671875 13576.1650390625 -792.7333984375
v -1247.771484375 13560.2705078125 -1043.39111328125
v -1171.95263671875 13576.1650390625 -792.7333984375
v -1335.19091796875 13576.1650390625 -955.97119140625
v -1166.32666015625 13513.490234375 -1124.8359375
v -1003.08837890625 13513.490234375 -961.5977172851562
v -1084.533203125 13560.2705078125 -880.1533203125
v -1166.32666015625 13513.490234375 -1124.8359375
v -1084.533203125 13560.2705078125 -880.1533203125
v -1247.771484375 13560.2705078125 -1043.39111328125
v -1096.40869140625 13439.0126953125 -1194.75341796875
v -933.17041015625 13439.0126953125 -1031.51611328125
v -1003.08837890625 13513.490234375 -961.5977172851562
v -1096.40869140625 13439.0126953125 -1194.75341796875
v -1003.08837890625 13513.490234375 -961.5977172851562
v -1166.32666015625 13513.490234375 -1124.8359375
v -933.17041015625 13439.0126953125 -1031.51611328125
v -1096.40869140625 13439.0126953125 -1194.75341796875
v -1042.78125 13341.912109375 -1248.38134765625
v -933.17041015625 13439.0126953125 -1031.51611328125
v -1042.78125 13341.912109375 -1248.38134765625
v -879.5430297851562 13341.912109375 -1085.14306640625
v -879.5430297851562 13341.912109375 -1085.14306640625
v -1042.78125 13341.912109375 -1248.38134765625
v -1009.099609375 13228.8076171875 -1282.06298828125
v -879.5430297851562 13341.912109375 -1085.14306640625
v -1009.099609375 13228.8076171875 -1282.06298828125
v -845.861328125 13228.8076171875 -1118.82568359375
v -845.861328125 13228.8076171875 -1118.82568359375
v -1009.099609375 13228.8076171875 -1282.06298828125
v -997.65869140625 13107.4072265625 -1293.50390625
v -845.861328125 13228.8076171875 -1118.82568359375
v -997.65869140625 13107.4072265625 -1293.50390625
v -834.42041015625 13107.4072265625 -1130.2666015625
v -834.42041015625 13107.4072265625 -1130.2666015625
v -997.65869140625 13107.4072265625 -1293.50390625
v -1009.23779296875 12985.9833984375 -1281.92431640625
v -834.42041015625 13107.4072265625 -1130.2666015625
v -1009.23779296875 12985.9833984375 -1281.92431640625
v -845.99951171875 12985.9833984375 -1118.68701171875
v -845.99951171875 12985.9833984375 -1118.68701171875
v -1009.23779296875 12985.9833984375 -1281.92431640625
v -1043.04833984375 12872.80859375 -1248.11376953125
v -845.99951171875 12985.9833984375 -1118.68701171875
v -1043.04833984375 12872.80859375 -1248.11376953125
v -879.8101196289062 12872.80859375 -1084.87646484375
v -879.8101196289062 12872.80859375 -1084.87646484375
v -1043.04833984375 12872.80859375 -1248.11376953125
v -1096.7861328125 12775.6005859375 -1194.3759765625
v -879.8101196289062 12872.80859375 -1084.87646484375
v -1096.7861328125 12775.6005859375 -1194.3759765625
v -933.5479125976562 12775.6005859375 -1031.138671875
v -1096.7861328125 12775.6005859375 -1194.3759765625
v -1166.78857421875 12700.9775390625 -1124.3740234375
v -1003.55029296875 12700.9775390625 -961.1356811523438
v -1096.7861328125 12775.6005859375 -1194.3759765625
v -1003.55029296875 12700.9775390625 -961.1356811523438
v -933.5479125976562 12775.6005859375 -1031.138671875
v -1166.78857421875 12700.9775390625 -1124.3740234375
v -1248.28662109375 12654.0302734375 -1042.87548828125
v -1085.04833984375 12654.0302734375 -879.6376953125
v -1166.78857421875 12700.9775390625 -1124.3740234375
v -1085.04833984375 12654.0302734375 -879.6376953125
v -1003.55029296875 12700.9775390625 -961.1356811523438
v -1248.28662109375 12654.0302734375 -1042.87548828125
v -1335.72509765625 12637.95703125 -955.4365234375
v -1172.48681640625 12637.95703125 -792.19873046875
v -1248.28662109375 12654.0302734375 -1042.87548828125
v -1172.48681640625 12637.95703125 -792.19873046875
v -1085.04833984375 12654.0302734375 -879.6376953125
v -1335.72509765625 12637.95703125 -955.4365234375
v -1423.14404296875 12653.8515625 -868.017578125
v -1259.90576171875 12653.8515625 -704.77978515625
v -1335.72509765625 12637.95703125 -955.4365234375
v -1259.90576171875 12653.8515625 -704.77978515625
v -1172.48681640625 12637.95703125 -792.19873046875
v -1259.90576171875 12653.8515625 -704.77978515625
v -1341.35009765625 12700.6318359375 -623.3353881835938
v -1189.77197265625 12700.6318359375 -471.7572937011719
v -1259.90576171875 12653.8515625 -704.77978515625
v -1189.77197265625 12700.6318359375 -471.7572937011719
v -1108.32763671875 12653.8515625 -553.2017211914062
v -1172.48681640625 12637.95703125 -792.19873046875
v -1259.90576171875 12653.8515625 -704.77978515625
v -1108.32763671875 12653.8515625 -553.2017211914062
v -1172.48681640625 12637.95703125 -792.19873046875
v -1108.32763671875 12653.8515625 -553.2017211914062
v -1020.90869140625 12637.95703125 -640.62060546875
v -1085.04833984375 12654.0302734375 -879.6376953125
v -1172.48681640625 12637.95703125 -792.19873046875
v -1020.90869140625 12637.95703125 -640.62060546875
v -1085.04833984375 12654.0302734375 -879.6376953125
v -1020.90869140625 12637.95703125 -640.62060546875
v -933.47021484375 12654.0302734375 -728.0595703125
v -1003.55029296875 12700.9775390625 -961.1356811523438
v -1085.04833984375 12654.0302734375 -879.6376953125
v -933.47021484375 12654.0302734375 -728.0595703125
v -1003.55029296875 12700.9775390625 -961.1356811523438
v -933.47021484375 12654.0302734375 -728.0595703125
v -851.9722290039062 12700.9775390625 -809.5576171875
v -933.5479125976562 12775.6005859375 -1031.138671875
v -1003.55029296875 12700.9775390625 -961.1356811523438
v -851.9722290039062 12700.9775390625 -809.5576171875
v -933.5479125976562 12775.6005859375 -1031.138671875
v -851.9722290039062 12700.9775390625 -809.5576171875
v -781.9697265625 12775.6005859375 -879.5601196289062
v -728.2318725585938 12872.80859375 -933.2979125976562
v -879.8101196289062 12872.80859375 -1084.87646484375
v -933.5479125976562 12775.6005859375 -1031.138671875
v -728.2318725585938 12872.80859375 -933.2979125976562
v -933.5479125976562 12775.6005859375 -1031.138671875
v -781.9697265625 12775.6005859375 -879.5601196289062
v -694.42138671875 12985.9833984375 -967.1083984375
v -845.99951171875 12985.9833984375 -1118.68701171875
v -879.8101196289062 12872.80859375 -1084.87646484375
v -694.42138671875 12985.9833984375 -967.1083984375
v -879.8101196289062 12872.80859375 -1084.87646484375
v -728.2318725585938 12872.80859375 -933.2979125976562
v -682.84228515625 13107.4072265625 -978.68798828125
v -834.42041015625 13107.4072265625 -1130.2666015625
v -845.99951171875 12985.9833984375 -1118.68701171875
v -682.84228515625 13107.4072265625 -978.68798828125
v -845.99951171875 12985.9833984375 -1118.68701171875
v -694.42138671875 12985.9833984375 -967.1083984375
v -694.283203125 13228.8076171875 -967.2470703125
v -845.861328125 13228.8076171875 -1118.82568359375
v -834.42041015625 13107.4072265625 -1130.2666015625
v -694.283203125 13228.8076171875 -967.2470703125
v -834.42041015625 13107.4072265625 -1130.2666015625
v -682.84228515625 13107.4072265625 -978.68798828125
v -727.9647827148438 13341.912109375 -933.5648803710938
v -879.5430297851562 13341.912109375 -1085.14306640625
v -845.861328125 13228.8076171875 -1118.82568359375
v -727.9647827148438 13341.912109375 -933.5648803710938
v -845.861328125 13228.8076171875 -1118.82568359375
v -694.283203125 13228.8076171875 -967.2470703125
v -781.59228515625 13439.0126953125 -879.9375
v -933.17041015625 13439.0126953125 -1031.51611328125
v -879.5430297851562 13341.912109375 -1085.14306640625
v -781.59228515625 13439.0126953125 -879.9375
v -879.5430297851562 13341.912109375 -1085.14306640625
v -727.9647827148438 13341.912109375 -933.5648803710938
v -933.17041015625 13439.0126953125 -1031.51611328125
v -781.59228515625 13439.0126953125 -879.9375
v -851.5103149414062 13513.490234375 -810.0194702148438
v -933.17041015625 13439.0126953125 -1031.51611328125
v -851.5103149414062 13513.490234375 -810.0194702148438
v -1003.08837890625 13513.490234375 -961.5977172851562
v -1003.08837890625 13513.490234375 -961.5977172851562
v -851.5103149414062 13513.490234375 -810.0194702148438
v -932.955078125 13560.2705078125 -728.5751953125
v -1003.08837890625 13513.490234375 -961.5977172851562
v -932.955078125 13560.2705078125 -728.5751953125
v -1084.533203125 13560.2705078125 -880.1533203125
v -1084.533203125 13560.2705078125 -880.1533203125
v -932.955078125 13560.2705078125 -728.5751953125
v -1020.37451171875 13576.1650390625 -641.1552734375
v -1084.533203125 13560.2705078125 -880.1533203125
v -1020.37451171875 13576.1650390625 -641.1552734375
v -1171.95263671875 13576.1650390625 -792.7333984375
v -1171.95263671875 13576.1650390625 -792.7333984375
v -1020.37451171875 13576.1650390625 -641.1552734375
v -1107.8125 13560.0908203125 -553.71728515625
v -1171.95263671875 13576.1650390625 -792.7333984375
v -1107.8125 13560.0908203125 -553.71728515625
v -1259.390625 13560.0908203125 -705.29541015625
v -1259.390625 13560.0908203125 -705.29541015625
v -1107.8125 13560.0908203125 -553.71728515625
v -1189.310546875 13513.1435546875 -472.2196960449219
v -1259.390625 13560.0908203125 -705.29541015625
v -1189.310546875 13513.1435546875 -472.2196960449219
v -1340.888671875 13513.1435546875 -623.7979125976562
v -1340.888671875 13513.1435546875 -623.7979125976562
v -1189.310546875 13513.1435546875 -472.2196960449219
v -1259.31298828125 13438.5224609375 -402.216796875
v -1340.888671875 13513.1435546875 -623.7979125976562
v -1259.31298828125 13438.5224609375 -402.216796875
v -1410.89111328125 13438.5224609375 -553.794921875
v -1410.89111328125 13438.5224609375 -553.794921875
v -1259.31298828125 13438.5224609375 -402.216796875
v -1313.05126953125 13341.3125 -348.4779968261719
v -1410.89111328125 13438.5224609375 -553.794921875
v -1313.05126953125 13341.3125 -348.4779968261719
v -1464.62939453125 13341.3125 -500.05621337890625
v -1464.62939453125 13341.3125 -500.05621337890625
v -1313.05126953125 13341.3125 -348.4779968261719
v -1346.8623046875 13228.138671875 -314.6675109863281
v -1464.62939453125 13341.3125 -500.05621337890625
v -1346.8623046875 13228.138671875 -314.6675109863281
v -1498.4404296875 13228.138671875 -466.24560546875
v -1498.4404296875 13228.138671875 -466.24560546875
v -1346.8623046875 13228.138671875 -314.6675109863281
v -1358.44091796875 13106.7138671875 -303.0888977050781
v -1498.4404296875 13228.138671875 -466.24560546875
v -1358.44091796875 13106.7138671875 -303.0888977050781
v -1510.01904296875 13106.7138671875 -454.6669921875
v -1510.01904296875 13106.7138671875 -454.6669921875
v -1358.44091796875 13106.7138671875 -303.0888977050781
v -1346.99951171875 12985.3134765625 -314.5303039550781
v -1510.01904296875 13106.7138671875 -454.6669921875
v -1346.99951171875 12985.3134765625 -314.5303039550781
v -1498.57763671875 12985.3134765625 -466.1083984375
v -1498.57763671875 12985.3134765625 -466.1083984375
v -1346.99951171875 12985.3134765625 -314.5303039550781
v -1313.31787109375 12872.2080078125 -348.2119140625
v -1498.57763671875 12985.3134765625 -466.1083984375
v -1313.31787109375 12872.2080078125 -348.2119140625
v -1464.89599609375 12872.2080078125 -499.7900085449219
v -1464.89599609375 12872.2080078125 -499.7900085449219
v -1313.31787109375 12872.2080078125 -348.2119140625
v -1259.6904296875 12775.1103515625 -401.8393859863281
v -1464.89599609375 12872.2080078125 -499.7900085449219
v -1259.6904296875 12775.1103515625 -401.8393859863281
v -1411.2685546875 12775.1103515625 -553.41748046875
v -1341.35009765625 12700.6318359375 -623.3353881835938
v -1411.2685546875 12775.1103515625 -553.41748046875
v -1259.6904296875 12775.1103515625 -401.8393859863281
v -1341.35009765625 12700.6318359375 -623.3353881835938
v -1259.6904296875 12775.1103515625 -401.8393859863281
v -1189.77197265625 12700.6318359375 -471.7572937011719
v -1004.3856811523438 13979.173828125 -581.35498046875
v -1016.6024780273438 14375.462890625 -569.1376953125
v -8401.951171875 -0.0010000000474974513 6816.212890625
v -1004.3856811523438 13979.173828125 -581.35498046875
v -8401.951171875 -0.0010000000474974513 6816.212890625
v -8049.884765625 265.2200012207031 6464.146484375
v 6878.7314453125 1150.0859375 -8464.474609375
v 7246.765625 927.547607421875 -8832.509765625
v -1016.6024780273438 14375.462890625 -569.1376953125
v 6878.7314453125 1150.0859375 -8464.474609375
v -1016.6024780273438 14375.462890625 -569.1376953125
v -1004.3856811523438 13979.173828125 -581.35498046875
v -882.1123046875 622.2825927734375 -703.62890625
v -876.888671875 446.0331115722656 -708.8524780273438
v 7246.765625 927.547607421875 -8832.509765625
v -882.1123046875 622.2825927734375 -703.62890625
v 7246.765625 927.547607421875 -8832.509765625
v 6878.7314453125 1150.0859375 -8464.474609375
v -8049.884765625 265.2200012207031 6464.146484375
v -1009.037109375 614.75927734375 -576.70361328125
v -882.1123046875 622.2825927734375 -703.62890625
v -8049.884765625 265.2200012207031 6464.146484375
v -882.1123046875 622.2825927734375 -703.62890625
v 6878.7314453125 1150.0859375 -8464.474609375
v -8401.951171875 -0.0010000000474974513 6816.212890625
v -1003.8134765625 438.5098876953125 -581.9271850585938
v -1009.037109375 614.75927734375 -576.70361328125
v -8401.951171875 -0.0010000000474974513 6816.212890625
v -1009.037109375 614.75927734375 -576.70361328125
v -8049.884765625 265.2200012207031 6464.146484375
v 942.0498046875 446.0331115722656 1110.0849609375
v 936.826171875 622.2825927734375 1115.30859375
v 809.9014282226562 614.75927734375 1242.23388671875
v 942.0498046875 446.0331115722656 1110.0849609375
v 809.9014282226562 614.75927734375 1242.23388671875
v 815.125 438.5098876953125 1237.01025390625
v 936.826171875 622.2825927734375 1115.30859375
v 942.0498046875 446.0331115722656 1110.0849609375
v -876.888671875 446.0331115722656 -708.8524780273438
v 936.826171875 622.2825927734375 1115.30859375
v -876.888671875 446.0331115722656 -708.8524780273438
v -882.1123046875 622.2825927734375 -703.62890625
v -882.1123046875 622.2825927734375 -703.62890625
v -1009.037109375 614.75927734375 -576.70361328125
v 809.9014282226562 614.75927734375 1242.23388671875
v -882.1123046875 622.2825927734375 -703.62890625
v 809.9014282226562 614.75927734375 1242.23388671875
v 936.826171875 622.2825927734375 1115.30859375
v 809.9014282226562 614.75927734375 1242.23388671875
v -1009.037109375 614.75927734375 -576.70361328125
v -1003.8134765625 438.5098876953125 -581.9271850585938
v 809.9014282226562 614.75927734375 1242.23388671875
v -1003.8134765625 438.5098876953125 -581.9271850585938
v 815.125 438.5098876953125 1237.01025390625
v -1738.41943359375 12968.4990234375 -1013.30712890625
v -1758.291015625 13035.228515625 -993.4351196289062
v -1765.0419921875 13106.8564453125 -986.6845703125
v -1738.41943359375 12968.4990234375 -1013.30712890625
v -1765.0419921875 13106.8564453125 -986.6845703125
v -1758.2099609375 13178.498046875 -993.5166015625
v -1706.779296875 12911.208984375 -1044.947265625
v -1738.41943359375 12968.4990234375 -1013.30712890625
v -1758.2099609375 13178.498046875 -993.5166015625
v -1706.779296875 12911.208984375 -1044.947265625
v -1758.2099609375 13178.498046875 -993.5166015625
v -1738.26220703125 13245.2705078125 -1013.4647827148438
v -1665.52783203125 12867.267578125 -1086.19921875
v -1706.779296875 12911.208984375 -1044.947265625
v -1738.26220703125 13245.2705078125 -1013.4647827148438
v -1665.52783203125 12867.267578125 -1086.19921875
v -1738.26220703125 13245.2705078125 -1013.4647827148438
v -1706.55615234375 13302.6240234375 -1045.17041015625
v -1617.47607421875 12839.66796875 -1134.25146484375
v -1665.52783203125 12867.267578125 -1086.19921875
v -1706.55615234375 13302.6240234375 -1045.17041015625
v -1617.47607421875 12839.66796875 -1134.25146484375
v -1706.55615234375 13302.6240234375 -1045.17041015625
v -1665.2548828125 13346.650390625 -1086.47265625
v -1565.8974609375 12830.2900390625 -1185.8291015625
v -1617.47607421875 12839.66796875 -1134.25146484375
v -1665.2548828125 13346.650390625 -1086.47265625
v -1565.8974609375 12830.2900390625 -1185.8291015625
v -1665.2548828125 13346.650390625 -1086.47265625
v -1617.1708984375 13374.3486328125 -1134.5556640625
v -1514.30908203125 12839.7734375 -1237.41845703125
v -1565.8974609375 12830.2900390625 -1185.8291015625
v -1617.1708984375 13374.3486328125 -1134.5556640625
v -1514.30908203125 12839.7734375 -1237.41845703125
v -1617.1708984375 13374.3486328125 -1134.5556640625
v -1565.58251953125 13383.83203125 -1186.14404296875
v -1466.2255859375 12867.47265625 -1285.501953125
v -1514.30908203125 12839.7734375 -1237.41845703125
v -1565.58251953125 13383.83203125 -1186.14404296875
v -1466.2255859375 12867.47265625 -1285.501953125
v -1565.58251953125 13383.83203125 -1186.14404296875
v -1514.0048828125 13374.4541015625 -1237.7216796875
v -1424.923828125 12911.5 -1326.802734375
v -1466.2255859375 12867.47265625 -1285.501953125
v -1514.0048828125 13374.4541015625 -1237.7216796875
v -1424.923828125 12911.5 -1326.802734375
v -1514.0048828125 13374.4541015625 -1237.7216796875
v -1465.953125 13346.853515625 -1285.77392578125
v -1393.21875 12968.853515625 -1358.50830078125
v -1424.923828125 12911.5 -1326.802734375
v -1465.953125 13346.853515625 -1285.77392578125
v -1393.21875 12968.853515625 -1358.50830078125
v -1465.953125 13346.853515625 -1285.77392578125
v -1424.701171875 13302.9111328125 -1327.025390625
v -1373.2705078125 13035.6240234375 -1378.45703125
v -1393.21875 12968.853515625 -1358.50830078125
v -1424.701171875 13302.9111328125 -1327.025390625
v -1373.2705078125 13035.6240234375 -1378.45703125
v -1424.701171875 13302.9111328125 -1327.025390625
v -1393.060546875 13245.623046875 -1358.666015625
v -1366.4384765625 13107.2666015625 -1385.2880859375
v -1373.2705078125 13035.6240234375 -1378.45703125
v -1393.060546875 13245.623046875 -1358.666015625
v -1366.4384765625 13107.2666015625 -1385.2880859375
v -1393.060546875 13245.623046875 -1358.666015625
v -1373.18896484375 13178.890625 -1378.5390625
v 1013.30859375 12968.4990234375 1738.4189453125
v 993.517578125 13178.498046875 1758.20947265625
v 986.6854858398438 13106.8564453125 1765.04150390625
v 1013.30859375 12968.4990234375 1738.4189453125
v 986.6854858398438 13106.8564453125 1765.04150390625
v 993.4354858398438 13035.228515625 1758.291015625
v 1044.9482421875 12911.208984375 1706.77880859375
v 1013.4647827148438 13245.2705078125 1738.26171875
v 993.517578125 13178.498046875 1758.20947265625
v 1044.9482421875 12911.208984375 1706.77880859375
v 993.517578125 13178.498046875 1758.20947265625
v 1013.30859375 12968.4990234375 1738.4189453125
v 1086.19921875 12867.267578125 1665.52734375
v 1045.171875 13302.6240234375 1706.5556640625
v 1013.4647827148438 13245.2705078125 1738.26171875
v 1086.19921875 12867.267578125 1665.52734375
v 1013.4647827148438 13245.2705078125 1738.26171875
v 1044.9482421875 12911.208984375 1706.77880859375
v 1134.251953125 12839.66796875 1617.47509765625
v 1086.47265625 13346.650390625 1665.25390625
v 1045.171875 13302.6240234375 1706.5556640625
v 1134.251953125 12839.66796875 1617.47509765625
v 1045.171875 13302.6240234375 1706.5556640625
v 1086.19921875 12867.267578125 1665.52734375
v 1185.8291015625 12830.2900390625 1565.89697265625
v 1134.556640625 13374.3486328125 1617.17041015625
v 1086.47265625 13346.650390625 1665.25390625
v 1185.8291015625 12830.2900390625 1565.89697265625
v 1086.47265625 13346.650390625 1665.25390625
v 1134.251953125 12839.66796875 1617.47509765625
v 1237.4189453125 12839.7734375 1514.30810546875
v 1186.1455078125 13383.83203125 1565.58203125
v 1134.556640625 13374.3486328125 1617.17041015625
v 1237.4189453125 12839.7734375 1514.30810546875
v 1134.556640625 13374.3486328125 1617.17041015625
v 1185.8291015625 12830.2900390625 1565.89697265625
v 1285.501953125 12867.47265625 1466.224609375
v 1237.7216796875 13374.4541015625 1514.00439453125
v 1186.1455078125 13383.83203125 1565.58203125
v 1285.501953125 12867.47265625 1466.224609375
v 1186.1455078125 13383.83203125 1565.58203125
v 1237.4189453125 12839.7734375 1514.30810546875
v 1326.8037109375 12911.5 1424.92333984375
v 1285.7744140625 13346.853515625 1465.95263671875
v 1237.7216796875 13374.4541015625 1514.00439453125
v 1326.8037109375 12911.5 1424.92333984375
v 1237.7216796875 13374.4541015625 1514.00439453125
v 1285.501953125 12867.47265625 1466.224609375
v 1358.5087890625 12968.853515625 1393.2177734375
v 1327.0263671875 13302.9111328125 1424.70068359375
v 1285.7744140625 13346.853515625 1465.95263671875
v 1358.5087890625 12968.853515625 1393.2177734375
v 1285.7744140625 13346.853515625 1465.95263671875
v 1326.8037109375 12911.5 1424.92333984375
v 1378.45703125 13035.6240234375 1373.26953125
v 1358.666015625 13245.623046875 1393.060546875
v 1327.0263671875 13302.9111328125 1424.70068359375
v 1378.45703125 13035.6240234375 1373.26953125
v 1327.0263671875 13302.9111328125 1424.70068359375
v 1358.5087890625 12968.853515625 1393.2177734375
v 1385.2890625 13107.2666015625 1366.4375
v 1378.5390625 13178.890625 1373.18798828125
v 1358.666015625 13245.623046875 1393.060546875
v 1385.2890625 13107.2666015625 1366.4375
v 1358.666015625 13245.623046875 1393.060546875
v 1378.45703125 13035.6240234375 1373.26953125
v -1617.47607421875 12839.66796875 -1134.25146484375
v 1134.251953125 12839.66796875 1617.47509765625
v 1086.19921875 12867.267578125 1665.52734375
v -1617.47607421875 12839.66796875 -1134.25146484375
v 1086.19921875 12867.267578125 1665.52734375
v -1665.52783203125 12867.267578125 -1086.19921875
v -1565.8974609375 12830.2900390625 -1185.8291015625
v 1185.8291015625 12830.2900390625 1565.89697265625
v 1134.251953125 12839.66796875 1617.47509765625
v -1565.8974609375 12830.2900390625 -1185.8291015625
v 1134.251953125 12839.66796875 1617.47509765625
v -1617.47607421875 12839.66796875 -1134.25146484375
v -1514.30908203125 12839.7734375 -1237.41845703125
v 1237.4189453125 12839.7734375 1514.30810546875
v 1185.8291015625 12830.2900390625 1565.89697265625
v -1514.30908203125 12839.7734375 -1237.41845703125
v 1185.8291015625 12830.2900390625 1565.89697265625
v -1565.8974609375 12830.2900390625 -1185.8291015625
v -1466.2255859375 12867.47265625 -1285.501953125
v 1285.501953125 12867.47265625 1466.224609375
v 1237.4189453125 12839.7734375 1514.30810546875
v -1466.2255859375 12867.47265625 -1285.501953125
v 1237.4189453125 12839.7734375 1514.30810546875
v -1514.30908203125 12839.7734375 -1237.41845703125
v -1424.923828125 12911.5 -1326.802734375
v 1326.8037109375 12911.5 1424.92333984375
v 1285.501953125 12867.47265625 1466.224609375
v -1424.923828125 12911.5 -1326.802734375
v 1285.501953125 12867.47265625 1466.224609375
v -1466.2255859375 12867.47265625 -1285.501953125
v -1393.21875 12968.853515625 -1358.50830078125
v 1358.5087890625 12968.853515625 1393.2177734375
v 1326.8037109375 12911.5 1424.92333984375
v -1393.21875 12968.853515625 -1358.50830078125
v 1326.8037109375 12911.5 1424.92333984375
v -1424.923828125 12911.5 -1326.802734375
v -1373.2705078125 13035.6240234375 -1378.45703125
v 1378.45703125 13035.6240234375 1373.26953125
v 1358.5087890625 12968.853515625 1393.2177734375
v -1373.2705078125 13035.6240234375 -1378.45703125
v 1358.5087890625 12968.853515625 1393.2177734375
v -1393.21875 12968.853515625 -1358.50830078125
v -1366.4384765625 13107.2666015625 -1385.2880859375
v 1385.2890625 13107.2666015625 1366.4375
v 1378.45703125 13035.6240234375 1373.26953125
v -1366.4384765625 13107.2666015625 -1385.2880859375
v 1378.45703125 13035.6240234375 1373.26953125
v -1373.2705078125 13035.6240234375 -1378.45703125
v -1373.18896484375 13178.890625 -1378.5390625
v 1378.5390625 13178.890625 1373.18798828125
v 1385.2890625 13107.2666015625 1366.4375
v -1373.18896484375 13178.890625 -1378.5390625
v 1385.2890625 13107.2666015625 1366.4375
v -1366.4384765625 13107.2666015625 -1385.2880859375
v -1393.060546875 13245.623046875 -1358.666015625
v 1358.666015625 13245.623046875 1393.060546875
v 1378.5390625 13178.890625 1373.18798828125
v -1393.060546875 13245.623046875 -1358.666015625
v 1378.5390625 13178.890625 1373.18798828125
v -1373.18896484375 13178.890625 -1378.5390625
v -1424.701171875 13302.9111328125 -1327.025390625
v 1327.0263671875 13302.9111328125 1424.70068359375
v 1358.666015625 13245.623046875 1393.060546875
v -1424.701171875 13302.9111328125 -1327.025390625
v 1358.666015625 13245.623046875 1393.060546875
v -1393.060546875 13245.623046875 -1358.666015625
v -1424.701171875 13302.9111328125 -1327.025390625
v -1465.953125 13346.853515625 -1285.77392578125
v 1285.7744140625 13346.853515625 1465.95263671875
v -1424.701171875 13302.9111328125 -1327.025390625
v 1285.7744140625 13346.853515625 1465.95263671875
v 1327.0263671875 13302.9111328125 1424.70068359375
v -1465.953125 13346.853515625 -1285.77392578125
v -1514.0048828125 13374.4541015625 -1237.7216796875
v 1237.7216796875 13374.4541015625 1514.00439453125
v -1465.953125 13346.853515625 -1285.77392578125
v 1237.7216796875 13374.4541015625 1514.00439453125
v 1285.7744140625 13346.853515625 1465.95263671875
v -1514.0048828125 13374.4541015625 -1237.7216796875
v -1565.58251953125 13383.83203125 -1186.14404296875
v 1186.1455078125 13383.83203125 1565.58203125
v -1514.0048828125 13374.4541015625 -1237.7216796875
v 1186.1455078125 13383.83203125 1565.58203125
v 1237.7216796875 13374.4541015625 1514.00439453125
v -1565.58251953125 13383.83203125 -1186.14404296875
v -1617.1708984375 13374.3486328125 -1134.5556640625
v 1134.556640625 13374.3486328125 1617.17041015625
v -1565.58251953125 13383.83203125 -1186.14404296875
v 1134.556640625 13374.3486328125 1617.17041015625
v 1186.1455078125 13383.83203125 1565.58203125
v -1617.1708984375 13374.3486328125 -1134.5556640625
v -1665.2548828125 13346.650390625 -1086.47265625
v 1086.47265625 13346.650390625 1665.25390625
v -1617.1708984375 13374.3486328125 -1134.5556640625
v 1086.47265625 13346.650390625 1665.25390625
v 1134.556640625 13374.3486328125 1617.17041015625
v -1665.2548828125 13346.650390625 -1086.47265625
v -1706.55615234375 13302.6240234375 -1045.17041015625
v 1045.171875 13302.6240234375 1706.5556640625
v -1665.2548828125 13346.650390625 -1086.47265625
v 1045.171875 13302.6240234375 1706.5556640625
v 1086.47265625 13346.650390625 1665.25390625
v -1706.55615234375 13302.6240234375 -1045.17041015625
v -1738.26220703125 13245.2705078125 -1013.4647827148438
v 1013.4647827148438 13245.2705078125 1738.26171875
v -1706.55615234375 13302.6240234375 -1045.17041015625
v 1013.4647827148438 13245.2705078125 1738.26171875
v 1045.171875 13302.6240234375 1706.5556640625
v -1738.26220703125 13245.2705078125 -1013.4647827148438
v -1758.2099609375 13178.498046875 -993.5166015625
v 993.517578125 13178.498046875 1758.20947265625
v -1738.26220703125 13245.2705078125 -1013.4647827148438
v 993.517578125 13178.498046875 1758.20947265625
v 1013.4647827148438 13245.2705078125 1738.26171875
v -1758.2099609375 13178.498046875 -993.5166015625
v -1765.0419921875 13106.8564453125 -986.6845703125
v 986.6854858398438 13106.8564453125 1765.04150390625
v -1758.2099609375 13178.498046875 -993.5166015625
v 986.6854858398438 13106.8564453125 1765.04150390625
v 993.517578125 13178.498046875 1758.20947265625
v -1765.0419921875 13106.8564453125 -986.6845703125
v -1758.291015625 13035.228515625 -993.4351196289062
v 993.4354858398438 13035.228515625 1758.291015625
v -1765.0419921875 13106.8564453125 -986.6845703125
v 993.4354858398438 13035.228515625 1758.291015625
v 986.6854858398438 13106.8564453125 1765.04150390625
v -1758.291015625 13035.228515625 -993.4351196289062
v -1738.41943359375 12968.4990234375 -1013.30712890625
v 1013.30859375 12968.4990234375 1738.4189453125
v -1758.291015625 13035.228515625 -993.4351196289062
v 1013.30859375 12968.4990234375 1738.4189453125
v 993.4354858398438 13035.228515625 1758.291015625
v -1738.41943359375 12968.4990234375 -1013.30712890625
v -1706.779296875 12911.208984375 -1044.947265625
v 1044.9482421875 12911.208984375 1706.77880859375
v -1738.41943359375 12968.4990234375 -1013.30712890625
v 1044.9482421875 12911.208984375 1706.77880859375
v 1013.30859375 12968.4990234375 1738.4189453125
v -1665.52783203125 12867.267578125 -1086.19921875
v 1086.19921875 12867.267578125 1665.52734375
v 1044.9482421875 12911.208984375 1706.77880859375
v -1665.52783203125 12867.267578125 -1086.19921875
v 1044.9482421875 12911.208984375 1706.77880859375
v -1706.779296875 12911.208984375 -1044.947265625
v -1173.29248046875 11220.884765625 -791.3936157226562
v -1524.791015625 11284.794921875 -439.8949890136719
v -1510.01904296875 13106.7138671875 -454.6669921875
v -1173.29248046875 11220.884765625 -791.3936157226562
v -1510.01904296875 13106.7138671875 -454.6669921875
v -1498.57763671875 12985.3134765625 -466.1083984375
v -1411.2685546875 12775.1103515625 -553.41748046875
v -1173.29248046875 11220.884765625 -791.3936157226562
v -1498.57763671875 12985.3134765625 -466.1083984375
v -1411.2685546875 12775.1103515625 -553.41748046875
v -1498.57763671875 12985.3134765625 -466.1083984375
v -1464.89599609375 12872.2080078125 -499.7900085449219
v -1259.90576171875 12653.8515625 -704.77978515625
v -1173.29248046875 11220.884765625 -791.3936157226562
v -1411.2685546875 12775.1103515625 -553.41748046875
v -1259.90576171875 12653.8515625 -704.77978515625
v -1411.2685546875 12775.1103515625 -553.41748046875
v -1341.35009765625 12700.6318359375 -623.3353881835938
v -821.720703125 11285.515625 -1142.9658203125
v -1173.29248046875 11220.884765625 -791.3936157226562
v -1259.90576171875 12653.8515625 -704.77978515625
v -821.720703125 11285.515625 -1142.9658203125
v -1259.90576171875 12653.8515625 -704.77978515625
v -1172.48681640625 12637.95703125 -792.19873046875
v -1003.55029296875 12700.9775390625 -961.1356811523438
v -821.720703125 11285.515625 -1142.9658203125
v -1172.48681640625 12637.95703125 -792.19873046875
v -1003.55029296875 12700.9775390625 -961.1356811523438
v -1172.48681640625 12637.95703125 -792.19873046875
v -1085.04833984375 12654.0302734375 -879.6376953125
v -879.8101196289062 12872.80859375 -1084.87646484375
v -821.720703125 11285.515625 -1142.9658203125
v -1003.55029296875 12700.9775390625 -961.1356811523438
v -879.8101196289062 12872.80859375 -1084.87646484375
v -1003.55029296875 12700.9775390625 -961.1356811523438
v -933.5479125976562 12775.6005859375 -1031.138671875
v -494.0351867675781 11474.28125 -1470.650390625
v -821.720703125 11285.515625 -1142.9658203125
v -879.8101196289062 12872.80859375 -1084.87646484375
v -494.0351867675781 11474.28125 -1470.650390625
v -879.8101196289062 12872.80859375 -1084.87646484375
v -845.99951171875 12985.9833984375 -1118.68701171875
v -819.6483764648438 14929.328125 -1145.037109375
v -494.0351867675781 11474.28125 -1470.650390625
v -845.99951171875 12985.9833984375 -1118.68701171875
v -819.6483764648438 14929.328125 -1145.037109375
v -845.99951171875 12985.9833984375 -1118.68701171875
v -834.42041015625 13107.4072265625 -1130.2666015625
v -212.56640625 11774.318359375 -1752.1201171875
v -494.0351867675781 11474.28125 -1470.650390625
v -819.6483764648438 14929.328125 -1145.037109375
v -212.56640625 11774.318359375 -1752.1201171875
v -819.6483764648438 14929.328125 -1145.037109375
v -492.1763000488281 14741.234375 -1472.509765625
v 3.5028998851776123 12165.1796875 -1968.189453125
v -212.56640625 11774.318359375 -1752.1201171875
v -492.1763000488281 14741.234375 -1472.509765625
v 3.5028998851776123 12165.1796875 -1968.189453125
v -492.1763000488281 14741.234375 -1472.509765625
v -211.0498046875 14441.7744140625 -1753.63671875
v 139.44920349121094 12620.228515625 -2104.1357421875
v 3.5028998851776123 12165.1796875 -1968.189453125
v -211.0498046875 14441.7744140625 -1753.63671875
v 139.44920349121094 12620.228515625 -2104.1357421875
v -211.0498046875 14441.7744140625 -1753.63671875
v 4.576200008392334 14051.35546875 -1969.2626953125
v 186.00880432128906 13108.453125 -2150.6953125
v 139.44920349121094 12620.228515625 -2104.1357421875
v 4.576200008392334 14051.35546875 -1969.2626953125
v 186.00880432128906 13108.453125 -2150.6953125
v 4.576200008392334 14051.35546875 -1969.2626953125
v 140.00489807128906 13596.5849609375 -2104.69140625
v -879.5430297851562 13341.912109375 -1085.14306640625
v -819.6483764648438 14929.328125 -1145.037109375
v -834.42041015625 13107.4072265625 -1130.2666015625
v -879.5430297851562 13341.912109375 -1085.14306640625
v -834.42041015625 13107.4072265625 -1130.2666015625
v -845.861328125 13228.8076171875 -1118.82568359375
v -1003.08837890625 13513.490234375 -961.5977172851562
v -819.6483764648438 14929.328125 -1145.037109375
v -879.5430297851562 13341.912109375 -1085.14306640625
v -1003.08837890625 13513.490234375 -961.5977172851562
v -879.5430297851562 13341.912109375 -1085.14306640625
v -933.17041015625 13439.0126953125 -1031.51611328125
v -1171.146484375 14993.2373046875 -793.5391235351562
v -819.6483764648438 14929.328125 -1145.037109375
v -1003.08837890625 13513.490234375 -961.5977172851562
v -1171.146484375 14993.2373046875 -793.5391235351562
v -1003.08837890625 13513.490234375 -961.5977172851562
v -1084.533203125 13560.2705078125 -880.1533203125
v -1259.390625 13560.0908203125 -705.29541015625
v -1171.146484375 14993.2373046875 -793.5391235351562
v -1084.533203125 13560.2705078125 -880.1533203125
v -1259.390625 13560.0908203125 -705.29541015625
v -1084.533203125 13560.2705078125 -880.1533203125
v -1171.95263671875 13576.1650390625 -792.7333984375
v -1410.89111328125 13438.5224609375 -553.794921875
v -1171.146484375 14993.2373046875 -793.5391235351562
v -1259.390625 13560.0908203125 -705.29541015625
v -1410.89111328125 13438.5224609375 -553.794921875
v -1259.390625 13560.0908203125 -705.29541015625
v -1340.888671875 13513.1435546875 -623.7979125976562
v -1522.71826171875 14928.6064453125 -441.9678039550781
v -1171.146484375 14993.2373046875 -793.5391235351562
v -1410.89111328125 13438.5224609375 -553.794921875
v -1522.71826171875 14928.6064453125 -441.9678039550781
v -1410.89111328125 13438.5224609375 -553.794921875
v -1464.62939453125 13341.3125 -500.05621337890625
v -1510.01904296875 13106.7138671875 -454.6669921875
v -1522.71826171875 14928.6064453125 -441.9678039550781
v -1464.62939453125 13341.3125 -500.05621337890625
v -1510.01904296875 13106.7138671875 -454.6669921875
v -1464.62939453125 13341.3125 -500.05621337890625
v -1498.4404296875 13228.138671875 -466.24560546875
v -1850.404296875 14739.8408203125 -114.28170013427734
v -1522.71826171875 14928.6064453125 -441.9678039550781
v -1510.01904296875 13106.7138671875 -454.6669921875
v -1850.404296875 14739.8408203125 -114.28170013427734
v -1510.01904296875 13106.7138671875 -454.6669921875
v -1524.791015625 11284.794921875 -439.8949890136719
v -2131.87255859375 14439.802734375 167.18699645996094
v -1850.404296875 14739.8408203125 -114.28170013427734
v -1524.791015625 11284.794921875 -439.8949890136719
v -2131.87255859375 14439.802734375 167.18699645996094
v -1524.791015625 11284.794921875 -439.8949890136719
v -1852.2626953125 11472.888671875 -112.42330169677734
v -2347.9423828125 14048.943359375 383.2568054199219
v -2131.87255859375 14439.802734375 167.18699645996094
v -1852.2626953125 11472.888671875 -112.42330169677734
v -2347.9423828125 14048.943359375 383.2568054199219
v -1852.2626953125 11472.888671875 -112.42330169677734
v -2133.39013671875 11772.3486328125 168.70460510253906
v -2483.88916015625 13593.8935546875 519.203125
v -2347.9423828125 14048.943359375 383.2568054199219
v -2133.39013671875 11772.3486328125 168.70460510253906
v -2483.88916015625 13593.8935546875 519.203125
v -2133.39013671875 11772.3486328125 168.70460510253906
v -2349.015625 12162.7666015625 384.3301086425781
v -2530.447265625 13105.66796875 565.76171875
v -2483.88916015625 13593.8935546875 519.203125
v -2349.015625 12162.7666015625 384.3301086425781
v -2530.447265625 13105.66796875 565.76171875
v -2349.015625 12162.7666015625 384.3301086425781
v -2484.4443359375 12617.537109375 519.7587890625
v -2197.4375 12162.7666015625 535.908203125
v -2332.31103515625 13593.8935546875 670.7813110351562
v -2378.869140625 13105.66796875 717.3397827148438
v -2197.4375 12162.7666015625 535.908203125
v -2378.869140625 13105.66796875 717.3397827148438
v -2332.8662109375 12617.537109375 671.3369140625
v -1981.81201171875 11772.3486328125 320.28271484375
v -2196.3642578125 14048.943359375 534.8350219726562
v -2332.31103515625 13593.8935546875 670.7813110351562
v -1981.81201171875 11772.3486328125 320.28271484375
v -2332.31103515625 13593.8935546875 670.7813110351562
v -2197.4375 12162.7666015625 535.908203125
v -1700.6845703125 11472.888671875 39.15480041503906
v -1980.29443359375 14439.802734375 318.7651062011719
v -2196.3642578125 14048.943359375 534.8350219726562
v -1700.6845703125 11472.888671875 39.15480041503906
v -2196.3642578125 14048.943359375 534.8350219726562
v -1981.81201171875 11772.3486328125 320.28271484375
v -1373.212890625 11284.794921875 -288.31689453125
v -1698.826171875 14739.8408203125 37.2963981628418
v -1980.29443359375 14439.802734375 318.7651062011719
v -1373.212890625 11284.794921875 -288.31689453125
v -1980.29443359375 14439.802734375 318.7651062011719
v -1700.6845703125 11472.888671875 39.15480041503906
v -1358.44091796875 13106.7138671875 -303.0888977050781
v -1371.14013671875 14928.6064453125 -290.38958740234375
v -1698.826171875 14739.8408203125 37.2963981628418
v -1358.44091796875 13106.7138671875 -303.0888977050781
v -1698.826171875 14739.8408203125 37.2963981628418
v -1373.212890625 11284.794921875 -288.31689453125
v -1313.05126953125 13341.3125 -348.4779968261719
v -1371.14013671875 14928.6064453125 -290.38958740234375
v -1358.44091796875 13106.7138671875 -303.0888977050781
v -1313.05126953125 13341.3125 -348.4779968261719
v -1358.44091796875 13106.7138671875 -303.0888977050781
v -1346.8623046875 13228.138671875 -314.6675109863281
v -1259.31298828125 13438.5224609375 -402.216796875
v -1019.5684204101562 14993.2373046875 -641.9608764648438
v -1371.14013671875 14928.6064453125 -290.38958740234375
v -1259.31298828125 13438.5224609375 -402.216796875
v -1371.14013671875 14928.6064453125 -290.38958740234375
v -1313.05126953125 13341.3125 -348.4779968261719
v -1107.8125 13560.0908203125 -553.71728515625
v -1019.5684204101562 14993.2373046875 -641.9608764648438
v -1259.31298828125 13438.5224609375 -402.216796875
v -1107.8125 13560.0908203125 -553.71728515625
v -1259.31298828125 13438.5224609375 -402.216796875
v -1189.310546875 13513.1435546875 -472.2196960449219
v -932.955078125 13560.2705078125 -728.5751953125
v -1019.5684204101562 14993.2373046875 -641.9608764648438
v -1107.8125 13560.0908203125 -553.71728515625
v -932.955078125 13560.2705078125 -728.5751953125
v -1107.8125 13560.0908203125 -553.71728515625
v -1020.37451171875 13576.1650390625 -641.1552734375
v -851.5103149414062 13513.490234375 -810.0194702148438
v -668.0703125 14929.328125 -993.458984375
v -1019.5684204101562 14993.2373046875 -641.9608764648438
v -851.5103149414062 13513.490234375 -810.0194702148438
v -1019.5684204101562 14993.2373046875 -641.9608764648438
v -932.955078125 13560.2705078125 -728.5751953125
v -727.9647827148438 13341.912109375 -933.5648803710938
v -668.0703125 14929.328125 -993.458984375
v -851.5103149414062 13513.490234375 -810.0194702148438
v -727.9647827148438 13341.912109375 -933.5648803710938
v -851.5103149414062 13513.490234375 -810.0194702148438
v -781.59228515625 13439.0126953125 -879.9375
v -682.84228515625 13107.4072265625 -978.68798828125
v -668.0703125 14929.328125 -993.458984375
v -727.9647827148438 13341.912109375 -933.5648803710938
v -682.84228515625 13107.4072265625 -978.68798828125
v -727.9647827148438 13341.912109375 -933.5648803710938
v -694.283203125 13228.8076171875 -967.2470703125
v -694.42138671875 12985.9833984375 -967.1083984375
v -342.4570007324219 11474.28125 -1319.072265625
v -668.0703125 14929.328125 -993.458984375
v -694.42138671875 12985.9833984375 -967.1083984375
v -668.0703125 14929.328125 -993.458984375
v -682.84228515625 13107.4072265625 -978.68798828125
v -728.2318725585938 12872.80859375 -933.2979125976562
v -670.142578125 11285.515625 -991.38720703125
v -342.4570007324219 11474.28125 -1319.072265625
v -728.2318725585938 12872.80859375 -933.2979125976562
v -342.4570007324219 11474.28125 -1319.072265625
v -694.42138671875 12985.9833984375 -967.1083984375
v -851.9722290039062 12700.9775390625 -809.5576171875
v -670.142578125 11285.515625 -991.38720703125
v -728.2318725585938 12872.80859375 -933.2979125976562
v -851.9722290039062 12700.9775390625 -809.5576171875
v -728.2318725585938 12872.80859375 -933.2979125976562
v -781.9697265625 12775.6005859375 -879.5601196289062
v -1020.90869140625 12637.95703125 -640.62060546875
v -670.142578125 11285.515625 -991.38720703125
v -851.9722290039062 12700.9775390625 -809.5576171875
v -1020.90869140625 12637.95703125 -640.62060546875
v -851.9722290039062 12700.9775390625 -809.5576171875
v -933.47021484375 12654.0302734375 -728.0595703125
v -1108.32763671875 12653.8515625 -553.2017211914062
v -1021.7144165039062 11220.884765625 -639.8154296875
v -670.142578125 11285.515625 -991.38720703125
v -1108.32763671875 12653.8515625 -553.2017211914062
v -670.142578125 11285.515625 -991.38720703125
v -1020.90869140625 12637.95703125 -640.62060546875
v -1259.6904296875 12775.1103515625 -401.8393859863281
v -1021.7144165039062 11220.884765625 -639.8154296875
v -1108.32763671875 12653.8515625 -553.2017211914062
v -1259.6904296875 12775.1103515625 -401.8393859863281
v -1108.32763671875 12653.8515625 -553.2017211914062
v -1189.77197265625 12700.6318359375 -471.7572937011719
v -1346.99951171875 12985.3134765625 -314.5303039550781
v -1021.7144165039062 11220.884765625 -639.8154296875
v -1259.6904296875 12775.1103515625 -401.8393859863281
v -1346.99951171875 12985.3134765625 -314.5303039550781
v -1259.6904296875 12775.1103515625 -401.8393859863281
v -1313.31787109375 12872.2080078125 -348.2119140625
v -1358.44091796875 13106.7138671875 -303.0888977050781
v -1373.212890625 11284.794921875 -288.31689453125
v -1021.7144165039062 11220.884765625 -639.8154296875
v -1358.44091796875 13106.7138671875 -303.0888977050781
v -1021.7144165039062 11220.884765625 -639.8154296875
v -1346.99951171875 12985.3134765625 -314.5303039550781
v -60.98830032348633 11774.318359375 -1600.5419921875
v -340.5981140136719 14741.234375 -1320.93212890625
v -668.0703125 14929.328125 -993.458984375
v -60.98830032348633 11774.318359375 -1600.5419921875
v -668.0703125 14929.328125 -993.458984375
v -342.4570007324219 11474.28125 -1319.072265625
v 155.0811004638672 12165.1796875 -1816.611328125
v -59.47169876098633 14441.7744140625 -1602.05859375
v -340.5981140136719 14741.234375 -1320.93212890625
v 155.0811004638672 12165.1796875 -1816.611328125
v -340.5981140136719 14741.234375 -1320.93212890625
v -60.98830032348633 11774.318359375 -1600.5419921875
v 291.0273132324219 12620.228515625 -1952.5576171875
v 156.154296875 14051.35546875 -1817.6845703125
v -59.47169876098633 14441.7744140625 -1602.05859375
v 291.0273132324219 12620.228515625 -1952.5576171875
v -59.47169876098633 14441.7744140625 -1602.05859375
v 155.0811004638672 12165.1796875 -1816.611328125
v 337.5869140625 13108.453125 -1999.1171875
v 291.5830078125 13596.5849609375 -1953.11328125
v 156.154296875 14051.35546875 -1817.6845703125
v 337.5869140625 13108.453125 -1999.1171875
v 156.154296875 14051.35546875 -1817.6845703125
v 291.0273132324219 12620.228515625 -1952.5576171875
v -821.720703125 11285.515625 -1142.9658203125
v -670.142578125 11285.515625 -991.38720703125
v -1021.7144165039062 11220.884765625 -639.8154296875
v -821.720703125 11285.515625 -1142.9658203125
v -1021.7144165039062 11220.884765625 -639.8154296875
v -1173.29248046875 11220.884765625 -791.3936157226562
v -1173.29248046875 11220.884765625 -791.3936157226562
v -1021.7144165039062 11220.884765625 -639.8154296875
v -1373.212890625 11284.794921875 -288.31689453125
v -1173.29248046875 11220.884765625 -791.3936157226562
v -1373.212890625 11284.794921875 -288.31689453125
v -1524.791015625 11284.794921875 -439.8949890136719
v -1524.791015625 11284.794921875 -439.8949890136719
v -1373.212890625 11284.794921875 -288.31689453125
v -1700.6845703125 11472.888671875 39.15480041503906
v -1524.791015625 11284.794921875 -439.8949890136719
v -1700.6845703125 11472.888671875 39.15480041503906
v -1852.2626953125 11472.888671875 -112.42330169677734
v -1852.2626953125 11472.888671875 -112.42330169677734
v -1700.6845703125 11472.888671875 39.15480041503906
v -1981.81201171875 11772.3486328125 320.28271484375
v -1852.2626953125 11472.888671875 -112.42330169677734
v -1981.81201171875 11772.3486328125 320.28271484375
v -2133.39013671875 11772.3486328125 168.70460510253906
v -2197.4375 12162.7666015625 535.908203125
v -2349.015625 12162.7666015625 384.3301086425781
v -2133.39013671875 11772.3486328125 168.70460510253906
v -2197.4375 12162.7666015625 535.908203125
v -2133.39013671875 11772.3486328125 168.70460510253906
v -1981.81201171875 11772.3486328125 320.28271484375
v -2332.8662109375 12617.537109375 671.3369140625
v -2484.4443359375 12617.537109375 519.7587890625
v -2349.015625 12162.7666015625 384.3301086425781
v -2332.8662109375 12617.537109375 671.3369140625
v -2349.015625 12162.7666015625 384.3301086425781
v -2197.4375 12162.7666015625 535.908203125
v 186.00880432128906 13108.453125 -2150.6953125
v 337.5869140625 13108.453125 -1999.1171875
v 291.0273132324219 12620.228515625 -1952.5576171875
v 186.00880432128906 13108.453125 -2150.6953125
v 291.0273132324219 12620.228515625 -1952.5576171875
v 139.44920349121094 12620.228515625 -2104.1357421875
v 139.44920349121094 12620.228515625 -2104.1357421875
v 291.0273132324219 12620.228515625 -1952.5576171875
v 155.0811004638672 12165.1796875 -1816.611328125
v 139.44920349121094 12620.228515625 -2104.1357421875
v 155.0811004638672 12165.1796875 -1816.611328125
v 3.5028998851776123 12165.1796875 -1968.189453125
v 3.5028998851776123 12165.1796875 -1968.189453125
v 155.0811004638672 12165.1796875 -1816.611328125
v -60.98830032348633 11774.318359375 -1600.5419921875
v 3.5028998851776123 12165.1796875 -1968.189453125
v -60.98830032348633 11774.318359375 -1600.5419921875
v -212.56640625 11774.318359375 -1752.1201171875
v -212.56640625 11774.318359375 -1752.1201171875
v -60.98830032348633 11774.318359375 -1600.5419921875
v -342.4570007324219 11474.28125 -1319.072265625
v -212.56640625 11774.318359375 -1752.1201171875
v -342.4570007324219 11474.28125 -1319.072265625
v -494.0351867675781 11474.28125 -1470.650390625
v -494.0351867675781 11474.28125 -1470.650390625
v -342.4570007324219 11474.28125 -1319.072265625
v -670.142578125 11285.515625 -991.38720703125
v -494.0351867675781 11474.28125 -1470.650390625
v -670.142578125 11285.515625 -991.38720703125
v -821.720703125 11285.515625 -1142.9658203125
v -2378.869140625 13105.66796875 717.3397827148438
v -2530.447265625 13105.66796875 565.76171875
v -2484.4443359375 12617.537109375 519.7587890625
v -2378.869140625 13105.66796875 717.3397827148438
v -2484.4443359375 12617.537109375 519.7587890625
v -2332.8662109375 12617.537109375 671.3369140625
v -2332.31103515625 13593.8935546875 670.7813110351562
v -2483.88916015625 13593.8935546875 519.203125
v -2530.447265625 13105.66796875 565.76171875
v -2332.31103515625 13593.8935546875 670.7813110351562
v -2530.447265625 13105.66796875 565.76171875
v -2378.869140625 13105.66796875 717.3397827148438
v -2196.3642578125 14048.943359375 534.8350219726562
v -2347.9423828125 14048.943359375 383.2568054199219
v -2483.88916015625 13593.8935546875 519.203125
v -2196.3642578125 14048.943359375 534.8350219726562
v -2483.88916015625 13593.8935546875 519.203125
v -2332.31103515625 13593.8935546875 670.7813110351562
v -1980.29443359375 14439.802734375 318.7651062011719
v -2131.87255859375 14439.802734375 167.18699645996094
v -2347.9423828125 14048.943359375 383.2568054199219
v -1980.29443359375 14439.802734375 318.7651062011719
v -2347.9423828125 14048.943359375 383.2568054199219
v -2196.3642578125 14048.943359375 534.8350219726562
v -1850.404296875 14739.8408203125 -114.28170013427734
v -2131.87255859375 14439.802734375 167.18699645996094
v -1980.29443359375 14439.802734375 318.7651062011719
v -1850.404296875 14739.8408203125 -114.28170013427734
v -1980.29443359375 14439.802734375 318.7651062011719
v -1698.826171875 14739.8408203125 37.2963981628418
v -1522.71826171875 14928.6064453125 -441.9678039550781
v -1850.404296875 14739.8408203125 -114.28170013427734
v -1698.826171875 14739.8408203125 37.2963981628418
v -1522.71826171875 14928.6064453125 -441.9678039550781
v -1698.826171875 14739.8408203125 37.2963981628418
v -1371.14013671875 14928.6064453125 -290.38958740234375
v -1171.146484375 14993.2373046875 -793.5391235351562
v -1522.71826171875 14928.6064453125 -441.9678039550781
v -1371.14013671875 14928.6064453125 -290.38958740234375
v -1171.146484375 14993.2373046875 -793.5391235351562
v -1371.14013671875 14928.6064453125 -290.38958740234375
v -1019.5684204101562 14993.2373046875 -641.9608764648438
v -819.6483764648438 14929.328125 -1145.037109375
v -1171.146484375 14993.2373046875 -793.5391235351562
v -1019.5684204101562 14993.2373046875 -641.9608764648438
v -819.6483764648438 14929.328125 -1145.037109375
v -1019.5684204101562 14993.2373046875 -641.9608764648438
v -668.0703125 14929.328125 -993.458984375
v -492.1763000488281 14741.234375 -1472.509765625
v -819.6483764648438 14929.328125 -1145.037109375
v -668.0703125 14929.328125 -993.458984375
v -492.1763000488281 14741.234375 -1472.509765625
v -668.0703125 14929.328125 -993.458984375
v -340.5981140136719 14741.234375 -1320.93212890625
v -211.0498046875 14441.7744140625 -1753.63671875
v -492.1763000488281 14741.234375 -1472.509765625
v -340.5981140136719 14741.234375 -1320.93212890625
v -211.0498046875 14441.7744140625 -1753.63671875
v -340.5981140136719 14741.234375 -1320.93212890625
v -59.47169876098633 14441.7744140625 -1602.05859375
v -211.0498046875 14441.7744140625 -1753.63671875
v -59.47169876098633 14441.7744140625 -1602.05859375
v 156.154296875 14051.35546875 -1817.6845703125
v -211.0498046875 14441.7744140625 -1753.63671875
v 156.154296875 14051.35546875 -1817.6845703125
v 4.576200008392334 14051.35546875 -1969.2626953125
v 4.576200008392334 14051.35546875 -1969.2626953125
v 156.154296875 14051.35546875 -1817.6845703125
v 291.5830078125 13596.5849609375 -1953.11328125
v 4.576200008392334 14051.35546875 -1969.2626953125
v 291.5830078125 13596.5849609375 -1953.11328125
v 140.00489807128906 13596.5849609375 -2104.69140625
v 140.00489807128906 13596.5849609375 -2104.69140625
v 291.5830078125 13596.5849609375 -1953.11328125
v 337.5869140625 13108.453125 -1999.1171875
v 140.00489807128906 13596.5849609375 -2104.69140625
v 337.5869140625 13108.453125 -1999.1171875
v 186.00880432128906 13108.453125 -2150.6953125
vt 0 48.88529968261719
vt 1.9375 48.88529968261719
vt 1.9375 -164.86329650878906
vt 0 48.88529968261719
vt 1.9375 -164.86329650878906
vt 0 -164.86329650878906
vt 1.9375 280.2607116699219
vt 1.9375 6.586699962615967
vt 0 6.586699962615967
vt 1.9375 280.2607116699219
vt 0 6.586699962615967
vt 0 280.2607116699219
vt 0 228.6262969970703
vt 0 6.586699962615967
vt -1.9375 6.586699962615967
vt 0 228.6262969970703
vt -1.9375 6.586699962615967
vt -1.9375 228.6262969970703
vt 0 225.2218017578125
vt 0 12.024499893188477
vt -1.9375 12.024499893188477
vt 0 225.2218017578125
vt -1.9375 12.024499893188477
vt -1.9375 225.2218017578125
vt 280.2607116699219 3.2202000617980957
vt 286.875 0
vt 0 0
vt 280.2607116699219 3.2202000617980957
vt 0 0
vt 6.586699962615967 3.2202000617980957
vt 142.94859313964844 183.67979431152344
vt 286.875 0
vt 280.2607116699219 3.2202000617980957
vt 142.94859313964844 183.67979431152344
vt 280.2607116699219 3.2202000617980957
vt 142.95730590820312 178.44769287109375
vt 0 0
vt 142.94859313964844 183.67979431152344
vt 142.95730590820312 178.44769287109375
vt 0 0
vt 142.95730590820312 178.44769287109375
vt 6.586699962615967 3.2202000617980957
vt -4.5 228.6262969970703
vt -1.9375 228.6262969970703
vt -1.9375 6.586699962615967
vt -4.5 228.6262969970703
vt -1.9375 6.586699962615967
vt -4.5 6.586699962615967
vt 0 232.75
vt 4.5 232.75
vt 4.5 0
vt 0 232.75
vt 4.5 0
vt 0 0
vt 0 135.6239013671875
vt -4.5 286.875
vt 0 286.875
vt 0 135.6239013671875
vt 0 286.875
vt 0 137.9508056640625
vt 0 0
vt -4.5 0
vt -4.5 286.875
vt 0 0
vt -4.5 286.875
vt 0 135.6239013671875
vt 39 137.9508056640625
vt 39 135.6239013671875
vt 0 135.6239013671875
vt 39 137.9508056640625
vt 0 135.6239013671875
vt 0 137.9508056640625
vt 4.5 280.2607116699219
vt 4.5 6.586699962615967
vt 1.9375 6.586699962615967
vt 4.5 280.2607116699219
vt 1.9375 6.586699962615967
vt 1.9375 280.2607116699219
vt -4.5 56.41350173950195
vt 0 56.41350173950195
vt 0 -176.9384002685547
vt -4.5 56.41350173950195
vt 0 -176.9384002685547
vt -4.5 -176.9384002685547
vt 4.5 52.28969955444336
vt 4.5 -170.32400512695312
vt 1.9375 -170.32400512695312
vt 4.5 52.28969955444336
vt 1.9375 -170.32400512695312
vt 1.9375 52.28969955444336
vt 0 52.28969955444336
vt 1.9375 52.28969955444336
vt 1.9375 -170.32400512695312
vt 0 52.28969955444336
vt 1.9375 -170.32400512695312
vt 0 -170.32400512695312
vt 1.9375 274.7998962402344
vt 1.9375 12.024499893188477
vt 0 12.024499893188477
vt 1.9375 274.7998962402344
vt 0 12.024499893188477
vt 0 274.7998962402344
vt -7.5625 -3.331199884414673
vt -7.5625 -1.71589994430542
vt -4.0625 -1.71589994430542
vt -7.5625 -3.331199884414673
vt -4.0625 -1.71589994430542
vt -4.0625 -3.331199884414673
vt -137.3968963623047 164.07110595703125
vt -136.97610473632812 168.78799438476562
vt -136.69830322265625 167.19679260253906
vt -137.3968963623047 164.07110595703125
vt -136.69830322265625 167.19679260253906
vt -136.84190368652344 165.58799743652344
vt -138.3256072998047 162.74960327148438
vt -137.6562042236328 170.2530975341797
vt -136.97610473632812 168.78799438476562
vt -138.3256072998047 162.74960327148438
vt -136.97610473632812 168.78799438476562
vt -137.3968963623047 164.07110595703125
vt -139.564697265625 161.7135009765625
vt -138.6923065185547 171.49220275878906
vt -137.6562042236328 170.2530975341797
vt -139.564697265625 161.7135009765625
vt -137.6562042236328 170.2530975341797
vt -138.3256072998047 162.74960327148438
vt -141.02980041503906 161.0334014892578
vt -140.0137939453125 172.4208984375
vt -138.6923065185547 171.49220275878906
vt -141.02980041503906 161.0334014892578
vt -138.6923065185547 171.49220275878906
vt -139.564697265625 161.7135009765625
vt -142.6208953857422 160.75559997558594
vt -141.53070068359375 172.9759063720703
vt -140.0137939453125 172.4208984375
vt -142.6208953857422 160.75559997558594
vt -140.0137939453125 172.4208984375
vt -141.02980041503906 161.0334014892578
vt -144.22979736328125 160.8990936279297
vt -143.1396026611328 173.1195068359375
vt -141.53070068359375 172.9759063720703
vt -144.22979736328125 160.8990936279297
vt -141.53070068359375 172.9759063720703
vt -142.6208953857422 160.75559997558594
vt -145.7467041015625 161.45419311523438
vt -144.73069763183594 172.84170532226562
vt -143.1396026611328 173.1195068359375
vt -145.7467041015625 161.45419311523438
vt -143.1396026611328 173.1195068359375
vt -144.22979736328125 160.8990936279297
vt -147.06820678710938 162.38290405273438
vt -146.19580078125 172.16160583496094
vt -144.73069763183594 172.84170532226562
vt -147.06820678710938 162.38290405273438
vt -144.73069763183594 172.84170532226562
vt -145.7467041015625 161.45419311523438
vt -148.1042938232422 163.6219940185547
vt -147.43490600585938 171.12550354003906
vt -146.19580078125 172.16160583496094
vt -148.1042938232422 163.6219940185547
vt -146.19580078125 172.16160583496094
vt -147.06820678710938 162.38290405273438
vt -148.78439331054688 165.08709716796875
vt -148.3636016845703 169.80389404296875
vt -147.43490600585938 171.12550354003906
vt -148.78439331054688 165.08709716796875
vt -147.43490600585938 171.12550354003906
vt -148.1042938232422 163.6219940185547
vt -149.06219482421875 166.67820739746094
vt -148.918701171875 168.28709411621094
vt -148.3636016845703 169.80389404296875
vt -149.06219482421875 166.67820739746094
vt -148.3636016845703 169.80389404296875
vt -148.78439331054688 165.08709716796875
vt -7.5625 55.23759841918945
vt -4.0625 55.23759841918945
vt -4.0625 53.62229919433594
vt -7.5625 55.23759841918945
vt -4.0625 53.62229919433594
vt -7.5625 53.62229919433594
vt -7.5625 108.48179626464844
vt -4.0625 108.48179626464844
vt -4.0625 106.86650085449219
vt -7.5625 108.48179626464844
vt -4.0625 106.86650085449219
vt -7.5625 106.86650085449219
vt -7.5625 154.3881072998047
vt -4.0625 154.3881072998047
vt -4.0625 152.7729034423828
vt -7.5625 154.3881072998047
vt -4.0625 152.7729034423828
vt -7.5625 152.7729034423828
vt -7.5625 189.8282928466797
vt -4.0625 189.8282928466797
vt -4.0625 188.21299743652344
vt -7.5625 189.8282928466797
vt -4.0625 188.21299743652344
vt -7.5625 188.21299743652344
vt -7.5625 212.38690185546875
vt -4.0625 212.38690185546875
vt -4.0625 210.77169799804688
vt -7.5625 212.38690185546875
vt -4.0625 210.77169799804688
vt -7.5625 210.77169799804688
vt -7.5625 -60.112701416015625
vt -7.5625 -58.497501373291016
vt -4.0625 -58.497501373291016
vt -7.5625 -60.112701416015625
vt -4.0625 -58.497501373291016
vt -4.0625 -60.112701416015625
vt -7.5625 220.52679443359375
vt -4.0625 220.52679443359375
vt -4.0625 218.91160583496094
vt -7.5625 220.52679443359375
vt -4.0625 218.91160583496094
vt -7.5625 218.91160583496094
vt -7.5625 213.69320678710938
vt -4.0625 213.69320678710938
vt -4.0625 212.0780029296875
vt -7.5625 213.69320678710938
vt -4.0625 212.0780029296875
vt -7.5625 212.0780029296875
vt -7.5625 192.351806640625
vt -4.0625 192.351806640625
vt -4.0625 190.73660278320312
vt -7.5625 192.351806640625
vt -4.0625 190.73660278320312
vt -7.5625 190.73660278320312
vt -7.5625 157.95700073242188
vt -4.0625 157.95700073242188
vt -4.0625 156.341796875
vt -7.5625 157.95700073242188
vt -4.0625 156.341796875
vt -7.5625 156.341796875
vt 7.5625 -112.85269927978516
vt 4.0625 -112.85269927978516
vt 4.0625 -111.23750305175781
vt 7.5625 -112.85269927978516
vt 4.0625 -111.23750305175781
vt 7.5625 -111.23750305175781
vt 7.5625 -60.112701416015625
vt 4.0625 -60.112701416015625
vt 4.0625 -58.497501373291016
vt 7.5625 -60.112701416015625
vt 4.0625 -58.497501373291016
vt 7.5625 -58.497501373291016
vt 7.5625 -3.331199884414673
vt 4.0625 -3.331199884414673
vt 4.0625 -1.71589994430542
vt 7.5625 -3.331199884414673
vt 4.0625 -1.71589994430542
vt 7.5625 -1.71589994430542
vt 4.0625 55.23759841918945
vt 7.5625 55.23759841918945
vt 7.5625 53.62229919433594
vt 4.0625 55.23759841918945
vt 7.5625 53.62229919433594
vt 4.0625 53.62229919433594
vt 4.0625 108.48179626464844
vt 7.5625 108.48179626464844
vt 7.5625 106.86650085449219
vt 4.0625 108.48179626464844
vt 7.5625 106.86650085449219
vt 4.0625 106.86650085449219
vt 4.0625 154.3881072998047
vt 7.5625 154.3881072998047
vt 7.5625 152.7729034423828
vt 4.0625 154.3881072998047
vt 7.5625 152.7729034423828
vt 4.0625 152.7729034423828
vt 4.0625 189.8282928466797
vt 7.5625 189.8282928466797
vt 7.5625 188.21299743652344
vt 4.0625 189.8282928466797
vt 7.5625 188.21299743652344
vt 4.0625 188.21299743652344
vt 4.0625 212.38690185546875
vt 7.5625 212.38690185546875
vt 7.5625 210.77169799804688
vt 4.0625 212.38690185546875
vt 7.5625 210.77169799804688
vt 4.0625 210.77169799804688
vt 4.0625 220.52679443359375
vt 7.5625 220.52679443359375
vt 7.5625 218.91160583496094
vt 4.0625 220.52679443359375
vt 7.5625 218.91160583496094
vt 4.0625 218.91160583496094
vt 7.5625 213.69320678710938
vt 7.5625 212.0780029296875
vt 4.0625 212.0780029296875
vt 7.5625 213.69320678710938
vt 4.0625 212.0780029296875
vt 4.0625 213.69320678710938
vt 7.5625 192.351806640625
vt 7.5625 190.73660278320312
vt 4.0625 190.73660278320312
vt 7.5625 192.351806640625
vt 4.0625 190.73660278320312
vt 4.0625 192.351806640625
vt 7.5625 157.95700073242188
vt 7.5625 156.341796875
vt 4.0625 156.341796875
vt 7.5625 157.95700073242188
vt 4.0625 156.341796875
vt 4.0625 157.95700073242188
vt -7.5625 -112.85269927978516
vt -7.5625 -111.23750305175781
vt -4.0625 -111.23750305175781
vt -7.5625 -112.85269927978516
vt -4.0625 -111.23750305175781
vt -4.0625 -112.85269927978516
vt -4.0625 -60.112701416015625
vt -4.0625 -58.497501373291016
vt -0.8125 -58.497501373291016
vt -4.0625 -60.112701416015625
vt -0.8125 -58.497501373291016
vt -0.8125 -60.112701416015625
vt -4.0625 -112.85269927978516
vt -4.0625 -111.23750305175781
vt -0.8125 -111.23750305175781
vt -4.0625 -112.85269927978516
vt -0.8125 -111.23750305175781
vt -0.8125 -112.85269927978516
vt 4.0625 157.95700073242188
vt 4.0625 156.341796875
vt 0.8125 156.341796875
vt 4.0625 157.95700073242188
vt 0.8125 156.341796875
vt 0.8125 157.95700073242188
vt 4.0625 192.351806640625
vt 4.0625 190.73660278320312
vt 0.8125 190.73660278320312
vt 4.0625 192.351806640625
vt 0.8125 190.73660278320312
vt 0.8125 192.351806640625
vt 4.0625 213.69320678710938
vt 4.0625 212.0780029296875
vt 0.8125 212.0780029296875
vt 4.0625 213.69320678710938
vt 0.8125 212.0780029296875
vt 0.8125 213.69320678710938
vt 0.8125 220.52679443359375
vt 4.0625 220.52679443359375
vt 4.0625 218.91160583496094
vt 0.8125 220.52679443359375
vt 4.0625 218.91160583496094
vt 0.8125 218.91160583496094
vt 0.8125 212.38690185546875
vt 4.0625 212.38690185546875
vt 4.0625 210.77169799804688
vt 0.8125 212.38690185546875
vt 4.0625 210.77169799804688
vt 0.8125 210.77169799804688
vt 0.8125 189.8282928466797
vt 4.0625 189.8282928466797
vt 4.0625 188.21299743652344
vt 0.8125 189.8282928466797
vt 4.0625 188.21299743652344
vt 0.8125 188.21299743652344
vt 0.8125 154.3881072998047
vt 4.0625 154.3881072998047
vt 4.0625 152.7729034423828
vt 0.8125 154.3881072998047
vt 4.0625 152.7729034423828
vt 0.8125 152.7729034423828
vt 0.8125 108.48179626464844
vt 4.0625 108.48179626464844
vt 4.0625 106.86650085449219
vt 0.8125 108.48179626464844
vt 4.0625 106.86650085449219
vt 0.8125 106.86650085449219
vt 0.8125 55.23759841918945
vt 4.0625 55.23759841918945
vt 4.0625 53.62229919433594
vt 0.8125 55.23759841918945
vt 4.0625 53.62229919433594
vt 0.8125 53.62229919433594
vt 4.0625 -3.331199884414673
vt 0.8125 -3.331199884414673
vt 0.8125 -1.71589994430542
vt 4.0625 -3.331199884414673
vt 0.8125 -1.71589994430542
vt 4.0625 -1.71589994430542
vt 4.0625 -60.112701416015625
vt 0.8125 -60.112701416015625
vt 0.8125 -58.497501373291016
vt 4.0625 -60.112701416015625
vt 0.8125 -58.497501373291016
vt 4.0625 -58.497501373291016
vt 4.0625 -112.85269927978516
vt 0.8125 -112.85269927978516
vt 0.8125 -111.23750305175781
vt 4.0625 -112.85269927978516
vt 0.8125 -111.23750305175781
vt 4.0625 -111.23750305175781
vt -4.0625 157.95700073242188
vt -0.8125 157.95700073242188
vt -0.8125 156.341796875
vt -4.0625 157.95700073242188
vt -0.8125 156.341796875
vt -4.0625 156.341796875
vt -4.0625 192.351806640625
vt -0.8125 192.351806640625
vt -0.8125 190.73660278320312
vt -4.0625 192.351806640625
vt -0.8125 190.73660278320312
vt -4.0625 190.73660278320312
vt -4.0625 213.69320678710938
vt -0.8125 213.69320678710938
vt -0.8125 212.0780029296875
vt -4.0625 213.69320678710938
vt -0.8125 212.0780029296875
vt -4.0625 212.0780029296875
vt -4.0625 220.52679443359375
vt -0.8125 220.52679443359375
vt -0.8125 218.91160583496094
vt -4.0625 220.52679443359375
vt -0.8125 218.91160583496094
vt -4.0625 218.91160583496094
vt -4.0625 212.38690185546875
vt -0.8125 212.38690185546875
vt -0.8125 210.77169799804688
vt -4.0625 212.38690185546875
vt -0.8125 210.77169799804688
vt -4.0625 210.77169799804688
vt -4.0625 189.8282928466797
vt -0.8125 189.8282928466797
vt -0.8125 188.21299743652344
vt -4.0625 189.8282928466797
vt -0.8125 188.21299743652344
vt -4.0625 188.21299743652344
vt -4.0625 154.3881072998047
vt -0.8125 154.3881072998047
vt -0.8125 152.7729034423828
vt -4.0625 154.3881072998047
vt -0.8125 152.7729034423828
vt -4.0625 152.7729034423828
vt -4.0625 108.48179626464844
vt -0.8125 108.48179626464844
vt -0.8125 106.86650085449219
vt -4.0625 108.48179626464844
vt -0.8125 106.86650085449219
vt -4.0625 106.86650085449219
vt -4.0625 55.23759841918945
vt -0.8125 55.23759841918945
vt -0.8125 53.62229919433594
vt -4.0625 55.23759841918945
vt -0.8125 53.62229919433594
vt -4.0625 53.62229919433594
vt -4.0625 -3.331199884414673
vt -4.0625 -1.71589994430542
vt -0.8125 -1.71589994430542
vt -4.0625 -3.331199884414673
vt -0.8125 -1.71589994430542
vt -0.8125 -3.331199884414673
vt -142.95730590820312 178.44769287109375
vt -142.94859313964844 183.67979431152344
vt 0 0
vt -142.95730590820312 178.44769287109375
vt 0 0
vt -6.586699962615967 3.2202000617980957
vt -280.2607116699219 3.2202000617980957
vt -286.875 0
vt -142.94859313964844 183.67979431152344
vt -280.2607116699219 3.2202000617980957
vt -142.94859313964844 183.67979431152344
vt -142.95730590820312 178.44769287109375
vt -137.9508056640625 2.3268001079559326
vt -137.9508056640625 0
vt -286.875 0
vt -137.9508056640625 2.3268001079559326
vt -286.875 0
vt -280.2607116699219 3.2202000617980957
vt -6.586699962615967 3.2202000617980957
vt -135.6239013671875 2.3268001079559326
vt -137.9508056640625 2.3268001079559326
vt -6.586699962615967 3.2202000617980957
vt -137.9508056640625 2.3268001079559326
vt -280.2607116699219 3.2202000617980957
vt 0 0
vt -135.6239013671875 0
vt -135.6239013671875 2.3268001079559326
vt 0 0
vt -135.6239013671875 2.3268001079559326
vt -6.586699962615967 3.2202000617980957
vt -137.9508056640625 0
vt -137.9508056640625 2.3268001079559326
vt -135.6239013671875 2.3268001079559326
vt -137.9508056640625 0
vt -135.6239013671875 2.3268001079559326
vt -135.6239013671875 0
vt 39 2.3268001079559326
vt 39 0
vt 0 0
vt 39 2.3268001079559326
vt 0 0
vt 0 2.3268001079559326
vt 0 137.9508056640625
vt 0 135.6239013671875
vt -39 135.6239013671875
vt 0 137.9508056640625
vt -39 135.6239013671875
vt -39 137.9508056640625
vt -39 2.3268001079559326
vt 0 2.3268001079559326
vt 0 0
vt -39 2.3268001079559326
vt 0 0
vt -39 0
vt 139.6450958251953 165.24639892578125
vt 139.31759643554688 166.14129638671875
vt 139.23289489746094 167.0904998779297
vt 139.6450958251953 165.24639892578125
vt 139.23289489746094 167.0904998779297
vt 139.3968048095703 168.029296875
vt 140.1929931640625 164.4665985107422
vt 139.6450958251953 165.24639892578125
vt 139.3968048095703 168.029296875
vt 140.1929931640625 164.4665985107422
vt 139.3968048095703 168.029296875
vt 139.79800415039062 168.89370727539062
vt 140.92410278320312 163.8553009033203
vt 140.1929931640625 164.4665985107422
vt 139.79800415039062 168.89370727539062
vt 140.92410278320312 163.8553009033203
vt 139.79800415039062 168.89370727539062
vt 140.40939331054688 169.6248016357422
vt 141.7884979248047 163.4541015625
vt 140.92410278320312 163.8553009033203
vt 140.40939331054688 169.6248016357422
vt 141.7884979248047 163.4541015625
vt 140.40939331054688 169.6248016357422
vt 141.18910217285156 170.17269897460938
vt 142.727294921875 163.2902069091797
vt 141.7884979248047 163.4541015625
vt 141.18910217285156 170.17269897460938
vt 142.727294921875 163.2902069091797
vt 141.18910217285156 170.17269897460938
vt 142.08399963378906 170.5001983642578
vt 143.67649841308594 163.37489318847656
vt 142.727294921875 163.2902069091797
vt 142.08399963378906 170.5001983642578
vt 143.67649841308594 163.37489318847656
vt 142.08399963378906 170.5001983642578
vt 143.033203125 170.58489990234375
vt 144.57139587402344 163.70230102539062
vt 143.67649841308594 163.37489318847656
vt 143.033203125 170.58489990234375
vt 144.57139587402344 163.70230102539062
vt 143.033203125 170.58489990234375
vt 143.9720001220703 170.42100524902344
vt 145.35110473632812 164.25030517578125
vt 144.57139587402344 163.70230102539062
vt 143.9720001220703 170.42100524902344
vt 145.35110473632812 164.25030517578125
vt 143.9720001220703 170.42100524902344
vt 144.83639526367188 170.0196990966797
vt 145.96240234375 164.9813995361328
vt 145.35110473632812 164.25030517578125
vt 144.83639526367188 170.0196990966797
vt 145.96240234375 164.9813995361328
vt 144.83639526367188 170.0196990966797
vt 145.5675048828125 169.4084014892578
vt 146.3636932373047 165.845703125
vt 145.96240234375 164.9813995361328
vt 145.5675048828125 169.4084014892578
vt 146.3636932373047 165.845703125
vt 145.5675048828125 169.4084014892578
vt 146.1154022216797 168.62869262695312
vt 146.52760314941406 166.7845001220703
vt 146.3636932373047 165.845703125
vt 146.1154022216797 168.62869262695312
vt 146.52760314941406 166.7845001220703
vt 146.1154022216797 168.62869262695312
vt 146.44290161132812 167.73370361328125
vt -139.6450958251953 165.24639892578125
vt -139.3968048095703 168.029296875
vt -139.23289489746094 167.0904998779297
vt -139.6450958251953 165.24639892578125
vt -139.23289489746094 167.0904998779297
vt -139.31759643554688 166.14129638671875
vt -140.1929931640625 164.4665985107422
vt -139.79800415039062 168.89370727539062
vt -139.3968048095703 168.029296875
vt -140.1929931640625 164.4665985107422
vt -139.3968048095703 168.029296875
vt -139.6450958251953 165.24639892578125
vt -140.92410278320312 163.8553009033203
vt -140.40939331054688 169.6248016357422
vt -139.79800415039062 168.89370727539062
vt -140.92410278320312 163.8553009033203
vt -139.79800415039062 168.89370727539062
vt -140.1929931640625 164.4665985107422
vt -141.7884979248047 163.4541015625
vt -141.18910217285156 170.17269897460938
vt -140.40939331054688 169.6248016357422
vt -141.7884979248047 163.4541015625
vt -140.40939331054688 169.6248016357422
vt -140.92410278320312 163.8553009033203
vt -142.727294921875 163.2902069091797
vt -142.08399963378906 170.5001983642578
vt -141.18910217285156 170.17269897460938
vt -142.727294921875 163.2902069091797
vt -141.18910217285156 170.17269897460938
vt -141.7884979248047 163.4541015625
vt -143.67649841308594 163.37489318847656
vt -143.033203125 170.58489990234375
vt -142.08399963378906 170.5001983642578
vt -143.67649841308594 163.37489318847656
vt -142.08399963378906 170.5001983642578
vt -142.727294921875 163.2902069091797
vt -144.57139587402344 163.70230102539062
vt -143.9720001220703 170.42100524902344
vt -143.033203125 170.58489990234375
vt -144.57139587402344 163.70230102539062
vt -143.033203125 170.58489990234375
vt -143.67649841308594 163.37489318847656
vt -145.35110473632812 164.25030517578125
vt -144.83639526367188 170.0196990966797
vt -143.9720001220703 170.42100524902344
vt -145.35110473632812 164.25030517578125
vt -143.9720001220703 170.42100524902344
vt -144.57139587402344 163.70230102539062
vt -145.96240234375 164.9813995361328
vt -145.5675048828125 169.4084014892578
vt -144.83639526367188 170.0196990966797
vt -145.96240234375 164.9813995361328
vt -144.83639526367188 170.0196990966797
vt -145.35110473632812 164.25030517578125
vt -146.3636932373047 165.845703125
vt -146.1154022216797 168.62869262695312
vt -145.5675048828125 169.4084014892578
vt -146.3636932373047 165.845703125
vt -145.5675048828125 169.4084014892578
vt -145.96240234375 164.9813995361328
vt -146.52760314941406 166.7845001220703
vt -146.44290161132812 167.73370361328125
vt -146.1154022216797 168.62869262695312
vt -146.52760314941406 166.7845001220703
vt -146.1154022216797 168.62869262695312
vt -146.3636932373047 165.845703125
vt 12.5 -59.78160095214844
vt -46.5 -59.78160095214844
vt -46.5 -58.8286018371582
vt 12.5 -59.78160095214844
vt -46.5 -58.8286018371582
vt 12.5 -58.8286018371582
vt 12.5 -112.52159881591797
vt -46.5 -112.52159881591797
vt -46.5 -111.568603515625
vt 12.5 -112.52159881591797
vt -46.5 -111.568603515625
vt 12.5 -111.568603515625
vt -12.5 157.6259002685547
vt 46.5 157.6259002685547
vt 46.5 156.6728973388672
vt -12.5 157.6259002685547
vt 46.5 156.6728973388672
vt -12.5 156.6728973388672
vt -12.5 192.0207061767578
vt 46.5 192.0207061767578
vt 46.5 191.0677032470703
vt -12.5 192.0207061767578
vt 46.5 191.0677032470703
vt -12.5 191.0677032470703
vt -12.5 213.3621063232422
vt 46.5 213.3621063232422
vt 46.5 212.4091033935547
vt -12.5 213.3621063232422
vt 46.5 212.4091033935547
vt -12.5 212.4091033935547
vt -12.5 220.19569396972656
vt 46.5 220.19569396972656
vt 46.5 219.24270629882812
vt -12.5 220.19569396972656
vt 46.5 219.24270629882812
vt -12.5 219.24270629882812
vt -12.5 212.05580139160156
vt 46.5 212.05580139160156
vt 46.5 211.10279846191406
vt -12.5 212.05580139160156
vt 46.5 211.10279846191406
vt -12.5 211.10279846191406
vt -12.5 189.49710083007812
vt 46.5 189.49710083007812
vt 46.5 188.54420471191406
vt -12.5 189.49710083007812
vt 46.5 188.54420471191406
vt -12.5 188.54420471191406
vt -12.5 154.0570068359375
vt 46.5 154.0570068359375
vt 46.5 153.10400390625
vt -12.5 154.0570068359375
vt 46.5 153.10400390625
vt -12.5 153.10400390625
vt -12.5 108.15059661865234
vt 46.5 108.15059661865234
vt 46.5 107.19770050048828
vt -12.5 108.15059661865234
vt 46.5 107.19770050048828
vt -12.5 107.19770050048828
vt -12.5 54.90639877319336
vt 46.5 54.90639877319336
vt 46.5 53.95349884033203
vt -12.5 54.90639877319336
vt 46.5 53.95349884033203
vt -12.5 53.95349884033203
vt -12.5 -3
vt -12.5 -2.047100067138672
vt 46.5 -2.047100067138672
vt -12.5 -3
vt 46.5 -2.047100067138672
vt 46.5 -3
vt -12.5 -59.78160095214844
vt -12.5 -58.8286018371582
vt 46.5 -58.8286018371582
vt -12.5 -59.78160095214844
vt 46.5 -58.8286018371582
vt 46.5 -59.78160095214844
vt -12.5 -112.52159881591797
vt -12.5 -111.568603515625
vt 46.5 -111.568603515625
vt -12.5 -112.52159881591797
vt 46.5 -111.568603515625
vt 46.5 -112.52159881591797
vt 12.5 157.6259002685547
vt 12.5 156.6728973388672
vt -46.5 156.6728973388672
vt 12.5 157.6259002685547
vt -46.5 156.6728973388672
vt -46.5 157.6259002685547
vt 12.5 192.0207061767578
vt 12.5 191.0677032470703
vt -46.5 191.0677032470703
vt 12.5 192.0207061767578
vt -46.5 191.0677032470703
vt -46.5 192.0207061767578
vt 12.5 213.3621063232422
vt 12.5 212.4091033935547
vt -46.5 212.4091033935547
vt 12.5 213.3621063232422
vt -46.5 212.4091033935547
vt -46.5 213.3621063232422
vt 12.5 220.19569396972656
vt 12.5 219.24270629882812
vt -46.5 219.24270629882812
vt 12.5 220.19569396972656
vt -46.5 219.24270629882812
vt -46.5 220.19569396972656
vt 12.5 212.05580139160156
vt 12.5 211.10279846191406
vt -46.5 211.10279846191406
vt 12.5 212.05580139160156
vt -46.5 211.10279846191406
vt -46.5 212.05580139160156
vt 12.5 189.49710083007812
vt 12.5 188.54420471191406
vt -46.5 188.54420471191406
vt 12.5 189.49710083007812
vt -46.5 188.54420471191406
vt -46.5 189.49710083007812
vt 12.5 154.0570068359375
vt 12.5 153.10400390625
vt -46.5 153.10400390625
vt 12.5 154.0570068359375
vt -46.5 153.10400390625
vt -46.5 154.0570068359375
vt 12.5 108.15059661865234
vt 12.5 107.19770050048828
vt -46.5 107.19770050048828
vt 12.5 108.15059661865234
vt -46.5 107.19770050048828
vt -46.5 108.15059661865234
vt 12.5 54.90639877319336
vt 12.5 53.95349884033203
vt -46.5 53.95349884033203
vt 12.5 54.90639877319336
vt -46.5 53.95349884033203
vt -46.5 54.90639877319336
vt 12.5 -3
vt -46.5 -3
vt -46.5 -2.047100067138672
vt 12.5 -3
vt -46.5 -2.047100067138672
vt 12.5 -2.047100067138672
vt 0 0
vt 0 0
vt 0 0
vt 0 0
vt 0 0
vt 0 0
vt 0 0
vt 0 0
vt 0 0
vt 0 0
vt 0 0
vt 0 0
vt 0 0
vt 0 0
vt 0 0
vt 0 0
vt 0 0
vt 0 0
vt 0 0
vt 0 0
vt 0 0
vt 0 0
vt 0 0
vt 0 0
vt 0 0
vt 0 0
vt 0 0
vt 0 0
vt 0 0
vt 0 0
vt 0 0
vt 0 0
vt 0 0
vt 0 0
vt 0 0
vt 0 0
vt 0 0
vt 0 0
vt 0 0
vt 0 0
vt 0 0
vt 0 0
vt 0 0
vt 0 0
vt 0 0
vt 0 0
vt 0 0
vt 0 0
vt 0 0
vt 0 0
vt 0 0
vt 0 0
vt 0 0
vt 0 0
vt 0 0
vt 0 0
vt 0 0
vt 0 0
vt 0 0
vt 0 0
vt 0 0
vt 0 0
vt 0 0
vt 0 0
vt 0 0
vt 0 0
vt 0 0
vt 0 0
vt 0 0
vt 0 0
vt 0 0
vt 0 0
vt 0 0
vt 0 0
vt 0 0
vt 0 0
vt 0 0
vt 0 0
vt 0 0
vt 0 0
vt 0 0
vt 0 0
vt 0 0
vt 0 0
vt 0 0
vt 0 0
vt 0 0
vt 0 0
vt 0 0
vt 0 0
vt 0 0
vt 0 0
vt 0 0
vt 0 0
vt 0 0
vt 0 0
vt 0 0
vt 0 0
vt 0 0
vt 0 0
vt 0 0
vt 0 0
vt 0 0
vt 0 0
vt 0 0
vt 0 0
vt 0 0
vt 0 0
vt 0 0
vt 0 0
vt 0 0
vt 0 0
vt 0 0
vt 0 0
vt 0 0
vt 0 0
vt 0 0
vt 0 0
vt 0 0
vt 0 0
vt 0 0
vt 0 0
vt 0 0
vt 0 0
vt 0 0
vt 0 0
vt 0 0
vt 0 0
vt 0 0
vt 0 0
vt 0 0
vt 0 0
vt 0 0
vt 0 0
vt 0 0
vt 0 0
vt 0 0
vt 0 0
vt 0 0
vt 0 0
vt 0 0
vt 0 0
vt 0 0
vt 0 0
vt 0 0
vt 0 0
vt 0 0
vt 0 0
vt 0 0
vt 0 0
vt 0 0
vt 0 0
vt 0 0
vt 0 0
vt 0 0
vt 0 0
vt 0 0
vt 0 0
vt 0 0
vt 0 0
vt 0 0
vt 0 0
vt 0 0
vt 0 0
vt 0 0
vt 0 0
vt 0 0
vt 0 0
vt 0 0
vt 0 0
vt 0 0
vt 0 0
vt 0 0
vt 0 0
vt 0 0
vt 0 0
vt 0 0
vt 0 0
vt 0 0
vt 0 0
vt 0 0
vt 0 0
vt 0 0
vt 0 0
vt 0 0
vt 0 0
vt 0 0
vt 0 0
vt 0 0
vt 0 0
vt 0 0
vt 0 0
vt 0 0
vt 0 0
vt 0 0
vt 0 0
vt 0 0
vt 0 0
vt 0 0
vt 0 0
vt 0 0
vt 0 0
vt 0 0
vt 0 0
vt 0 0
vt 0 0
vt 0 0
vt 0 0
vt 0 0
vt 0 0
vt 0 0
vt 0 0
vt 0 0
vt 0 0
vt 0 0
vt 0 0
vt 0 0
vt 0 0
vt 0 0
vt 0 0
vt 0 0
vt 0 0
vt 0 0
vt 0 0
vt 0 0
vt 0 0
vt 0 0
vt 0 0
vt 0 0
vt 0 0
vt 0 0
vt 0 0
vt 0 0
vt 0 0
vt 0 0
vt 0 0
vt 0 0
vt 0 0
vt 0 0
vt 0 0
vt 0 0
vt 0 0
vt 0 0
vt 0 0
vt 0 0
vt 0 0
vt 0 0
vt 0 0
vt 0 0
vt 0 0
vt 0 0
vt 0 0
vt 0 0
vt 0 0
vt 0 0
vt 0 0
vt 0 0
vt 0 0
vt 0 0
vt 0 0
vt 0 0
vt 0 0
vt 0 0
vt 0 0
vt 0 0
vt 0 0
vt 0 0
vt 0 0
vt 0 0
vt 0 0
vt 0 0
vt 0 0
vt 0 0
vt 0 0
vt 0 0
vt 0 0
vt 0 0
vt 0 0
vt 0 0
vt 0 0
vt 0 0
vt 0 0
vt 0 0
vt 0 0
vt 0 0
vt 0 0
vt 0 0
vt 0 0
vt 0 0
vt 0 0
vt 0 0
vt 0 0
vt 0 0
vt 0 0
vt 0 0
vt 0 0
vt 0 0
vt 0 0
vt 0 0
vt 0 0
vt 0 0
vt 0 0
vt 0 0
vt 0 0
vt 0 0
vt 0 0
vt 0 0
vt 0 0
vt 0 0
vt 0 0
vt 0 0
vt 0 0
vt 0 0
vt 0 0
vt 0 0
vt 0 0
vt 0 0
vt 0 0
vt 0 0
vt 0 0
vt 0 0
vt 0 0
vt 0 0
vt 0 0
vt 0 0
vt 0 0
vt 0 0
vt 0 0
vt 0 0
vt 0 0
vt 0 0
vt 0 0
vt 0 0
vt 0 0
vt 0 0
vt 0 0
vt 0 0
vt 0 0
vt 0 0
vt 0 0
vt 0 0
vt 0 0
vt 0 0
vt 0 0
vt 0 0
vt 0 0
vt 0 0
vt 0 0
vt 0 0
vt 0 0
vt 0 0
vt 0 0
vt 0 0
vt 0 0
vt 0 0
vt 0 0
vt 0 0
vt 0 0
vt 0 0
vt 0 0
vt 0 0
vt 0 0
vt 0 0
vt 0 0
vt 0 0
vt 0 0
vt 0 0
vt 0 0
vt 0 0
vt 0 0
vt 0 0
vt 0 0
vt 0 0
vt 0 0
vt 0 0
vt 0 0
vt 0 0
vt 0 0
vt 0 0
vt 0 0
vt 0 0
vt 0 0
vt 0 0
vt 0 0
vt 0 0
vt 0 0
vt 0 0
vt 0 0
vt 0 0
vt 0 0
vt 0 0
vt 0 0
vt 0 0
vt 0 0
vt 0 0
vt 0 0
vt 0 0
vt 0 0
vt 0 0
vt 0 0
vt 0 0
vt 0 0
vt 0 0
vt 0 0
vt 0 0
vt 0 0
vt 0 0
vt 0 0
vt 0 0
vt 0 0
vt 0 0
vt 0 0
vt 0 0
vt 0 0
vt 0 0
vt 0 0
vt 0 0
vt 0 0
vt 0 0
vt 0 0
vt 0 0
vt 0 0
vt 0 0
vt 0 0
vt 0 0
vt 0 0
vt 0 0
vt 0 0
vt 0 0
vt 0 0
vt 0 0
vt 0 0
vn -0.5378219632477275 -0.6492265180171866 0.5378219632477275
vn -0.5378219632477275 -0.6492265180171866 0.5378219632477275
vn -0.5378219632477275 -0.6492265180171866 0.5378219632477275
vn -0.5378219632477275 -0.6492265180171866 0.5378219632477275
vn -0.5378219632477275 -0.6492265180171866 0.5378219632477275
vn -0.5378219632477275 -0.6492265180171866 0.5378219632477275
vn -0.02960069283776575 0.9991234147827025 0.02960069283776575
vn -0.02960069283776575 0.9991234147827025 0.02960069283776575
vn -0.02960069283776575 0.9991234147827025 0.02960069283776575
vn -0.02960069283776575 0.9991234147827025 0.02960069283776575
vn -0.02960069283776575 0.9991234147827025 0.02960069283776575
vn -0.02960069283776575 0.9991234147827025 0.02960069283776575
vn 0.5757122672479285 -0.5806124100297028 -0.5757122672479285
vn 0.5757122672479285 -0.5806124100297028 -0.5757122672479285
vn 0.5757122672479285 -0.5806124100297028 -0.5757122672479285
vn 0.5757122672479285 -0.5806124100297028 -0.5757122672479285
vn 0.5757122672479285 -0.5806124100297028 -0.5757122672479285
vn 0.5757122672479285 -0.5806124100297028 -0.5757122672479285
vn 0.5757122672479285 -0.5806124100297028 -0.5757122672479285
vn 0.5757122672479285 -0.5806124100297028 -0.5757122672479285
vn 0.5757122672479285 -0.5806124100297028 -0.5757122672479285
vn 0.5757122672479285 -0.5806124100297028 -0.5757122672479285
vn 0.5757122672479285 -0.5806124100297028 -0.5757122672479285
vn 0.5757122672479285 -0.5806124100297028 -0.5757122672479285
vn -0.7071067811865476 0 -0.7071067811865476
vn -0.7071067811865476 0 -0.7071067811865476
vn -0.7071067811865476 0 -0.7071067811865476
vn -0.7071067811865476 0 -0.7071067811865476
vn -0.7071067811865476 0 -0.7071067811865476
vn -0.7071067811865476 0 -0.7071067811865476
vn -0.7071067811865476 0 -0.7071067811865476
vn -0.7071067811865476 0 -0.7071067811865476
vn -0.7071067811865476 0 -0.7071067811865476
vn -0.7071067811865476 0 -0.7071067811865476
vn -0.7071067811865476 0 -0.7071067811865476
vn -0.7071067811865476 0 -0.7071067811865476
vn -0.7071067811865476 0 -0.7071067811865476
vn -0.7071067811865476 0 -0.7071067811865476
vn -0.7071067811865476 0 -0.7071067811865476
vn -0.7071067811865476 0 -0.7071067811865476
vn -0.7071067811865476 0 -0.7071067811865476
vn -0.7071067811865476 0 -0.7071067811865476
vn 0.5757122672479285 -0.5806124100297028 -0.5757122672479285
vn 0.5757122672479285 -0.5806124100297028 -0.5757122672479285
vn 0.5757122672479285 -0.5806124100297028 -0.5757122672479285
vn 0.5757122672479285 -0.5806124100297028 -0.5757122672479285
vn 0.5757122672479285 -0.5806124100297028 -0.5757122672479285
vn 0.5757122672479285 -0.5806124100297028 -0.5757122672479285
vn -0.5757122672479285 0.5806124100297028 0.5757122672479285
vn -0.5757122672479285 0.5806124100297028 0.5757122672479285
vn -0.5757122672479285 0.5806124100297028 0.5757122672479285
vn -0.5757122672479285 0.5806124100297028 0.5757122672479285
vn -0.5757122672479285 0.5806124100297028 0.5757122672479285
vn -0.5757122672479285 0.5806124100297028 0.5757122672479285
vn 0.02960069283776575 -0.9991234147827025 -0.02960069283776575
vn 0.02960069283776575 -0.9991234147827025 -0.02960069283776575
vn 0.02960069283776575 -0.9991234147827025 -0.02960069283776575
vn 0.02960069283776575 -0.9991234147827025 -0.02960069283776575
vn 0.02960069283776575 -0.9991234147827025 -0.02960069283776575
vn 0.02960069283776575 -0.9991234147827025 -0.02960069283776575
vn 0.02960069283776575 -0.9991234147827025 -0.02960069283776575
vn 0.02960069283776575 -0.9991234147827025 -0.02960069283776575
vn 0.02960069283776575 -0.9991234147827025 -0.02960069283776575
vn 0.02960069283776575 -0.9991234147827025 -0.02960069283776575
vn 0.02960069283776575 -0.9991234147827025 -0.02960069283776575
vn 0.02960069283776575 -0.9991234147827025 -0.02960069283776575
vn 0.02960069283776575 -0.9991234147827025 -0.02960069283776575
vn 0.02960069283776575 -0.9991234147827025 -0.02960069283776575
vn 0.02960069283776575 -0.9991234147827025 -0.02960069283776575
vn 0.02960069283776575 -0.9991234147827025 -0.02960069283776575
vn 0.02960069283776575 -0.9991234147827025 -0.02960069283776575
vn 0.02960069283776575 -0.9991234147827025 -0.02960069283776575
vn -0.02960069283776575 0.9991234147827025 0.02960069283776575
vn -0.02960069283776575 0.9991234147827025 0.02960069283776575
vn -0.02960069283776575 0.9991234147827025 0.02960069283776575
vn -0.02960069283776575 0.9991234147827025 0.02960069283776575
vn -0.02960069283776575 0.9991234147827025 0.02960069283776575
vn -0.02960069283776575 0.9991234147827025 0.02960069283776575
vn 0.5378219632477275 0.6492265180171866 -0.5378219632477275
vn 0.5378219632477275 0.6492265180171866 -0.5378219632477275
vn 0.5378219632477275 0.6492265180171866 -0.5378219632477275
vn 0.5378219632477275 0.6492265180171866 -0.5378219632477275
vn 0.5378219632477275 0.6492265180171866 -0.5378219632477275
vn 0.5378219632477275 0.6492265180171866 -0.5378219632477275
vn -0.5378219632477275 -0.6492265180171866 0.5378219632477275
vn -0.5378219632477275 -0.6492265180171866 0.5378219632477275
vn -0.5378219632477275 -0.6492265180171866 0.5378219632477275
vn -0.5378219632477275 -0.6492265180171866 0.5378219632477275
vn -0.5378219632477275 -0.6492265180171866 0.5378219632477275
vn -0.5378219632477275 -0.6492265180171866 0.5378219632477275
vn -0.5378219632477275 -0.6492265180171866 0.5378219632477275
vn -0.5378219632477275 -0.6492265180171866 0.5378219632477275
vn -0.5378219632477275 -0.6492265180171866 0.5378219632477275
vn -0.5378219632477275 -0.6492265180171866 0.5378219632477275
vn -0.5378219632477275 -0.6492265180171866 0.5378219632477275
vn -0.5378219632477275 -0.6492265180171866 0.5378219632477275
vn -0.02960069283776575 0.9991234147827025 0.02960069283776575
vn -0.02960069283776575 0.9991234147827025 0.02960069283776575
vn -0.02960069283776575 0.9991234147827025 0.02960069283776575
vn -0.02960069283776575 0.9991234147827025 0.02960069283776575
vn -0.02960069283776575 0.9991234147827025 0.02960069283776575
vn -0.02960069283776575 0.9991234147827025 0.02960069283776575
vn 0.35359612216111647 0.8659905107939934 -0.35359612216111647
vn 0.5000024066547248 0.7071033776464135 -0.5000024066547248
vn 0.5000024066547248 0.7071033776464135 -0.5000024066547248
vn 0.35359612216111647 0.8659905107939934 -0.35359612216111647
vn 0.5000024066547248 0.7071033776464135 -0.5000024066547248
vn 0.35359612216111647 0.8659905107939934 -0.35359612216111647
vn 0.7071067811865476 0 0.7071067811865476
vn 0.7071067811865476 0 0.7071067811865476
vn 0.7071067811865476 0 0.7071067811865476
vn 0.7071067811865476 0 0.7071067811865476
vn 0.7071067811865476 0 0.7071067811865476
vn 0.7071067811865476 0 0.7071067811865476
vn 0.7071067811865476 0 0.7071067811865476
vn 0.7071067811865476 0 0.7071067811865476
vn 0.7071067811865476 0 0.7071067811865476
vn 0.7071067811865476 0 0.7071067811865476
vn 0.7071067811865476 0 0.7071067811865476
vn 0.7071067811865476 0 0.7071067811865476
vn 0.7071067811865476 0 0.7071067811865476
vn 0.7071067811865476 0 0.7071067811865476
vn 0.7071067811865476 0 0.7071067811865476
vn 0.7071067811865476 0 0.7071067811865476
vn 0.7071067811865476 0 0.7071067811865476
vn 0.7071067811865476 0 0.7071067811865476
vn 0.7071067811865476 0 0.7071067811865476
vn 0.7071067811865476 0 0.7071067811865476
vn 0.7071067811865476 0 0.7071067811865476
vn 0.7071067811865476 0 0.7071067811865476
vn 0.7071067811865476 0 0.7071067811865476
vn 0.7071067811865476 0 0.7071067811865476
vn 0.7071067811865476 0 0.7071067811865476
vn 0.7071067811865476 0 0.7071067811865476
vn 0.7071067811865476 0 0.7071067811865476
vn 0.7071067811865476 0 0.7071067811865476
vn 0.7071067811865476 0 0.7071067811865476
vn 0.7071067811865476 0 0.7071067811865476
vn 0.7071067811865476 0 0.7071067811865476
vn 0.7071067811865476 0 0.7071067811865476
vn 0.7071067811865476 0 0.7071067811865476
vn 0.7071067811865476 0 0.7071067811865476
vn 0.7071067811865476 0 0.7071067811865476
vn 0.7071067811865476 0 0.7071067811865476
vn 0.7071067811865476 0 0.7071067811865476
vn 0.7071067811865476 0 0.7071067811865476
vn 0.7071067811865476 0 0.7071067811865476
vn 0.7071067811865476 0 0.7071067811865476
vn 0.7071067811865476 0 0.7071067811865476
vn 0.7071067811865476 0 0.7071067811865476
vn 0.7071067811865476 0 0.7071067811865476
vn 0.7071067811865476 0 0.7071067811865476
vn 0.7071067811865476 0 0.7071067811865476
vn 0.7071067811865476 0 0.7071067811865476
vn 0.7071067811865476 0 0.7071067811865476
vn 0.7071067811865476 0 0.7071067811865476
vn 0.7071067811865476 0 0.7071067811865476
vn 0.7071067811865476 0 0.7071067811865476
vn 0.7071067811865476 0 0.7071067811865476
vn 0.7071067811865476 0 0.7071067811865476
vn 0.7071067811865476 0 0.7071067811865476
vn 0.7071067811865476 0 0.7071067811865476
vn 0.7071067811865476 0 0.7071067811865476
vn 0.7071067811865476 0 0.7071067811865476
vn 0.7071067811865476 0 0.7071067811865476
vn 0.7071067811865476 0 0.7071067811865476
vn 0.7071067811865476 0 0.7071067811865476
vn 0.7071067811865476 0 0.7071067811865476
vn 0.7071067811865476 0 0.7071067811865476
vn 0.7071067811865476 0 0.7071067811865476
vn 0.7071067811865476 0 0.7071067811865476
vn 0.7071067811865476 0 0.7071067811865476
vn 0.7071067811865476 0 0.7071067811865476
vn 0.7071067811865476 0 0.7071067811865476
vn 0.6123793252547712 0.499983123716213 -0.6123793252547712
vn 0.6123793252547712 0.499983123716213 -0.6123793252547712
vn 0.5000024066547248 0.7071033776464135 -0.5000024066547248
vn 0.6123793252547712 0.499983123716213 -0.6123793252547712
vn 0.5000024066547248 0.7071033776464135 -0.5000024066547248
vn 0.5000024066547248 0.7071033776464135 -0.5000024066547248
vn 0.6830152196414366 0.25880575626581437 -0.6830152196414366
vn 0.6830152196414366 0.25880575626581437 -0.6830152196414366
vn 0.6123793252547712 0.499983123716213 -0.6123793252547712
vn 0.6830152196414366 0.25880575626581437 -0.6830152196414366
vn 0.6123793252547712 0.499983123716213 -0.6123793252547712
vn 0.6123793252547712 0.499983123716213 -0.6123793252547712
vn 0.7071067811865476 0 -0.7071067811865476
vn 0.7071067811865476 0 -0.7071067811865476
vn 0.6830152196414366 0.25880575626581437 -0.6830152196414366
vn 0.7071067811865476 0 -0.7071067811865476
vn 0.6830152196414366 0.25880575626581437 -0.6830152196414366
vn 0.6830152196414366 0.25880575626581437 -0.6830152196414366
vn 0.6829975420280815 -0.2588990443535822 -0.6829975420280815
vn 0.6829975420280815 -0.2588990443535822 -0.6829975420280815
vn 0.7071067811865476 0 -0.7071067811865476
vn 0.6829975420280815 -0.2588990443535822 -0.6829975420280815
vn 0.7071067811865476 0 -0.7071067811865476
vn 0.7071067811865476 0 -0.7071067811865476
vn 0.6123793252547712 -0.499983123716213 -0.6123793252547712
vn 0.6123793252547712 -0.499983123716213 -0.6123793252547712
vn 0.6829975420280815 -0.2588990443535822 -0.6829975420280815
vn 0.6123793252547712 -0.499983123716213 -0.6123793252547712
vn 0.6829975420280815 -0.2588990443535822 -0.6829975420280815
vn 0.6829975420280815 -0.2588990443535822 -0.6829975420280815
vn 0.1830054138770454 0.9659285879315213 -0.1830054138770454
vn 0.35359612216111647 0.8659905107939934 -0.35359612216111647
vn 0.35359612216111647 0.8659905107939934 -0.35359612216111647
vn 0.1830054138770454 0.9659285879315213 -0.1830054138770454
vn 0.35359612216111647 0.8659905107939934 -0.35359612216111647
vn 0.1830054138770454 0.9659285879315213 -0.1830054138770454
vn 0.5000024066547248 -0.7071033776464135 -0.5000024066547248
vn 0.5000024066547248 -0.7071033776464135 -0.5000024066547248
vn 0.6123793252547712 -0.499983123716213 -0.6123793252547712
vn 0.5000024066547248 -0.7071033776464135 -0.5000024066547248
vn 0.6123793252547712 -0.499983123716213 -0.6123793252547712
vn 0.6123793252547712 -0.499983123716213 -0.6123793252547712
vn 0.3535211309782978 -0.8660517420475815 -0.3535211309782978
vn 0.3535211309782978 -0.8660517420475815 -0.3535211309782978
vn 0.5000024066547248 -0.7071033776464135 -0.5000024066547248
vn 0.3535211309782978 -0.8660517420475815 -0.3535211309782978
vn 0.5000024066547248 -0.7071033776464135 -0.5000024066547248
vn 0.5000024066547248 -0.7071033776464135 -0.5000024066547248
vn 0.1830054138770454 -0.9659285879315213 -0.1830054138770454
vn 0.1830054138770454 -0.9659285879315213 -0.1830054138770454
vn 0.3535211309782978 -0.8660517420475815 -0.3535211309782978
vn 0.1830054138770454 -0.9659285879315213 -0.1830054138770454
vn 0.3535211309782978 -0.8660517420475815 -0.3535211309782978
vn 0.3535211309782978 -0.8660517420475815 -0.3535211309782978
vn 0 -1 0
vn 0 -1 0
vn 0.1830054138770454 -0.9659285879315213 -0.1830054138770454
vn 0 -1 0
vn 0.1830054138770454 -0.9659285879315213 -0.1830054138770454
vn 0.1830054138770454 -0.9659285879315213 -0.1830054138770454
vn -0.1830054138770454 -0.9659285879315213 0.1830054138770454
vn -0.1830054138770454 -0.9659285879315213 0.1830054138770454
vn 0 -1 0
vn -0.1830054138770454 -0.9659285879315213 0.1830054138770454
vn 0 -1 0
vn 0 -1 0
vn -0.35359612216111647 -0.8659905107939934 0.35359612216111647
vn -0.35359612216111647 -0.8659905107939934 0.35359612216111647
vn -0.1830054138770454 -0.9659285879315213 0.1830054138770454
vn -0.35359612216111647 -0.8659905107939934 0.35359612216111647
vn -0.1830054138770454 -0.9659285879315213 0.1830054138770454
vn -0.1830054138770454 -0.9659285879315213 0.1830054138770454
vn -0.5000024066547248 -0.7071033776464135 0.5000024066547248
vn -0.5000024066547248 -0.7071033776464135 0.5000024066547248
vn -0.35359612216111647 -0.8659905107939934 0.35359612216111647
vn -0.5000024066547248 -0.7071033776464135 0.5000024066547248
vn -0.35359612216111647 -0.8659905107939934 0.35359612216111647
vn -0.35359612216111647 -0.8659905107939934 0.35359612216111647
vn -0.5000024066547248 -0.7071033776464135 0.5000024066547248
vn -0.5000024066547248 -0.7071033776464135 0.5000024066547248
vn -0.6123793252547712 -0.499983123716213 0.6123793252547712
vn -0.5000024066547248 -0.7071033776464135 0.5000024066547248
vn -0.6123793252547712 -0.499983123716213 0.6123793252547712
vn -0.6123793252547712 -0.499983123716213 0.6123793252547712
vn -0.6123793252547712 -0.499983123716213 0.6123793252547712
vn -0.6123793252547712 -0.499983123716213 0.6123793252547712
vn -0.6830152196414366 -0.25880575626581437 0.6830152196414366
vn -0.6123793252547712 -0.499983123716213 0.6123793252547712
vn -0.6830152196414366 -0.25880575626581437 0.6830152196414366
vn -0.6830152196414366 -0.25880575626581437 0.6830152196414366
vn -0.6830152196414366 -0.25880575626581437 0.6830152196414366
vn -0.6830152196414366 -0.25880575626581437 0.6830152196414366
vn -0.7071067811865476 0 0.7071067811865476
vn -0.6830152196414366 -0.25880575626581437 0.6830152196414366
vn -0.7071067811865476 0 0.7071067811865476
vn -0.7071067811865476 0 0.7071067811865476
vn -0.7071067811865476 0 0.7071067811865476
vn -0.7071067811865476 0 0.7071067811865476
vn -0.6829975420280815 0.2588990443535822 0.6829975420280815
vn -0.7071067811865476 0 0.7071067811865476
vn -0.6829975420280815 0.2588990443535822 0.6829975420280815
vn -0.6829975420280815 0.2588990443535822 0.6829975420280815
vn -0.6829975420280815 0.2588990443535822 0.6829975420280815
vn -0.6829975420280815 0.2588990443535822 0.6829975420280815
vn -0.6123793252547712 0.499983123716213 0.6123793252547712
vn -0.6829975420280815 0.2588990443535822 0.6829975420280815
vn -0.6123793252547712 0.499983123716213 0.6123793252547712
vn -0.6123793252547712 0.499983123716213 0.6123793252547712
vn -0.6123793252547712 0.499983123716213 0.6123793252547712
vn -0.6123793252547712 0.499983123716213 0.6123793252547712
vn -0.5000024066547248 0.7071033776464135 0.5000024066547248
vn -0.6123793252547712 0.499983123716213 0.6123793252547712
vn -0.5000024066547248 0.7071033776464135 0.5000024066547248
vn -0.5000024066547248 0.7071033776464135 0.5000024066547248
vn -0.5000024066547248 0.7071033776464135 0.5000024066547248
vn -0.3535211309782978 0.8660517420475815 0.3535211309782978
vn -0.3535211309782978 0.8660517420475815 0.3535211309782978
vn -0.5000024066547248 0.7071033776464135 0.5000024066547248
vn -0.3535211309782978 0.8660517420475815 0.3535211309782978
vn -0.5000024066547248 0.7071033776464135 0.5000024066547248
vn -0.3535211309782978 0.8660517420475815 0.3535211309782978
vn -0.1830054138770454 0.9659285879315213 0.1830054138770454
vn -0.1830054138770454 0.9659285879315213 0.1830054138770454
vn -0.3535211309782978 0.8660517420475815 0.3535211309782978
vn -0.1830054138770454 0.9659285879315213 0.1830054138770454
vn -0.3535211309782978 0.8660517420475815 0.3535211309782978
vn -0.1830054138770454 0.9659285879315213 0.1830054138770454
vn 0 1 0
vn 0 1 0
vn -0.1830054138770454 0.9659285879315213 0.1830054138770454
vn 0 1 0
vn -0.1830054138770454 0.9659285879315213 0.1830054138770454
vn 0 1 0
vn 0.1830054138770454 0.9659285879315213 -0.1830054138770454
vn 0.1830054138770454 0.9659285879315213 -0.1830054138770454
vn 0 1 0
vn 0.1830054138770454 0.9659285879315213 -0.1830054138770454
vn 0 1 0
vn 0.1830054138770454 0.9659285879315213 -0.1830054138770454
vn 0.35359612216111647 0.8659905107939934 -0.35359612216111647
vn 0.35359612216111647 0.8659905107939934 -0.35359612216111647
vn 0.1830054138770454 0.9659285879315213 -0.1830054138770454
vn 0.35359612216111647 0.8659905107939934 -0.35359612216111647
vn 0.1830054138770454 0.9659285879315213 -0.1830054138770454
vn 0 1 0
vn 0.1830054138770454 0.9659285879315213 -0.1830054138770454
vn 0.1830054138770454 0.9659285879315213 -0.1830054138770454
vn 0 1 0
vn 0.1830054138770454 0.9659285879315213 -0.1830054138770454
vn 0 1 0
vn -0.1830054138770454 0.9659285879315213 0.1830054138770454
vn 0 1 0
vn 0 1 0
vn -0.1830054138770454 0.9659285879315213 0.1830054138770454
vn 0 1 0
vn -0.1830054138770454 0.9659285879315213 0.1830054138770454
vn -0.3535211309782978 0.8660517420475815 0.3535211309782978
vn -0.1830054138770454 0.9659285879315213 0.1830054138770454
vn -0.1830054138770454 0.9659285879315213 0.1830054138770454
vn -0.3535211309782978 0.8660517420475815 0.3535211309782978
vn -0.1830054138770454 0.9659285879315213 0.1830054138770454
vn -0.3535211309782978 0.8660517420475815 0.3535211309782978
vn -0.5000024066547248 0.7071033776464135 0.5000024066547248
vn -0.3535211309782978 0.8660517420475815 0.3535211309782978
vn -0.3535211309782978 0.8660517420475815 0.3535211309782978
vn -0.5000024066547248 0.7071033776464135 0.5000024066547248
vn -0.3535211309782978 0.8660517420475815 0.3535211309782978
vn -0.5000024066547248 0.7071033776464135 0.5000024066547248
vn -0.6123793252547712 0.499983123716213 0.6123793252547712
vn -0.6123793252547712 0.499983123716213 0.6123793252547712
vn -0.5000024066547248 0.7071033776464135 0.5000024066547248
vn -0.6123793252547712 0.499983123716213 0.6123793252547712
vn -0.5000024066547248 0.7071033776464135 0.5000024066547248
vn -0.5000024066547248 0.7071033776464135 0.5000024066547248
vn -0.6829975420280815 0.2588990443535822 0.6829975420280815
vn -0.6829975420280815 0.2588990443535822 0.6829975420280815
vn -0.6123793252547712 0.499983123716213 0.6123793252547712
vn -0.6829975420280815 0.2588990443535822 0.6829975420280815
vn -0.6123793252547712 0.499983123716213 0.6123793252547712
vn -0.6123793252547712 0.499983123716213 0.6123793252547712
vn -0.7071067811865476 0 0.7071067811865476
vn -0.7071067811865476 0 0.7071067811865476
vn -0.6829975420280815 0.2588990443535822 0.6829975420280815
vn -0.7071067811865476 0 0.7071067811865476
vn -0.6829975420280815 0.2588990443535822 0.6829975420280815
vn -0.6829975420280815 0.2588990443535822 0.6829975420280815
vn -0.6830152196414366 -0.25880575626581437 0.6830152196414366
vn -0.6830152196414366 -0.25880575626581437 0.6830152196414366
vn -0.7071067811865476 0 0.7071067811865476
vn -0.6830152196414366 -0.25880575626581437 0.6830152196414366
vn -0.7071067811865476 0 0.7071067811865476
vn -0.7071067811865476 0 0.7071067811865476
vn -0.6123793252547712 -0.499983123716213 0.6123793252547712
vn -0.6123793252547712 -0.499983123716213 0.6123793252547712
vn -0.6830152196414366 -0.25880575626581437 0.6830152196414366
vn -0.6123793252547712 -0.499983123716213 0.6123793252547712
vn -0.6830152196414366 -0.25880575626581437 0.6830152196414366
vn -0.6830152196414366 -0.25880575626581437 0.6830152196414366
vn -0.5000024066547248 -0.7071033776464135 0.5000024066547248
vn -0.5000024066547248 -0.7071033776464135 0.5000024066547248
vn -0.6123793252547712 -0.499983123716213 0.6123793252547712
vn -0.5000024066547248 -0.7071033776464135 0.5000024066547248
vn -0.6123793252547712 -0.499983123716213 0.6123793252547712
vn -0.6123793252547712 -0.499983123716213 0.6123793252547712
vn -0.5000024066547248 -0.7071033776464135 0.5000024066547248
vn -0.5000024066547248 -0.7071033776464135 0.5000024066547248
vn -0.35359612216111647 -0.8659905107939934 0.35359612216111647
vn -0.5000024066547248 -0.7071033776464135 0.5000024066547248
vn -0.35359612216111647 -0.8659905107939934 0.35359612216111647
vn -0.35359612216111647 -0.8659905107939934 0.35359612216111647
vn -0.35359612216111647 -0.8659905107939934 0.35359612216111647
vn -0.35359612216111647 -0.8659905107939934 0.35359612216111647
vn -0.1830054138770454 -0.9659285879315213 0.1830054138770454
vn -0.35359612216111647 -0.8659905107939934 0.35359612216111647
vn -0.1830054138770454 -0.9659285879315213 0.1830054138770454
vn -0.1830054138770454 -0.9659285879315213 0.1830054138770454
vn -0.1830054138770454 -0.9659285879315213 0.1830054138770454
vn -0.1830054138770454 -0.9659285879315213 0.1830054138770454
vn 0 -1 0
vn -0.1830054138770454 -0.9659285879315213 0.1830054138770454
vn 0 -1 0
vn 0 -1 0
vn 0 -1 0
vn 0 -1 0
vn 0.1830054138770454 -0.9659285879315213 -0.1830054138770454
vn 0 -1 0
vn 0.1830054138770454 -0.9659285879315213 -0.1830054138770454
vn 0.1830054138770454 -0.9659285879315213 -0.1830054138770454
vn 0.1830054138770454 -0.9659285879315213 -0.1830054138770454
vn 0.1830054138770454 -0.9659285879315213 -0.1830054138770454
vn 0.3535211309782978 -0.8660517420475815 -0.3535211309782978
vn 0.1830054138770454 -0.9659285879315213 -0.1830054138770454
vn 0.3535211309782978 -0.8660517420475815 -0.3535211309782978
vn 0.3535211309782978 -0.8660517420475815 -0.3535211309782978
vn 0.3535211309782978 -0.8660517420475815 -0.3535211309782978
vn 0.3535211309782978 -0.8660517420475815 -0.3535211309782978
vn 0.5000024066547248 -0.7071033776464135 -0.5000024066547248
vn 0.3535211309782978 -0.8660517420475815 -0.3535211309782978
vn 0.5000024066547248 -0.7071033776464135 -0.5000024066547248
vn 0.5000024066547248 -0.7071033776464135 -0.5000024066547248
vn 0.5000024066547248 -0.7071033776464135 -0.5000024066547248
vn 0.5000024066547248 -0.7071033776464135 -0.5000024066547248
vn 0.6123793252547712 -0.499983123716213 -0.6123793252547712
vn 0.5000024066547248 -0.7071033776464135 -0.5000024066547248
vn 0.6123793252547712 -0.499983123716213 -0.6123793252547712
vn 0.6123793252547712 -0.499983123716213 -0.6123793252547712
vn 0.6123793252547712 -0.499983123716213 -0.6123793252547712
vn 0.6123793252547712 -0.499983123716213 -0.6123793252547712
vn 0.6829975420280815 -0.2588990443535822 -0.6829975420280815
vn 0.6123793252547712 -0.499983123716213 -0.6123793252547712
vn 0.6829975420280815 -0.2588990443535822 -0.6829975420280815
vn 0.6829975420280815 -0.2588990443535822 -0.6829975420280815
vn 0.6829975420280815 -0.2588990443535822 -0.6829975420280815
vn 0.6829975420280815 -0.2588990443535822 -0.6829975420280815
vn 0.7071067811865476 0 -0.7071067811865476
vn 0.6829975420280815 -0.2588990443535822 -0.6829975420280815
vn 0.7071067811865476 0 -0.7071067811865476
vn 0.7071067811865476 0 -0.7071067811865476
vn 0.7071067811865476 0 -0.7071067811865476
vn 0.7071067811865476 0 -0.7071067811865476
vn 0.6830152196414366 0.25880575626581437 -0.6830152196414366
vn 0.7071067811865476 0 -0.7071067811865476
vn 0.6830152196414366 0.25880575626581437 -0.6830152196414366
vn 0.6830152196414366 0.25880575626581437 -0.6830152196414366
vn 0.6830152196414366 0.25880575626581437 -0.6830152196414366
vn 0.6830152196414366 0.25880575626581437 -0.6830152196414366
vn 0.6123793252547712 0.499983123716213 -0.6123793252547712
vn 0.6830152196414366 0.25880575626581437 -0.6830152196414366
vn 0.6123793252547712 0.499983123716213 -0.6123793252547712
vn 0.6123793252547712 0.499983123716213 -0.6123793252547712
vn 0.6123793252547712 0.499983123716213 -0.6123793252547712
vn 0.6123793252547712 0.499983123716213 -0.6123793252547712
vn 0.5000024066547248 0.7071033776464135 -0.5000024066547248
vn 0.6123793252547712 0.499983123716213 -0.6123793252547712
vn 0.5000024066547248 0.7071033776464135 -0.5000024066547248
vn 0.5000024066547248 0.7071033776464135 -0.5000024066547248
vn 0.35359612216111647 0.8659905107939934 -0.35359612216111647
vn 0.5000024066547248 0.7071033776464135 -0.5000024066547248
vn 0.5000024066547248 0.7071033776464135 -0.5000024066547248
vn 0.35359612216111647 0.8659905107939934 -0.35359612216111647
vn 0.5000024066547248 0.7071033776464135 -0.5000024066547248
vn 0.35359612216111647 0.8659905107939934 -0.35359612216111647
vn 0.7071067811865476 0 0.7071067811865476
vn 0.7071067811865476 0 0.7071067811865476
vn 0.7071067811865476 0 0.7071067811865476
vn 0.7071067811865476 0 0.7071067811865476
vn 0.7071067811865476 0 0.7071067811865476
vn 0.7071067811865476 0 0.7071067811865476
vn 0.7071067811865476 0 0.7071067811865476
vn 0.7071067811865476 0 0.7071067811865476
vn 0.7071067811865476 0 0.7071067811865476
vn 0.7071067811865476 0 0.7071067811865476
vn 0.7071067811865476 0 0.7071067811865476
vn 0.7071067811865476 0 0.7071067811865476
vn 0.7071067811865476 0 0.7071067811865476
vn 0.7071067811865476 0 0.7071067811865476
vn 0.7071067811865476 0 0.7071067811865476
vn 0.7071067811865476 0 0.7071067811865476
vn 0.7071067811865476 0 0.7071067811865476
vn 0.7071067811865476 0 0.7071067811865476
vn 0.7071067811865476 0 0.7071067811865476
vn 0.7071067811865476 0 0.7071067811865476
vn 0.7071067811865476 0 0.7071067811865476
vn 0.7071067811865476 0 0.7071067811865476
vn 0.7071067811865476 0 0.7071067811865476
vn 0.7071067811865476 0 0.7071067811865476
vn 0.7071067811865476 0 0.7071067811865476
vn 0.7071067811865476 0 0.7071067811865476
vn 0.7071067811865476 0 0.7071067811865476
vn 0.7071067811865476 0 0.7071067811865476
vn 0.7071067811865476 0 0.7071067811865476
vn 0.7071067811865476 0 0.7071067811865476
vn 0.7071067811865476 0 0.7071067811865476
vn 0.7071067811865476 0 0.7071067811865476
vn 0.7071067811865476 0 0.7071067811865476
vn 0.7071067811865476 0 0.7071067811865476
vn 0.7071067811865476 0 0.7071067811865476
vn 0.7071067811865476 0 0.7071067811865476
vn 0.7064858315144357 0.041899161551429365 -0.7064858315144357
vn 0.7064858315144357 0.041899161551429365 -0.7064858315144357
vn 0.7064858315144357 0.041899161551429365 -0.7064858315144357
vn 0.7064858315144357 0.041899161551429365 -0.7064858315144357
vn 0.7064858315144357 0.041899161551429365 -0.7064858315144357
vn 0.7064858315144357 0.041899161551429365 -0.7064858315144357
vn -0.02960069283776575 0.9991234147827025 0.02960069283776575
vn -0.02960069283776575 0.9991234147827025 0.02960069283776575
vn -0.02960069283776575 0.9991234147827025 0.02960069283776575
vn -0.02960069283776575 0.9991234147827025 0.02960069283776575
vn -0.02960069283776575 0.9991234147827025 0.02960069283776575
vn -0.02960069283776575 0.9991234147827025 0.02960069283776575
vn -0.7064858315144357 -0.041899161551429365 0.7064858315144357
vn -0.7064858315144357 -0.041899161551429365 0.7064858315144357
vn -0.7064858315144357 -0.041899161551429365 0.7064858315144357
vn -0.7064858315144357 -0.041899161551429365 0.7064858315144357
vn -0.7064858315144357 -0.041899161551429365 0.7064858315144357
vn -0.7064858315144357 -0.041899161551429365 0.7064858315144357
vn -0.7071067811865476 0 -0.7071067811865476
vn -0.7071067811865476 0 -0.7071067811865476
vn -0.7071067811865476 0 -0.7071067811865476
vn -0.7071067811865476 0 -0.7071067811865476
vn -0.7071067811865476 0 -0.7071067811865476
vn -0.7071067811865476 0 -0.7071067811865476
vn -0.7071067811865476 0 -0.7071067811865476
vn -0.7071067811865476 0 -0.7071067811865476
vn -0.7071067811865476 0 -0.7071067811865476
vn -0.7071067811865476 0 -0.7071067811865476
vn -0.7071067811865476 0 -0.7071067811865476
vn -0.7071067811865476 0 -0.7071067811865476
vn -0.7071067811865476 0 -0.7071067811865476
vn -0.7071067811865476 0 -0.7071067811865476
vn -0.7071067811865476 0 -0.7071067811865476
vn -0.7071067811865476 0 -0.7071067811865476
vn -0.7071067811865476 0 -0.7071067811865476
vn -0.7071067811865476 0 -0.7071067811865476
vn -0.7071067811865476 0 -0.7071067811865476
vn -0.7071067811865476 0 -0.7071067811865476
vn -0.7071067811865476 0 -0.7071067811865476
vn -0.7071067811865476 0 -0.7071067811865476
vn -0.7071067811865476 0 -0.7071067811865476
vn -0.7071067811865476 0 -0.7071067811865476
vn -0.7071067811865476 0 -0.7071067811865476
vn -0.7071067811865476 0 -0.7071067811865476
vn -0.7071067811865476 0 -0.7071067811865476
vn -0.7071067811865476 0 -0.7071067811865476
vn -0.7071067811865476 0 -0.7071067811865476
vn -0.7071067811865476 0 -0.7071067811865476
vn -0.7071067811865476 0 -0.7071067811865476
vn -0.7071067811865476 0 -0.7071067811865476
vn -0.7071067811865476 0 -0.7071067811865476
vn -0.7071067811865476 0 -0.7071067811865476
vn -0.7071067811865476 0 -0.7071067811865476
vn -0.7071067811865476 0 -0.7071067811865476
vn -0.7071067811865476 0 -0.7071067811865476
vn -0.7071067811865476 0 -0.7071067811865476
vn -0.7071067811865476 0 -0.7071067811865476
vn -0.7071067811865476 0 -0.7071067811865476
vn -0.7071067811865476 0 -0.7071067811865476
vn -0.7071067811865476 0 -0.7071067811865476
vn -0.7071067811865476 0 -0.7071067811865476
vn -0.7071067811865476 0 -0.7071067811865476
vn -0.7071067811865476 0 -0.7071067811865476
vn -0.7071067811865476 0 -0.7071067811865476
vn -0.7071067811865476 0 -0.7071067811865476
vn -0.7071067811865476 0 -0.7071067811865476
vn -0.7071067811865476 0 -0.7071067811865476
vn -0.7071067811865476 0 -0.7071067811865476
vn -0.7071067811865476 0 -0.7071067811865476
vn -0.7071067811865476 0 -0.7071067811865476
vn -0.7071067811865476 0 -0.7071067811865476
vn -0.7071067811865476 0 -0.7071067811865476
vn -0.7071067811865476 0 -0.7071067811865476
vn -0.7071067811865476 0 -0.7071067811865476
vn -0.7071067811865476 0 -0.7071067811865476
vn -0.7071067811865476 0 -0.7071067811865476
vn -0.7071067811865476 0 -0.7071067811865476
vn -0.7071067811865476 0 -0.7071067811865476
vn -0.7071067811865476 0 -0.7071067811865476
vn -0.7071067811865476 0 -0.7071067811865476
vn -0.7071067811865476 0 -0.7071067811865476
vn -0.7071067811865476 0 -0.7071067811865476
vn -0.7071067811865476 0 -0.7071067811865476
vn -0.7071067811865476 0 -0.7071067811865476
vn 0.7071067811865476 0 0.7071067811865476
vn 0.7071067811865476 0 0.7071067811865476
vn 0.7071067811865476 0 0.7071067811865476
vn 0.7071067811865476 0 0.7071067811865476
vn 0.7071067811865476 0 0.7071067811865476
vn 0.7071067811865476 0 0.7071067811865476
vn 0.7071067811865476 0 0.7071067811865476
vn 0.7071067811865476 0 0.7071067811865476
vn 0.7071067811865476 0 0.7071067811865476
vn 0.7071067811865476 0 0.7071067811865476
vn 0.7071067811865476 0 0.7071067811865476
vn 0.7071067811865476 0 0.7071067811865476
vn 0.7071067811865476 0 0.7071067811865476
vn 0.7071067811865476 0 0.7071067811865476
vn 0.7071067811865476 0 0.7071067811865476
vn 0.7071067811865476 0 0.7071067811865476
vn 0.7071067811865476 0 0.7071067811865476
vn 0.7071067811865476 0 0.7071067811865476
vn 0.7071067811865476 0 0.7071067811865476
vn 0.7071067811865476 0 0.7071067811865476
vn 0.7071067811865476 0 0.7071067811865476
vn 0.7071067811865476 0 0.7071067811865476
vn 0.7071067811865476 0 0.7071067811865476
vn 0.7071067811865476 0 0.7071067811865476
vn 0.7071067811865476 0 0.7071067811865476
vn 0.7071067811865476 0 0.7071067811865476
vn 0.7071067811865476 0 0.7071067811865476
vn 0.7071067811865476 0 0.7071067811865476
vn 0.7071067811865476 0 0.7071067811865476
vn 0.7071067811865476 0 0.7071067811865476
vn 0.7071067811865476 0 0.7071067811865476
vn 0.7071067811865476 0 0.7071067811865476
vn 0.7071067811865476 0 0.7071067811865476
vn 0.7071067811865476 0 0.7071067811865476
vn 0.7071067811865476 0 0.7071067811865476
vn 0.7071067811865476 0 0.7071067811865476
vn 0.7071067811865476 0 0.7071067811865476
vn 0.7071067811865476 0 0.7071067811865476
vn 0.7071067811865476 0 0.7071067811865476
vn 0.7071067811865476 0 0.7071067811865476
vn 0.7071067811865476 0 0.7071067811865476
vn 0.7071067811865476 0 0.7071067811865476
vn 0.7071067811865476 0 0.7071067811865476
vn 0.7071067811865476 0 0.7071067811865476
vn 0.7071067811865476 0 0.7071067811865476
vn 0.7071067811865476 0 0.7071067811865476
vn 0.7071067811865476 0 0.7071067811865476
vn 0.7071067811865476 0 0.7071067811865476
vn 0.7071067811865476 0 0.7071067811865476
vn 0.7071067811865476 0 0.7071067811865476
vn 0.7071067811865476 0 0.7071067811865476
vn 0.7071067811865476 0 0.7071067811865476
vn 0.7071067811865476 0 0.7071067811865476
vn 0.7071067811865476 0 0.7071067811865476
vn 0.7071067811865476 0 0.7071067811865476
vn 0.7071067811865476 0 0.7071067811865476
vn 0.7071067811865476 0 0.7071067811865476
vn 0.7071067811865476 0 0.7071067811865476
vn 0.7071067811865476 0 0.7071067811865476
vn 0.7071067811865476 0 0.7071067811865476
vn 0.7071067811865476 0 0.7071067811865476
vn 0.7071067811865476 0 0.7071067811865476
vn 0.7071067811865476 0 0.7071067811865476
vn 0.7071067811865476 0 0.7071067811865476
vn 0.7071067811865476 0 0.7071067811865476
vn 0.7071067811865476 0 0.7071067811865476
vn -0.1830054138770454 -0.9659285879315213 0.1830054138770454
vn -0.1830054138770454 -0.9659285879315213 0.1830054138770454
vn -0.35359612216111647 -0.8659905107939934 0.35359612216111647
vn -0.1830054138770454 -0.9659285879315213 0.1830054138770454
vn -0.35359612216111647 -0.8659905107939934 0.35359612216111647
vn -0.35359612216111647 -0.8659905107939934 0.35359612216111647
vn 0 -1 0
vn 0 -1 0
vn -0.1830054138770454 -0.9659285879315213 0.1830054138770454
vn 0 -1 0
vn -0.1830054138770454 -0.9659285879315213 0.1830054138770454
vn -0.1830054138770454 -0.9659285879315213 0.1830054138770454
vn 0.1830054138770454 -0.9659285879315213 -0.1830054138770454
vn 0.1830054138770454 -0.9659285879315213 -0.1830054138770454
vn 0 -1 0
vn 0.1830054138770454 -0.9659285879315213 -0.1830054138770454
vn 0 -1 0
vn 0 -1 0
vn 0.3535211309782978 -0.8660517420475815 -0.3535211309782978
vn 0.3535211309782978 -0.8660517420475815 -0.3535211309782978
vn 0.1830054138770454 -0.9659285879315213 -0.1830054138770454
vn 0.3535211309782978 -0.8660517420475815 -0.3535211309782978
vn 0.1830054138770454 -0.9659285879315213 -0.1830054138770454
vn 0.1830054138770454 -0.9659285879315213 -0.1830054138770454
vn 0.5000024066547248 -0.7071033776464135 -0.5000024066547248
vn 0.5000024066547248 -0.7071033776464135 -0.5000024066547248
vn 0.3535211309782978 -0.8660517420475815 -0.3535211309782978
vn 0.5000024066547248 -0.7071033776464135 -0.5000024066547248
vn 0.3535211309782978 -0.8660517420475815 -0.3535211309782978
vn 0.3535211309782978 -0.8660517420475815 -0.3535211309782978
vn 0.6123793252547712 -0.499983123716213 -0.6123793252547712
vn 0.6123793252547712 -0.499983123716213 -0.6123793252547712
vn 0.5000024066547248 -0.7071033776464135 -0.5000024066547248
vn 0.6123793252547712 -0.499983123716213 -0.6123793252547712
vn 0.5000024066547248 -0.7071033776464135 -0.5000024066547248
vn 0.5000024066547248 -0.7071033776464135 -0.5000024066547248
vn 0.6829975420280815 -0.2588990443535822 -0.6829975420280815
vn 0.6829975420280815 -0.2588990443535822 -0.6829975420280815
vn 0.6123793252547712 -0.499983123716213 -0.6123793252547712
vn 0.6829975420280815 -0.2588990443535822 -0.6829975420280815
vn 0.6123793252547712 -0.499983123716213 -0.6123793252547712
vn 0.6123793252547712 -0.499983123716213 -0.6123793252547712
vn 0.7071067811865476 0 -0.7071067811865476
vn 0.7071067811865476 0 -0.7071067811865476
vn 0.6829975420280815 -0.2588990443535822 -0.6829975420280815
vn 0.7071067811865476 0 -0.7071067811865476
vn 0.6829975420280815 -0.2588990443535822 -0.6829975420280815
vn 0.6829975420280815 -0.2588990443535822 -0.6829975420280815
vn 0.6830152196414366 0.25880575626581437 -0.6830152196414366
vn 0.6830152196414366 0.25880575626581437 -0.6830152196414366
vn 0.7071067811865476 0 -0.7071067811865476
vn 0.6830152196414366 0.25880575626581437 -0.6830152196414366
vn 0.7071067811865476 0 -0.7071067811865476
vn 0.7071067811865476 0 -0.7071067811865476
vn 0.6123793252547712 0.499983123716213 -0.6123793252547712
vn 0.6123793252547712 0.499983123716213 -0.6123793252547712
vn 0.6830152196414366 0.25880575626581437 -0.6830152196414366
vn 0.6123793252547712 0.499983123716213 -0.6123793252547712
vn 0.6830152196414366 0.25880575626581437 -0.6830152196414366
vn 0.6830152196414366 0.25880575626581437 -0.6830152196414366
vn 0.5000024066547248 0.7071033776464135 -0.5000024066547248
vn 0.5000024066547248 0.7071033776464135 -0.5000024066547248
vn 0.6123793252547712 0.499983123716213 -0.6123793252547712
vn 0.5000024066547248 0.7071033776464135 -0.5000024066547248
vn 0.6123793252547712 0.499983123716213 -0.6123793252547712
vn 0.6123793252547712 0.499983123716213 -0.6123793252547712
vn 0.5000024066547248 0.7071033776464135 -0.5000024066547248
vn 0.35359612216111647 0.8659905107939934 -0.35359612216111647
vn 0.35359612216111647 0.8659905107939934 -0.35359612216111647
vn 0.5000024066547248 0.7071033776464135 -0.5000024066547248
vn 0.35359612216111647 0.8659905107939934 -0.35359612216111647
vn 0.5000024066547248 0.7071033776464135 -0.5000024066547248
vn 0.35359612216111647 0.8659905107939934 -0.35359612216111647
vn 0.1830054138770454 0.9659285879315213 -0.1830054138770454
vn 0.1830054138770454 0.9659285879315213 -0.1830054138770454
vn 0.35359612216111647 0.8659905107939934 -0.35359612216111647
vn 0.1830054138770454 0.9659285879315213 -0.1830054138770454
vn 0.35359612216111647 0.8659905107939934 -0.35359612216111647
vn 0.1830054138770454 0.9659285879315213 -0.1830054138770454
vn 0 1 0
vn 0 1 0
vn 0.1830054138770454 0.9659285879315213 -0.1830054138770454
vn 0 1 0
vn 0.1830054138770454 0.9659285879315213 -0.1830054138770454
vn 0 1 0
vn -0.1830054138770454 0.9659285879315213 0.1830054138770454
vn -0.1830054138770454 0.9659285879315213 0.1830054138770454
vn 0 1 0
vn -0.1830054138770454 0.9659285879315213 0.1830054138770454
vn 0 1 0
vn -0.1830054138770454 0.9659285879315213 0.1830054138770454
vn -0.3535211309782978 0.8660517420475815 0.3535211309782978
vn -0.3535211309782978 0.8660517420475815 0.3535211309782978
vn -0.1830054138770454 0.9659285879315213 0.1830054138770454
vn -0.3535211309782978 0.8660517420475815 0.3535211309782978
vn -0.1830054138770454 0.9659285879315213 0.1830054138770454
vn -0.3535211309782978 0.8660517420475815 0.3535211309782978
vn -0.5000024066547248 0.7071033776464135 0.5000024066547248
vn -0.5000024066547248 0.7071033776464135 0.5000024066547248
vn -0.3535211309782978 0.8660517420475815 0.3535211309782978
vn -0.5000024066547248 0.7071033776464135 0.5000024066547248
vn -0.3535211309782978 0.8660517420475815 0.3535211309782978
vn -0.5000024066547248 0.7071033776464135 0.5000024066547248
vn -0.6123793252547712 0.499983123716213 0.6123793252547712
vn -0.6123793252547712 0.499983123716213 0.6123793252547712
vn -0.5000024066547248 0.7071033776464135 0.5000024066547248
vn -0.6123793252547712 0.499983123716213 0.6123793252547712
vn -0.5000024066547248 0.7071033776464135 0.5000024066547248
vn -0.6123793252547712 0.499983123716213 0.6123793252547712
vn -0.6829975420280815 0.2588990443535822 0.6829975420280815
vn -0.6829975420280815 0.2588990443535822 0.6829975420280815
vn -0.6123793252547712 0.499983123716213 0.6123793252547712
vn -0.6829975420280815 0.2588990443535822 0.6829975420280815
vn -0.6123793252547712 0.499983123716213 0.6123793252547712
vn -0.6829975420280815 0.2588990443535822 0.6829975420280815
vn -0.7071067811865476 0 0.7071067811865476
vn -0.7071067811865476 0 0.7071067811865476
vn -0.6829975420280815 0.2588990443535822 0.6829975420280815
vn -0.7071067811865476 0 0.7071067811865476
vn -0.6829975420280815 0.2588990443535822 0.6829975420280815
vn -0.7071067811865476 0 0.7071067811865476
vn -0.6830152196414366 -0.25880575626581437 0.6830152196414366
vn -0.6830152196414366 -0.25880575626581437 0.6830152196414366
vn -0.7071067811865476 0 0.7071067811865476
vn -0.6830152196414366 -0.25880575626581437 0.6830152196414366
vn -0.7071067811865476 0 0.7071067811865476
vn -0.6830152196414366 -0.25880575626581437 0.6830152196414366
vn -0.6123793252547712 -0.499983123716213 0.6123793252547712
vn -0.6123793252547712 -0.499983123716213 0.6123793252547712
vn -0.6830152196414366 -0.25880575626581437 0.6830152196414366
vn -0.6123793252547712 -0.499983123716213 0.6123793252547712
vn -0.6830152196414366 -0.25880575626581437 0.6830152196414366
vn -0.6123793252547712 -0.499983123716213 0.6123793252547712
vn -0.5000024066547248 -0.7071033776464135 0.5000024066547248
vn -0.5000024066547248 -0.7071033776464135 0.5000024066547248
vn -0.6123793252547712 -0.499983123716213 0.6123793252547712
vn -0.5000024066547248 -0.7071033776464135 0.5000024066547248
vn -0.6123793252547712 -0.499983123716213 0.6123793252547712
vn -0.35359612216111647 -0.8659905107939934 0.35359612216111647
vn -0.35359612216111647 -0.8659905107939934 0.35359612216111647
vn -0.5000024066547248 -0.7071033776464135 0.5000024066547248
vn -0.35359612216111647 -0.8659905107939934 0.35359612216111647
vn -0.5000024066547248 -0.7071033776464135 0.5000024066547248
vn -0.5000024066547248 -0.7071033776464135 0.5000024066547248
vn -0.7071067811865476 0 -0.7071067811865476
vn -0.7071067811865476 0 -0.7071067811865476
vn -0.7071067811865476 0 -0.7071067811865476
vn -0.7071067811865476 0 -0.7071067811865476
vn -0.7071067811865476 0 -0.7071067811865476
vn -0.7071067811865476 0 -0.7071067811865476
vn -0.7071067811865476 0 -0.7071067811865476
vn -0.7071067811865476 0 -0.7071067811865476
vn -0.7071067811865476 0 -0.7071067811865476
vn -0.7071067811865476 0 -0.7071067811865476
vn -0.7071067811865476 0 -0.7071067811865476
vn -0.7071067811865476 0 -0.7071067811865476
vn -0.7071067811865476 0 -0.7071067811865476
vn -0.7071067811865476 0 -0.7071067811865476
vn -0.7071067811865476 0 -0.7071067811865476
vn -0.7071067811865476 0 -0.7071067811865476
vn -0.7071067811865476 0 -0.7071067811865476
vn -0.7071067811865476 0 -0.7071067811865476
vn -0.7071067811865476 0 -0.7071067811865476
vn -0.7071067811865476 0 -0.7071067811865476
vn -0.7071067811865476 0 -0.7071067811865476
vn -0.7071067811865476 0 -0.7071067811865476
vn -0.7071067811865476 0 -0.7071067811865476
vn -0.7071067811865476 0 -0.7071067811865476
vn -0.7071067811865476 0 -0.7071067811865476
vn -0.7071067811865476 0 -0.7071067811865476
vn -0.7071067811865476 0 -0.7071067811865476
vn -0.7071067811865476 0 -0.7071067811865476
vn -0.7071067811865476 0 -0.7071067811865476
vn -0.7071067811865476 0 -0.7071067811865476
vn -0.7071067811865476 0 -0.7071067811865476
vn -0.7071067811865476 0 -0.7071067811865476
vn -0.7071067811865476 0 -0.7071067811865476
vn -0.7071067811865476 0 -0.7071067811865476
vn -0.7071067811865476 0 -0.7071067811865476
vn -0.7071067811865476 0 -0.7071067811865476
vn -0.7071067811865476 0 -0.7071067811865476
vn -0.7071067811865476 0 -0.7071067811865476
vn -0.7071067811865476 0 -0.7071067811865476
vn -0.7071067811865476 0 -0.7071067811865476
vn -0.7071067811865476 0 -0.7071067811865476
vn -0.7071067811865476 0 -0.7071067811865476
vn -0.7071067811865476 0 -0.7071067811865476
vn -0.7071067811865476 0 -0.7071067811865476
vn -0.7071067811865476 0 -0.7071067811865476
vn -0.7071067811865476 0 -0.7071067811865476
vn -0.7071067811865476 0 -0.7071067811865476
vn -0.7071067811865476 0 -0.7071067811865476
vn -0.7071067811865476 0 -0.7071067811865476
vn -0.7071067811865476 0 -0.7071067811865476
vn -0.7071067811865476 0 -0.7071067811865476
vn -0.7071067811865476 0 -0.7071067811865476
vn -0.7071067811865476 0 -0.7071067811865476
vn -0.7071067811865476 0 -0.7071067811865476
vn -0.7071067811865476 0 -0.7071067811865476
vn -0.7071067811865476 0 -0.7071067811865476
vn -0.7071067811865476 0 -0.7071067811865476
vn -0.7071067811865476 0 -0.7071067811865476
vn -0.7071067811865476 0 -0.7071067811865476
vn -0.7071067811865476 0 -0.7071067811865476
vn -0.7071067811865476 0 -0.7071067811865476
vn -0.7071067811865476 0 -0.7071067811865476
vn -0.7071067811865476 0 -0.7071067811865476
vn -0.7071067811865476 0 -0.7071067811865476
vn -0.7071067811865476 0 -0.7071067811865476
vn -0.7071067811865476 0 -0.7071067811865476
vn -0.7071067811865476 0 -0.7071067811865476
vn -0.7071067811865476 0 -0.7071067811865476
vn -0.7071067811865476 0 -0.7071067811865476
vn -0.7071067811865476 0 -0.7071067811865476
vn -0.7071067811865476 0 -0.7071067811865476
vn -0.7071067811865476 0 -0.7071067811865476
vn -0.7071067811865476 0 -0.7071067811865476
vn -0.7071067811865476 0 -0.7071067811865476
vn -0.7071067811865476 0 -0.7071067811865476
vn -0.7071067811865476 0 -0.7071067811865476
vn -0.7071067811865476 0 -0.7071067811865476
vn -0.7071067811865476 0 -0.7071067811865476
vn -0.7071067811865476 0 -0.7071067811865476
vn -0.7071067811865476 0 -0.7071067811865476
vn -0.7071067811865476 0 -0.7071067811865476
vn -0.7071067811865476 0 -0.7071067811865476
vn -0.7071067811865476 0 -0.7071067811865476
vn -0.7071067811865476 0 -0.7071067811865476
vn -0.7071067811865476 0 -0.7071067811865476
vn -0.7071067811865476 0 -0.7071067811865476
vn -0.7071067811865476 0 -0.7071067811865476
vn -0.7071067811865476 0 -0.7071067811865476
vn -0.7071067811865476 0 -0.7071067811865476
vn -0.7071067811865476 0 -0.7071067811865476
vn -0.7071067811865476 0 -0.7071067811865476
vn -0.7071067811865476 0 -0.7071067811865476
vn -0.7071067811865476 0 -0.7071067811865476
vn -0.7071067811865476 0 -0.7071067811865476
vn -0.7071067811865476 0 -0.7071067811865476
vn -0.7071067811865476 0 -0.7071067811865476
vn -0.7071067811865476 0 -0.7071067811865476
vn -0.7071067811865476 0 -0.7071067811865476
vn -0.7071067811865476 0 -0.7071067811865476
vn -0.7071067811865476 0 -0.7071067811865476
vn -0.7071067811865476 0 -0.7071067811865476
vn -0.7071067811865476 0 -0.7071067811865476
vn -0.7071067811865476 0 -0.7071067811865476
vn -0.7071067811865476 0 -0.7071067811865476
vn -0.7071067811865476 0 -0.7071067811865476
vn -0.7071067811865476 0 -0.7071067811865476
vn -0.7071067811865476 0 -0.7071067811865476
vn -0.7071067811865476 0 -0.7071067811865476
vn -0.7071067811865476 0 -0.7071067811865476
vn -0.7071067811865476 0 -0.7071067811865476
vn -0.7071067811865476 0 -0.7071067811865476
vn -0.7071067811865476 0 -0.7071067811865476
vn -0.7071067811865476 0 -0.7071067811865476
vn -0.7071067811865476 0 -0.7071067811865476
vn -0.7071067811865476 0 -0.7071067811865476
vn -0.7071067811865476 0 -0.7071067811865476
vn -0.7071067811865476 0 -0.7071067811865476
vn -0.7071067811865476 0 -0.7071067811865476
vn -0.7071067811865476 0 -0.7071067811865476
vn -0.7071067811865476 0 -0.7071067811865476
vn -0.7071067811865476 0 -0.7071067811865476
vn -0.7071067811865476 0 -0.7071067811865476
vn -0.7071067811865476 0 -0.7071067811865476
vn -0.7071067811865476 0 -0.7071067811865476
vn -0.7071067811865476 0 -0.7071067811865476
vn -0.7071067811865476 0 -0.7071067811865476
vn -0.7071067811865476 0 -0.7071067811865476
vn -0.7071067811865476 0 -0.7071067811865476
vn -0.7071067811865476 0 -0.7071067811865476
vn -0.7071067811865476 0 -0.7071067811865476
vn -0.7071067811865476 0 -0.7071067811865476
vn -0.7071067811865476 0 -0.7071067811865476
vn -0.7071067811865476 0 -0.7071067811865476
vn -0.7071067811865476 0 -0.7071067811865476
vn -0.7071067811865476 0 -0.7071067811865476
vn -0.7071067811865476 0 -0.7071067811865476
vn -0.7071067811865476 0 -0.7071067811865476
vn -0.7071067811865476 0 -0.7071067811865476
vn -0.7071067811865476 0 -0.7071067811865476
vn -0.7071067811865476 0 -0.7071067811865476
vn -0.7071067811865476 0 -0.7071067811865476
vn -0.7071067811865476 0 -0.7071067811865476
vn -0.7071067811865476 0 -0.7071067811865476
vn -0.7071067811865476 0 -0.7071067811865476
vn 0.7071067811865476 0 0.7071067811865476
vn 0.7071067811865476 0 0.7071067811865476
vn 0.7071067811865476 0 0.7071067811865476
vn 0.7071067811865476 0 0.7071067811865476
vn 0.7071067811865476 0 0.7071067811865476
vn 0.7071067811865476 0 0.7071067811865476
vn 0.7071067811865476 0 0.7071067811865476
vn 0.7071067811865476 0 0.7071067811865476
vn 0.7071067811865476 0 0.7071067811865476
vn 0.7071067811865476 0 0.7071067811865476
vn 0.7071067811865476 0 0.7071067811865476
vn 0.7071067811865476 0 0.7071067811865476
vn 0.7071067811865476 0 0.7071067811865476
vn 0.7071067811865476 0 0.7071067811865476
vn 0.7071067811865476 0 0.7071067811865476
vn 0.7071067811865476 0 0.7071067811865476
vn 0.7071067811865476 0 0.7071067811865476
vn 0.7071067811865476 0 0.7071067811865476
vn 0.7071067811865476 0 0.7071067811865476
vn 0.7071067811865476 0 0.7071067811865476
vn 0.7071067811865476 0 0.7071067811865476
vn 0.7071067811865476 0 0.7071067811865476
vn 0.7071067811865476 0 0.7071067811865476
vn 0.7071067811865476 0 0.7071067811865476
vn 0.7071067811865476 0 0.7071067811865476
vn 0.7071067811865476 0 0.7071067811865476
vn 0.7071067811865476 0 0.7071067811865476
vn 0.7071067811865476 0 0.7071067811865476
vn 0.7071067811865476 0 0.7071067811865476
vn 0.7071067811865476 0 0.7071067811865476
vn 0.7071067811865476 0 0.7071067811865476
vn 0.7071067811865476 0 0.7071067811865476
vn 0.7071067811865476 0 0.7071067811865476
vn 0.7071067811865476 0 0.7071067811865476
vn 0.7071067811865476 0 0.7071067811865476
vn 0.7071067811865476 0 0.7071067811865476
vn 0.7071067811865476 0 0.7071067811865476
vn 0.7071067811865476 0 0.7071067811865476
vn 0.7071067811865476 0 0.7071067811865476
vn 0.7071067811865476 0 0.7071067811865476
vn 0.7071067811865476 0 0.7071067811865476
vn 0.7071067811865476 0 0.7071067811865476
vn 0.7071067811865476 0 0.7071067811865476
vn 0.7071067811865476 0 0.7071067811865476
vn 0.7071067811865476 0 0.7071067811865476
vn 0.7071067811865476 0 0.7071067811865476
vn 0.7071067811865476 0 0.7071067811865476
vn 0.7071067811865476 0 0.7071067811865476
vn 0.7071067811865476 0 0.7071067811865476
vn 0.7071067811865476 0 0.7071067811865476
vn 0.7071067811865476 0 0.7071067811865476
vn 0.7071067811865476 0 0.7071067811865476
vn 0.7071067811865476 0 0.7071067811865476
vn 0.7071067811865476 0 0.7071067811865476
vn 0.7071067811865476 0 0.7071067811865476
vn 0.7071067811865476 0 0.7071067811865476
vn 0.7071067811865476 0 0.7071067811865476
vn 0.7071067811865476 0 0.7071067811865476
vn 0.7071067811865476 0 0.7071067811865476
vn 0.7071067811865476 0 0.7071067811865476
vn 0.7071067811865476 0 0.7071067811865476
vn 0.7071067811865476 0 0.7071067811865476
vn 0.7071067811865476 0 0.7071067811865476
vn 0.7071067811865476 0 0.7071067811865476
vn 0.7071067811865476 0 0.7071067811865476
vn 0.7071067811865476 0 0.7071067811865476
vn 0.7071067811865476 0 0.7071067811865476
vn 0.7071067811865476 0 0.7071067811865476
vn 0.7071067811865476 0 0.7071067811865476
vn 0.7071067811865476 0 0.7071067811865476
vn 0.7071067811865476 0 0.7071067811865476
vn 0.7071067811865476 0 0.7071067811865476
vn 0.7071067811865476 0 0.7071067811865476
vn 0.7071067811865476 0 0.7071067811865476
vn 0.7071067811865476 0 0.7071067811865476
vn 0.7071067811865476 0 0.7071067811865476
vn 0.7071067811865476 0 0.7071067811865476
vn 0.7071067811865476 0 0.7071067811865476
vn 0.7071067811865476 0 0.7071067811865476
vn 0.7071067811865476 0 0.7071067811865476
vn 0.7071067811865476 0 0.7071067811865476
vn 0.7071067811865476 0 0.7071067811865476
vn 0.7071067811865476 0 0.7071067811865476
vn 0.7071067811865476 0 0.7071067811865476
vn 0.7071067811865476 0 0.7071067811865476
vn 0.7071067811865476 0 0.7071067811865476
vn 0.7071067811865476 0 0.7071067811865476
vn 0.7071067811865476 0 0.7071067811865476
vn 0.7071067811865476 0 0.7071067811865476
vn 0.7071067811865476 0 0.7071067811865476
vn 0.7071067811865476 0 0.7071067811865476
vn 0.7071067811865476 0 0.7071067811865476
vn 0.7071067811865476 0 0.7071067811865476
vn 0.7071067811865476 0 0.7071067811865476
vn 0.7071067811865476 0 0.7071067811865476
vn 0.7071067811865476 0 0.7071067811865476
vn 0.7071067811865476 0 0.7071067811865476
vn 0.7071067811865476 0 0.7071067811865476
vn 0.7071067811865476 0 0.7071067811865476
vn 0.7071067811865476 0 0.7071067811865476
vn 0.7071067811865476 0 0.7071067811865476
vn 0.7071067811865476 0 0.7071067811865476
vn 0.7071067811865476 0 0.7071067811865476
vn 0.7071067811865476 0 0.7071067811865476
vn 0.7071067811865476 0 0.7071067811865476
vn 0.7071067811865476 0 0.7071067811865476
vn 0.7071067811865476 0 0.7071067811865476
vn 0.7071067811865476 0 0.7071067811865476
vn 0.7071067811865476 0 0.7071067811865476
vn 0.7071067811865476 0 0.7071067811865476
vn 0.7071067811865476 0 0.7071067811865476
vn 0.7071067811865476 0 0.7071067811865476
vn 0.7071067811865476 0 0.7071067811865476
vn 0.7071067811865476 0 0.7071067811865476
vn 0.7071067811865476 0 0.7071067811865476
vn 0.7071067811865476 0 0.7071067811865476
vn 0.7071067811865476 0 0.7071067811865476
vn 0.7071067811865476 0 0.7071067811865476
vn 0.7071067811865476 0 0.7071067811865476
vn 0.7071067811865476 0 0.7071067811865476
vn 0.7071067811865476 0 0.7071067811865476
vn 0.7071067811865476 0 0.7071067811865476
vn 0.7071067811865476 0 0.7071067811865476
vn 0.7071067811865476 0 0.7071067811865476
vn 0.7071067811865476 0 0.7071067811865476
vn 0.7071067811865476 0 0.7071067811865476
vn 0.7071067811865476 0 0.7071067811865476
vn 0.7071067811865476 0 0.7071067811865476
vn 0.7071067811865476 0 0.7071067811865476
vn 0.7071067811865476 0 0.7071067811865476
vn 0.7071067811865476 0 0.7071067811865476
vn 0.7071067811865476 0 0.7071067811865476
vn 0.7071067811865476 0 0.7071067811865476
vn 0.7071067811865476 0 0.7071067811865476
vn 0.7071067811865476 0 0.7071067811865476
vn 0.7071067811865476 0 0.7071067811865476
vn 0.7071067811865476 0 0.7071067811865476
vn 0.7071067811865476 0 0.7071067811865476
vn 0.7071067811865476 0 0.7071067811865476
vn 0.7071067811865476 0 0.7071067811865476
vn 0.7071067811865476 0 0.7071067811865476
vn 0.7071067811865476 0 0.7071067811865476
vn 0.7071067811865476 0 0.7071067811865476
vn 0.7071067811865476 0 0.7071067811865476
vn 0.1830054138770454 -0.9659285879315213 -0.1830054138770454
vn 0.1830054138770454 -0.9659285879315213 -0.1830054138770454
vn 0 -1 0
vn 0.1830054138770454 -0.9659285879315213 -0.1830054138770454
vn 0 -1 0
vn 0 -1 0
vn 0 -1 0
vn 0 -1 0
vn -0.1830054138770454 -0.9659285879315213 0.1830054138770454
vn 0 -1 0
vn -0.1830054138770454 -0.9659285879315213 0.1830054138770454
vn -0.1830054138770454 -0.9659285879315213 0.1830054138770454
vn -0.1830054138770454 -0.9659285879315213 0.1830054138770454
vn -0.1830054138770454 -0.9659285879315213 0.1830054138770454
vn -0.35359612216111647 -0.8659905107939934 0.35359612216111647
vn -0.1830054138770454 -0.9659285879315213 0.1830054138770454
vn -0.35359612216111647 -0.8659905107939934 0.35359612216111647
vn -0.35359612216111647 -0.8659905107939934 0.35359612216111647
vn -0.35359612216111647 -0.8659905107939934 0.35359612216111647
vn -0.35359612216111647 -0.8659905107939934 0.35359612216111647
vn -0.5000024066547248 -0.7071033776464135 0.5000024066547248
vn -0.35359612216111647 -0.8659905107939934 0.35359612216111647
vn -0.5000024066547248 -0.7071033776464135 0.5000024066547248
vn -0.5000024066547248 -0.7071033776464135 0.5000024066547248
vn -0.6123793252547712 -0.499983123716213 0.6123793252547712
vn -0.6123793252547712 -0.499983123716213 0.6123793252547712
vn -0.5000024066547248 -0.7071033776464135 0.5000024066547248
vn -0.6123793252547712 -0.499983123716213 0.6123793252547712
vn -0.5000024066547248 -0.7071033776464135 0.5000024066547248
vn -0.5000024066547248 -0.7071033776464135 0.5000024066547248
vn -0.6830152196414366 -0.25880575626581437 0.6830152196414366
vn -0.6830152196414366 -0.25880575626581437 0.6830152196414366
vn -0.6123793252547712 -0.499983123716213 0.6123793252547712
vn -0.6830152196414366 -0.25880575626581437 0.6830152196414366
vn -0.6123793252547712 -0.499983123716213 0.6123793252547712
vn -0.6123793252547712 -0.499983123716213 0.6123793252547712
vn 0.7071067811865476 0 -0.7071067811865476
vn 0.7071067811865476 0 -0.7071067811865476
vn 0.6829975420280815 -0.2588990443535822 -0.6829975420280815
vn 0.7071067811865476 0 -0.7071067811865476
vn 0.6829975420280815 -0.2588990443535822 -0.6829975420280815
vn 0.6829975420280815 -0.2588990443535822 -0.6829975420280815
vn 0.6829975420280815 -0.2588990443535822 -0.6829975420280815
vn 0.6829975420280815 -0.2588990443535822 -0.6829975420280815
vn 0.6123793252547712 -0.499983123716213 -0.6123793252547712
vn 0.6829975420280815 -0.2588990443535822 -0.6829975420280815
vn 0.6123793252547712 -0.499983123716213 -0.6123793252547712
vn 0.6123793252547712 -0.499983123716213 -0.6123793252547712
vn 0.6123793252547712 -0.499983123716213 -0.6123793252547712
vn 0.6123793252547712 -0.499983123716213 -0.6123793252547712
vn 0.5000024066547248 -0.7071033776464135 -0.5000024066547248
vn 0.6123793252547712 -0.499983123716213 -0.6123793252547712
vn 0.5000024066547248 -0.7071033776464135 -0.5000024066547248
vn 0.5000024066547248 -0.7071033776464135 -0.5000024066547248
vn 0.5000024066547248 -0.7071033776464135 -0.5000024066547248
vn 0.5000024066547248 -0.7071033776464135 -0.5000024066547248
vn 0.3535211309782978 -0.8660517420475815 -0.3535211309782978
vn 0.5000024066547248 -0.7071033776464135 -0.5000024066547248
vn 0.3535211309782978 -0.8660517420475815 -0.3535211309782978
vn 0.3535211309782978 -0.8660517420475815 -0.3535211309782978
vn 0.3535211309782978 -0.8660517420475815 -0.3535211309782978
vn 0.3535211309782978 -0.8660517420475815 -0.3535211309782978
vn 0.1830054138770454 -0.9659285879315213 -0.1830054138770454
vn 0.3535211309782978 -0.8660517420475815 -0.3535211309782978
vn 0.1830054138770454 -0.9659285879315213 -0.1830054138770454
vn 0.1830054138770454 -0.9659285879315213 -0.1830054138770454
vn -0.7071067811865476 0 0.7071067811865476
vn -0.7071067811865476 0 0.7071067811865476
vn -0.6830152196414366 -0.25880575626581437 0.6830152196414366
vn -0.7071067811865476 0 0.7071067811865476
vn -0.6830152196414366 -0.25880575626581437 0.6830152196414366
vn -0.6830152196414366 -0.25880575626581437 0.6830152196414366
vn -0.6829975420280815 0.2588990443535822 0.6829975420280815
vn -0.6829975420280815 0.2588990443535822 0.6829975420280815
vn -0.7071067811865476 0 0.7071067811865476
vn -0.6829975420280815 0.2588990443535822 0.6829975420280815
vn -0.7071067811865476 0 0.7071067811865476
vn -0.7071067811865476 0 0.7071067811865476
vn -0.6123793252547712 0.499983123716213 0.6123793252547712
vn -0.6123793252547712 0.499983123716213 0.6123793252547712
vn -0.6829975420280815 0.2588990443535822 0.6829975420280815
vn -0.6123793252547712 0.499983123716213 0.6123793252547712
vn -0.6829975420280815 0.2588990443535822 0.6829975420280815
vn -0.6829975420280815 0.2588990443535822 0.6829975420280815
vn -0.5000024066547248 0.7071033776464135 0.5000024066547248
vn -0.5000024066547248 0.7071033776464135 0.5000024066547248
vn -0.6123793252547712 0.499983123716213 0.6123793252547712
vn -0.5000024066547248 0.7071033776464135 0.5000024066547248
vn -0.6123793252547712 0.499983123716213 0.6123793252547712
vn -0.6123793252547712 0.499983123716213 0.6123793252547712
vn -0.3535211309782978 0.8660517420475815 0.3535211309782978
vn -0.5000024066547248 0.7071033776464135 0.5000024066547248
vn -0.5000024066547248 0.7071033776464135 0.5000024066547248
vn -0.3535211309782978 0.8660517420475815 0.3535211309782978
vn -0.5000024066547248 0.7071033776464135 0.5000024066547248
vn -0.3535211309782978 0.8660517420475815 0.3535211309782978
vn -0.1830054138770454 0.9659285879315213 0.1830054138770454
vn -0.3535211309782978 0.8660517420475815 0.3535211309782978
vn -0.3535211309782978 0.8660517420475815 0.3535211309782978
vn -0.1830054138770454 0.9659285879315213 0.1830054138770454
vn -0.3535211309782978 0.8660517420475815 0.3535211309782978
vn -0.1830054138770454 0.9659285879315213 0.1830054138770454
vn 0 1 0
vn -0.1830054138770454 0.9659285879315213 0.1830054138770454
vn -0.1830054138770454 0.9659285879315213 0.1830054138770454
vn 0 1 0
vn -0.1830054138770454 0.9659285879315213 0.1830054138770454
vn 0 1 0
vn 0.1830054138770454 0.9659285879315213 -0.1830054138770454
vn 0 1 0
vn 0 1 0
vn 0.1830054138770454 0.9659285879315213 -0.1830054138770454
vn 0 1 0
vn 0.1830054138770454 0.9659285879315213 -0.1830054138770454
vn 0.35359612216111647 0.8659905107939934 -0.35359612216111647
vn 0.1830054138770454 0.9659285879315213 -0.1830054138770454
vn 0.1830054138770454 0.9659285879315213 -0.1830054138770454
vn 0.35359612216111647 0.8659905107939934 -0.35359612216111647
vn 0.1830054138770454 0.9659285879315213 -0.1830054138770454
vn 0.35359612216111647 0.8659905107939934 -0.35359612216111647
vn 0.5000024066547248 0.7071033776464135 -0.5000024066547248
vn 0.35359612216111647 0.8659905107939934 -0.35359612216111647
vn 0.35359612216111647 0.8659905107939934 -0.35359612216111647
vn 0.5000024066547248 0.7071033776464135 -0.5000024066547248
vn 0.35359612216111647 0.8659905107939934 -0.35359612216111647
vn 0.5000024066547248 0.7071033776464135 -0.5000024066547248
vn 0.5000024066547248 0.7071033776464135 -0.5000024066547248
vn 0.5000024066547248 0.7071033776464135 -0.5000024066547248
vn 0.6123793252547712 0.499983123716213 -0.6123793252547712
vn 0.5000024066547248 0.7071033776464135 -0.5000024066547248
vn 0.6123793252547712 0.499983123716213 -0.6123793252547712
vn 0.6123793252547712 0.499983123716213 -0.6123793252547712
vn 0.6123793252547712 0.499983123716213 -0.6123793252547712
vn 0.6123793252547712 0.499983123716213 -0.6123793252547712
vn 0.6830152196414366 0.25880575626581437 -0.6830152196414366
vn 0.6123793252547712 0.499983123716213 -0.6123793252547712
vn 0.6830152196414366 0.25880575626581437 -0.6830152196414366
vn 0.6830152196414366 0.25880575626581437 -0.6830152196414366
vn 0.6830152196414366 0.25880575626581437 -0.6830152196414366
vn 0.6830152196414366 0.25880575626581437 -0.6830152196414366
vn 0.7071067811865476 0 -0.7071067811865476
vn 0.6830152196414366 0.25880575626581437 -0.6830152196414366
vn 0.7071067811865476 0 -0.7071067811865476
vn 0.7071067811865476 0 -0.7071067811865476
f 1321/1321/1321 1322/1322/1322 1323/1323/1323
f 1324/1324/1324 1325/1325/1325 1326/1326/1326
f 1327/1327/1327 1328/1328/1328 1329/1329/1329
f 1330/1330/1330 1331/1331/1331 1332/1332/1332
f 1333/1333/1333 1334/1334/1334 1335/1335/1335
f 1336/1336/1336 1337/1337/1337 1338/1338/1338
f 1339/1339/1339 1340/1340/1340 1341/1341/1341
f 1342/1342/1342 1343/1343/1343 1344/1344/1344
f 1345/1345/1345 1346/1346/1346 1347/1347/1347
f 1348/1348/1348 1349/1349/1349 1350/1350/1350
f 1351/1351/1351 1352/1352/1352 1353/1353/1353
f 1354/1354/1354 1355/1355/1355 1356/1356/1356
f 1357/1357/1357 1358/1358/1358 1359/1359/1359
f 1360/1360/1360 1361/1361/1361 1362/1362/1362
f 1363/1363/1363 1364/1364/1364 1365/1365/1365
f 1366/1366/1366 1367/1367/1367 1368/1368/1368
f 1369/1369/1369 1370/1370/1370 1371/1371/1371
f 1372/1372/1372 1373/1373/1373 1374/1374/1374
f 1375/1375/1375 1376/1376/1376 1377/1377/1377
f 1378/1378/1378 1379/1379/1379 1380/1380/1380
f 1381/1381/1381 1382/1382/1382 1383/1383/1383
f 1384/1384/1384 1385/1385/1385 1386/1386/1386
f 1387/1387/1387 1388/1388/1388 1389/1389/1389
f 1390/1390/1390 1391/1391/1391 1392/1392/1392
f 1393/1393/1393 1394/1394/1394 1395/1395/1395
f 1396/1396/1396 1397/1397/1397 1398/1398/1398
f 1399/1399/1399 1400/1400/1400 1401/1401/1401
f 1402/1402/1402 1403/1403/1403 1404/1404/1404
f 1405/1405/1405 1406/1406/1406 1407/1407/1407
f 1408/1408/1408 1409/1409/1409 1410/1410/1410
f 1411/1411/1411 1412/1412/1412 1413/1413/1413
f 1414/1414/1414 1415/1415/1415 1416/1416/1416
f 1417/1417/1417 1418/1418/1418 1419/1419/1419
f 1420/1420/1420 1421/1421/1421 1422/1422/1422
f 1423/1423/1423 1424/1424/1424 1425/1425/1425
f 1426/1426/1426 1427/1427/1427 1428/1428/1428
f 1429/1429/1429 1430/1430/1430 1431/1431/1431
f 1432/1432/1432 1433/1433/1433 1434/1434/1434
f 1435/1435/1435 1436/1436/1436 1437/1437/1437
f 1438/1438/1438 1439/1439/1439 1440/1440/1440
f 1441/1441/1441 1442/1442/1442 1443/1443/1443
f 1444/1444/1444 1445/1445/1445 1446/1446/1446
f 1447/1447/1447 1448/1448/1448 1449/1449/1449
f 1450/1450/1450 1451/1451/1451 1452/1452/1452
f 1453/1453/1453 1454/1454/1454 1455/1455/1455
f 1456/1456/1456 1457/1457/1457 1458/1458/1458
f 1459/1459/1459 1460/1460/1460 1461/1461/1461
f 1462/1462/1462 1463/1463/1463 1464/1464/1464
f 1465/1465/1465 1466/1466/1466 1467/1467/1467
f 1468/1468/1468 1469/1469/1469 1470/1470/1470
f 1471/1471/1471 1472/1472/1472 1473/1473/1473
f 1474/1474/1474 1475/1475/1475 1476/1476/1476
f 1477/1477/1477 1478/1478/1478 1479/1479/1479
f 1480/1480/1480 1481/1481/1481 1482/1482/1482
f 1483/1483/1483 1484/1484/1484 1485/1485/1485
f 1486/1486/1486 1487/1487/1487 1488/1488/1488
f 1489/1489/1489 1490/1490/1490 1491/1491/1491
f 1492/1492/1492 1493/1493/1493 1494/1494/1494
f 1495/1495/1495 1496/1496/1496 1497/1497/1497
f 1498/1498/1498 1499/1499/1499 1500/1500/1500
f 1501/1501/1501 1502/1502/1502 1503/1503/1503
f 1504/1504/1504 1505/1505/1505 1506/1506/1506
f 1507/1507/1507 1508/1508/1508 1509/1509/1509
f 1510/1510/1510 1511/1511/1511 1512/1512/1512
f 1513/1513/1513 1514/1514/1514 1515/1515/1515
f 1516/1516/1516 1517/1517/1517 1518/1518/1518
f 1519/1519/1519 1520/1520/1520 1521/1521/1521
f 1522/1522/1522 1523/1523/1523 1524/1524/1524
f 1525/1525/1525 1526/1526/1526 1527/1527/1527
f 1528/1528/1528 1529/1529/1529 1530/1530/1530
f 1531/1531/1531 1532/1532/1532 1533/1533/1533
f 1534/1534/1534 1535/1535/1535 1536/1536/1536
f 1537/1537/1537 1538/1538/1538 1539/1539/1539
f 1540/1540/1540 1541/1541/1541 1542/1542/1542
f 1543/1543/1543 1544/1544/1544 1545/1545/1545
f 1546/1546/1546 1547/1547/1547 1548/1548/1548
f 1549/1549/1549 1550/1550/1550 1551/1551/1551
f 1552/1552/1552 1553/1553/1553 1554/1554/1554
f 1555/1555/1555 1556/1556/1556 1557/1557/1557
f 1558/1558/1558 1559/1559/1559 1560/1560/1560
f 1561/1561/1561 1562/1562/1562 1563/1563/1563
f 1564/1564/1564 1565/1565/1565 1566/1566/1566
f 1567/1567/1567 1568/1568/1568 1569/1569/1569
f 1570/1570/1570 1571/1571/1571 1572/1572/1572
f 1573/1573/1573 1574/1574/1574 1575/1575/1575
f 1576/1576/1576 1577/1577/1577 1578/1578/1578
f 1579/1579/1579 1580/1580/1580 1581/1581/1581
f 1582/1582/1582 1583/1583/1583 1584/1584/1584
f 1585/1585/1585 1586/1586/1586 1587/1587/1587
f 1588/1588/1588 1589/1589/1589 1590/1590/1590
f 1591/1591/1591 1592/1592/1592 1593/1593/1593
f 1594/1594/1594 1595/1595/1595 1596/1596/1596
f 1597/1597/1597 1598/1598/1598 1599/1599/1599
f 1600/1600/1600 1601/1601/1601 1602/1602/1602
f 1603/1603/1603 1604/1604/1604 1605/1605/1605
f 1606/1606/1606 1607/1607/1607 1608/1608/1608
f 1609/1609/1609 1610/1610/1610 1611/1611/1611
f 1612/1612/1612 1613/1613/1613 1614/1614/1614
f 1615/1615/1615 1616/1616/1616 1617/1617/1617
f 1618/1618/1618 1619/1619/1619 1620/1620/1620
f 1621/1621/1621 1622/1622/1622 1623/1623/1623
f 1624/1624/1624 1625/1625/1625 1626/1626/1626
f 1627/1627/1627 1628/1628/1628 1629/1629/1629
f 1630/1630/1630 1631/1631/1631 1632/1632/1632
f 1633/1633/1633 1634/1634/1634 1635/1635/1635
f 1636/1636/1636 1637/1637/1637 1638/1638/1638
f 1639/1639/1639 1640/1640/1640 1641/1641/1641
f 1642/1642/1642 1643/1643/1643 1644/1644/1644
f 1645/1645/1645 1646/1646/1646 1647/1647/1647
f 1648/1648/1648 1649/1649/1649 1650/1650/1650
f 1651/1651/1651 1652/1652/1652 1653/1653/1653
f 1654/1654/1654 1655/1655/1655 1656/1656/1656
f 1657/1657/1657 1658/1658/1658 1659/1659/1659
f 1660/1660/1660 1661/1661/1661 1662/1662/1662
f 1663/1663/1663 1664/1664/1664 1665/1665/1665
f 1666/1666/1666 1667/1667/1667 1668/1668/1668
f 1669/1669/1669 1670/1670/1670 1671/1671/1671
f 1672/1672/1672 1673/1673/1673 1674/1674/1674
f 1675/1675/1675 1676/1676/1676 1677/1677/1677
f 1678/1678/1678 1679/1679/1679 1680/1680/1680
f 1681/1681/1681 1682/1682/1682 1683/1683/1683
f 1684/1684/1684 1685/1685/1685 1686/1686/1686
f 1687/1687/1687 1688/1688/1688 1689/1689/1689
f 1690/1690/1690 1691/1691/1691 1692/1692/1692
f 1693/1693/1693 1694/1694/1694 1695/1695/1695
f 1696/1696/1696 1697/1697/1697 1698/1698/1698
f 1699/1699/1699 1700/1700/1700 1701/1701/1701
f 1702/1702/1702 1703/1703/1703 1704/1704/1704
f 1705/1705/1705 1706/1706/1706 1707/1707/1707
f 1708/1708/1708 1709/1709/1709 1710/1710/1710
f 1711/1711/1711 1712/1712/1712 1713/1713/1713
f 1714/1714/1714 1715/1715/1715 1716/1716/1716
f 1717/1717/1717 1718/1718/1718 1719/1719/1719
f 1720/1720/1720 1721/1721/1721 1722/1722/1722
f 1723/1723/1723 1724/1724/1724 1725/1725/1725
f 1726/1726/1726 1727/1727/1727 1728/1728/1728
f 1729/1729/1729 1730/1730/1730 1731/1731/1731
f 1732/1732/1732 1733/1733/1733 1734/1734/1734
f 1735/1735/1735 1736/1736/1736 1737/1737/1737
f 1738/1738/1738 1739/1739/1739 1740/1740/1740
f 1741/1741/1741 1742/1742/1742 1743/1743/1743
f 1744/1744/1744 1745/1745/1745 1746/1746/1746
f 1747/1747/1747 1748/1748/1748 1749/1749/1749
f 1750/1750/1750 1751/1751/1751 1752/1752/1752
f 1753/1753/1753 1754/1754/1754 1755/1755/1755
f 1756/1756/1756 1757/1757/1757 1758/1758/1758
f 1759/1759/1759 1760/1760/1760 1761/1761/1761
f 1762/1762/1762 1763/1763/1763 1764/1764/1764
f 1765/1765/1765 1766/1766/1766 1767/1767/1767
f 1768/1768/1768 1769/1769/1769 1770/1770/1770
f 1771/1771/1771 1772/1772/1772 1773/1773/1773
f 1774/1774/1774 1775/1775/1775 1776/1776/1776
f 1777/1777/1777 1778/1778/1778 1779/1779/1779
f 1780/1780/1780 1781/1781/1781 1782/1782/1782
f 1783/1783/1783 1784/1784/1784 1785/1785/1785
f 1786/1786/1786 1787/1787/1787 1788/1788/1788
f 1789/1789/1789 1790/1790/1790 1791/1791/1791
f 1792/1792/1792 1793/1793/1793 1794/1794/1794
f 1795/1795/1795 1796/1796/1796 1797/1797/1797
f 1798/1798/1798 1799/1799/1799 1800/1800/1800
f 1801/1801/1801 1802/1802/1802 1803/1803/1803
f 1804/1804/1804 1805/1805/1805 1806/1806/1806
f 1807/1807/1807 1808/1808/1808 1809/1809/1809
f 1810/1810/1810 1811/1811/1811 1812/1812/1812
f 1813/1813/1813 1814/1814/1814 1815/1815/1815
f 1816/1816/1816 1817/1817/1817 1818/1818/1818
f 1819/1819/1819 1820/1820/1820 1821/1821/1821
f 1822/1822/1822 1823/1823/1823 1824/1824/1824
f 1825/1825/1825 1826/1826/1826 1827/1827/1827
f 1828/1828/1828 1829/1829/1829 1830/1830/1830
f 1831/1831/1831 1832/1832/1832 1833/1833/1833
f 1834/1834/1834 1835/1835/1835 1836/1836/1836
f 1837/1837/1837 1838/1838/1838 1839/1839/1839
f 1840/1840/1840 1841/1841/1841 1842/1842/1842
f 1843/1843/1843 1844/1844/1844 1845/1845/1845
f 1846/1846/1846 1847/1847/1847 1848/1848/1848
f 1849/1849/1849 1850/1850/1850 1851/1851/1851
f 1852/1852/1852 1853/1853/1853 1854/1854/1854
f 1855/1855/1855 1856/1856/1856 1857/1857/1857
f 1858/1858/1858 1859/1859/1859 1860/1860/1860
f 1861/1861/1861 1862/1862/1862 1863/1863/1863
f 1864/1864/1864 1865/1865/1865 1866/1866/1866
f 1867/1867/1867 1868/1868/1868 1869/1869/1869
f 1870/1870/1870 1871/1871/1871 1872/1872/1872
f 1873/1873/1873 1874/1874/1874 1875/1875/1875
f 1876/1876/1876 1877/1877/1877 1878/1878/1878
f 1879/1879/1879 1880/1880/1880 1881/1881/1881
f 1882/1882/1882 1883/1883/1883 1884/1884/1884
f 1885/1885/1885 1886/1886/1886 1887/1887/1887
f 1888/1888/1888 1889/1889/1889 1890/1890/1890
f 1891/1891/1891 1892/1892/1892 1893/1893/1893
f 1894/1894/1894 1895/1895/1895 1896/1896/1896
f 1897/1897/1897 1898/1898/1898 1899/1899/1899
f 1900/1900/1900 1901/1901/1901 1902/1902/1902
f 1903/1903/1903 1904/1904/1904 1905/1905/1905
f 1906/1906/1906 1907/1907/1907 1908/1908/1908
f 1909/1909/1909 1910/1910/1910 1911/1911/1911
f 1912/1912/1912 1913/1913/1913 1914/1914/1914
f 1915/1915/1915 1916/1916/1916 1917/1917/1917
f 1918/1918/1918 1919/1919/1919 1920/1920/1920
f 1921/1921/1921 1922/1922/1922 1923/1923/1923
f 1924/1924/1924 1925/1925/1925 1926/1926/1926
f 1927/1927/1927 1928/1928/1928 1929/1929/1929
f 1930/1930/1930 1931/1931/1931 1932/1932/1932
f 1933/1933/1933 1934/1934/1934 1935/1935/1935
f 1936/1936/1936 1937/1937/1937 1938/1938/1938
f 1939/1939/1939 1940/1940/1940 1941/1941/1941
f 1942/1942/1942 1943/1943/1943 1944/1944/1944
f 1945/1945/1945 1946/1946/1946 1947/1947/1947
f 1948/1948/1948 1949/1949/1949 1950/1950/1950
f 1951/1951/1951 1952/1952/1952 1953/1953/1953
f 1954/1954/1954 1955/1955/1955 1956/1956/1956
f 1957/1957/1957 1958/1958/1958 1959/1959/1959
f 1960/1960/1960 1961/1961/1961 1962/1962/1962
f 1963/1963/1963 1964/1964/1964 1965/1965/1965
f 1966/1966/1966 1967/1967/1967 1968/1968/1968
f 1969/1969/1969 1970/1970/1970 1971/1971/1971
f 1972/1972/1972 1973/1973/1973 1974/1974/1974
f 1975/1975/1975 1976/1976/1976 1977/1977/1977
f 1978/1978/1978 1979/1979/1979 1980/1980/1980
f 1981/1981/1981 1982/1982/1982 1983/1983/1983
f 1984/1984/1984 1985/1985/1985 1986/1986/1986
f 1987/1987/1987 1988/1988/1988 1989/1989/1989
f 1990/1990/1990 1991/1991/1991 1992/1992/1992
f 1993/1993/1993 1994/1994/1994 1995/1995/1995
f 1996/1996/1996 1997/1997/1997 1998/1998/1998
f 1999/1999/1999 2000/2000/2000 2001/2001/2001
f 2002/2002/2002 2003/2003/2003 2004/2004/2004
f 2005/2005/2005 2006/2006/2006 2007/2007/2007
f 2008/2008/2008 2009/2009/2009 2010/2010/2010
f 2011/2011/2011 2012/2012/2012 2013/2013/2013
f 2014/2014/2014 2015/2015/2015 2016/2016/2016
f 2017/2017/2017 2018/2018/2018 2019/2019/2019
f 2020/2020/2020 2021/2021/2021 2022/2022/2022
f 2023/2023/2023 2024/2024/2024 2025/2025/2025
f 2026/2026/2026 2027/2027/2027 2028/2028/2028
f 2029/2029/2029 2030/2030/2030 2031/2031/2031
f 2032/2032/2032 2033/2033/2033 2034/2034/2034
f 2035/2035/2035 2036/2036/2036 2037/2037/2037
f 2038/2038/2038 2039/2039/2039 2040/2040/2040
f 2041/2041/2041 2042/2042/2042 2043/2043/2043
f 2044/2044/2044 2045/2045/2045 2046/2046/2046
f 2047/2047/2047 2048/2048/2048 2049/2049/2049
f 2050/2050/2050 2051/2051/2051 2052/2052/2052
f 2053/2053/2053 2054/2054/2054 2055/2055/2055
f 2056/2056/2056 2057/2057/2057 2058/2058/2058
f 2059/2059/2059 2060/2060/2060 2061/2061/2061
f 2062/2062/2062 2063/2063/2063 2064/2064/2064
f 2065/2065/2065 2066/2066/2066 2067/2067/2067
f 2068/2068/2068 2069/2069/2069 2070/2070/2070
f 2071/2071/2071 2072/2072/2072 2073/2073/2073
f 2074/2074/2074 2075/2075/2075 2076/2076/2076
f 2077/2077/2077 2078/2078/2078 2079/2079/2079
f 2080/2080/2080 2081/2081/2081 2082/2082/2082
f 2083/2083/2083 2084/2084/2084 2085/2085/2085
f 2086/2086/2086 2087/2087/2087 2088/2088/2088
f 2089/2089/2089 2090/2090/2090 2091/2091/2091
f 2092/2092/2092 2093/2093/2093 2094/2094/2094
f 2095/2095/2095 2096/2096/2096 2097/2097/2097
f 2098/2098/2098 2099/2099/2099 2100/2100/2100
f 2101/2101/2101 2102/2102/2102 2103/2103/2103
f 2104/2104/2104 2105/2105/2105 2106/2106/2106
f 2107/2107/2107 2108/2108/2108 2109/2109/2109
f 2110/2110/2110 2111/2111/2111 2112/2112/2112
f 2113/2113/2113 2114/2114/2114 2115/2115/2115
f 2116/2116/2116 2117/2117/2117 2118/2118/2118
f 2119/2119/2119 2120/2120/2120 2121/2121/2121
f 2122/2122/2122 2123/2123/2123 2124/2124/2124
f 2125/2125/2125 2126/2126/2126 2127/2127/2127
f 2128/2128/2128 2129/2129/2129 2130/2130/2130
f 2131/2131/2131 2132/2132/2132 2133/2133/2133
f 2134/2134/2134 2135/2135/2135 2136/2136/2136
f 2137/2137/2137 2138/2138/2138 2139/2139/2139
f 2140/2140/2140 2141/2141/2141 2142/2142/2142
f 2143/2143/2143 2144/2144/2144 2145/2145/2145
f 2146/2146/2146 2147/2147/2147 2148/2148/2148
f 2149/2149/2149 2150/2150/2150 2151/2151/2151
f 2152/2152/2152 2153/2153/2153 2154/2154/2154
f 2155/2155/2155 2156/2156/2156 2157/2157/2157
f 2158/2158/2158 2159/2159/2159 2160/2160/2160
f 2161/2161/2161 2162/2162/2162 2163/2163/2163
f 2164/2164/2164 2165/2165/2165 2166/2166/2166
f 2167/2167/2167 2168/2168/2168 2169/2169/2169
f 2170/2170/2170 2171/2171/2171 2172/2172/2172
f 2173/2173/2173 2174/2174/2174 2175/2175/2175
f 2176/2176/2176 2177/2177/2177 2178/2178/2178
f 2179/2179/2179 2180/2180/2180 2181/2181/2181
f 2182/2182/2182 2183/2183/2183 2184/2184/2184
f 2185/2185/2185 2186/2186/2186 2187/2187/2187
f 2188/2188/2188 2189/2189/2189 2190/2190/2190
f 2191/2191/2191 2192/2192/2192 2193/2193/2193
f 2194/2194/2194 2195/2195/2195 2196/2196/2196
f 2197/2197/2197 2198/2198/2198 2199/2199/2199
f 2200/2200/2200 2201/2201/2201 2202/2202/2202
f 2203/2203/2203 2204/2204/2204 2205/2205/2205
f 2206/2206/2206 2207/2207/2207 2208/2208/2208
f 2209/2209/2209 2210/2210/2210 2211/2211/2211
f 2212/2212/2212 2213/2213/2213 2214/2214/2214
f 2215/2215/2215 2216/2216/2216 2217/2217/2217
f 2218/2218/2218 2219/2219/2219 2220/2220/2220
f 2221/2221/2221 2222/2222/2222 2223/2223/2223
f 2224/2224/2224 2225/2225/2225 2226/2226/2226
f 2227/2227/2227 2228/2228/2228 2229/2229/2229
f 2230/2230/2230 2231/2231/2231 2232/2232/2232
f 2233/2233/2233 2234/2234/2234 2235/2235/2235
f 2236/2236/2236 2237/2237/2237 2238/2238/2238
f 2239/2239/2239 2240/2240/2240 2241/2241/2241
f 2242/2242/2242 2243/2243/2243 2244/2244/2244
f 2245/2245/2245 2246/2246/2246 2247/2247/2247
f 2248/2248/2248 2249/2249/2249 2250/2250/2250
f 2251/2251/2251 2252/2252/2252 2253/2253/2253
f 2254/2254/2254 2255/2255/2255 2256/2256/2256
f 2257/2257/2257 2258/2258/2258 2259/2259/2259
f 2260/2260/2260 2261/2261/2261 2262/2262/2262
f 2263/2263/2263 2264/2264/2264 2265/2265/2265
f 2266/2266/2266 2267/2267/2267 2268/2268/2268
f 2269/2269/2269 2270/2270/2270 2271/2271/2271
f 2272/2272/2272 2273/2273/2273 2274/2274/2274
f 2275/2275/2275 2276/2276/2276 2277/2277/2277
f 2278/2278/2278 2279/2279/2279 2280/2280/2280
f 2281/2281/2281 2282/2282/2282 2283/2283/2283
f 2284/2284/2284 2285/2285/2285 2286/2286/2286
f 2287/2287/2287 2288/2288/2288 2289/2289/2289
f 2290/2290/2290 2291/2291/2291 2292/2292/2292
f 2293/2293/2293 2294/2294/2294 2295/2295/2295
f 2296/2296/2296 2297/2297/2297 2298/2298/2298
f 2299/2299/2299 2300/2300/2300 2301/2301/2301
f 2302/2302/2302 2303/2303/2303 2304/2304/2304
f 2305/2305/2305 2306/2306/2306 2307/2307/2307
f 2308/2308/2308 2309/2309/2309 2310/2310/2310
f 2311/2311/2311 2312/2312/2312 2313/2313/2313
f 2314/2314/2314 2315/2315/2315 2316/2316/2316
f 2317/2317/2317 2318/2318/2318 2319/2319/2319
f 2320/2320/2320 2321/2321/2321 2322/2322/2322
f 2323/2323/2323 2324/2324/2324 2325/2325/2325
f 2326/2326/2326 2327/2327/2327 2328/2328/2328
f 2329/2329/2329 2330/2330/2330 2331/2331/2331
f 2332/2332/2332 2333/2333/2333 2334/2334/2334
f 2335/2335/2335 2336/2336/2336 2337/2337/2337
f 2338/2338/2338 2339/2339/2339 2340/2340/2340
f 2341/2341/2341 2342/2342/2342 2343/2343/2343
f 2344/2344/2344 2345/2345/2345 2346/2346/2346
f 2347/2347/2347 2348/2348/2348 2349/2349/2349
f 2350/2350/2350 2351/2351/2351 2352/2352/2352
f 2353/2353/2353 2354/2354/2354 2355/2355/2355
f 2356/2356/2356 2357/2357/2357 2358/2358/2358
f 2359/2359/2359 2360/2360/2360 2361/2361/2361
f 2362/2362/2362 2363/2363/2363 2364/2364/2364
f 2365/2365/2365 2366/2366/2366 2367/2367/2367
f 2368/2368/2368 2369/2369/2369 2370/2370/2370
f 2371/2371/2371 2372/2372/2372 2373/2373/2373
f 2374/2374/2374 2375/2375/2375 2376/2376/2376
f 2377/2377/2377 2378/2378/2378 2379/2379/2379
f 2380/2380/2380 2381/2381/2381 2382/2382/2382
f 2383/2383/2383 2384/2384/2384 2385/2385/2385
f 2386/2386/2386 2387/2387/2387 2388/2388/2388
f 2389/2389/2389 2390/2390/2390 2391/2391/2391
f 2392/2392/2392 2393/2393/2393 2394/2394/2394
f 2395/2395/2395 2396/2396/2396 2397/2397/2397
f 2398/2398/2398 2399/2399/2399 2400/2400/2400
f 2401/2401/2401 2402/2402/2402 2403/2403/2403
f 2404/2404/2404 2405/2405/2405 2406/2406/2406
f 2407/2407/2407 2408/2408/2408 2409/2409/2409
f 2410/2410/2410 2411/2411/2411 2412/2412/2412
f 2413/2413/2413 2414/2414/2414 2415/2415/2415
f 2416/2416/2416 2417/2417/2417 2418/2418/2418
f 2419/2419/2419 2420/2420/2420 2421/2421/2421
f 2422/2422/2422 2423/2423/2423 2424/2424/2424
f 2425/2425/2425 2426/2426/2426 2427/2427/2427
f 2428/2428/2428 2429/2429/2429 2430/2430/2430
f 2431/2431/2431 2432/2432/2432 2433/2433/2433
f 2434/2434/2434 2435/2435/2435 2436/2436/2436
f 2437/2437/2437 2438/2438/2438 2439/2439/2439
f 2440/2440/2440 2441/2441/2441 2442/2442/2442
f 2443/2443/2443 2444/2444/2444 2445/2445/2445
f 2446/2446/2446 2447/2447/2447 2448/2448/2448
f 2449/2449/2449 2450/2450/2450 2451/2451/2451
f 2452/2452/2452 2453/2453/2453 2454/2454/2454
f 2455/2455/2455 2456/2456/2456 2457/2457/2457
f 2458/2458/2458 2459/2459/2459 2460/2460/2460
f 2461/2461/2461 2462/2462/2462 2463/2463/2463
f 2464/2464/2464 2465/2465/2465 2466/2466/2466
f 2467/2467/2467 2468/2468/2468 2469/2469/2469
f 2470/2470/2470 2471/2471/2471 2472/2472/2472
f 2473/2473/2473 2474/2474/2474 2475/2475/2475
f 2476/2476/2476 2477/2477/2477 2478/2478/2478
f 2479/2479/2479 2480/2480/2480 2481/2481/2481
f 2482/2482/2482 2483/2483/2483 2484/2484/2484
f 2485/2485/2485 2486/2486/2486 2487/2487/2487
f 2488/2488/2488 2489/2489/2489 2490/2490/2490
f 2491/2491/2491 2492/2492/2492 2493/2493/2493
f 2494/2494/2494 2495/2495/2495 2496/2496/2496
f 2497/2497/2497 2498/2498/2498 2499/2499/2499
f 2500/2500/2500 2501/2501/2501 2502/2502/2502
f 2503/2503/2503 2504/2504/2504 2505/2505/2505
f 2506/2506/2506 2507/2507/2507 2508/2508/2508
f 2509/2509/2509 2510/2510/2510 2511/2511/2511
f 2512/2512/2512 2513/2513/2513 2514/2514/2514
f 2515/2515/2515 2516/2516/2516 2517/2517/2517
f 2518/2518/2518 2519/2519/2519 2520/2520/2520
f 2521/2521/2521 2522/2522/2522 2523/2523/2523
f 2524/2524/2524 2525/2525/2525 2526/2526/2526
f 2527/2527/2527 2528/2528/2528 2529/2529/2529
f 2530/2530/2530 2531/2531/2531 2532/2532/2532
f 2533/2533/2533 2534/2534/2534 2535/2535/2535
f 2536/2536/2536 2537/2537/2537 2538/2538/2538
o Group_376
usemtl wire_177028149
v 8198.521484375 1333.81103515625 -6536.994140625
v 8288.88671875 1333.81103515625 -6446.6298828125
v 719.701171875 13652.0009765625 1122.556640625
v 8198.521484375 1333.81103515625 -6536.994140625
v 719.701171875 13652.0009765625 1122.556640625
v 629.33740234375 13652.0009765625 1032.19287109375
v 8502.3671875 1150.085693359375 -6840.83984375
v -6426.24853515625 265.2200012207031 8087.78125
v -6335.884765625 265.2200012207031 8178.14501953125
v 8502.3671875 1150.085693359375 -6840.83984375
v -6335.884765625 265.2200012207031 8178.14501953125
v 8592.732421875 1150.085693359375 -6750.4755859375
v -5380.859375 2124.162109375 7223.119140625
v -6335.884765625 265.2200012207031 8178.14501953125
v -6426.24853515625 265.2200012207031 8087.78125
v -5380.859375 2124.162109375 7223.119140625
v -6426.24853515625 265.2200012207031 8087.78125
v 619.2509765625 13979.173828125 1042.27978515625
v -5254.5361328125 2370.0478515625 7096.79638671875
v -5380.859375 2124.162109375 7223.119140625
v 619.2509765625 13979.173828125 1042.27978515625
v -5254.5361328125 2370.0478515625 7096.79638671875
v 619.2509765625 13979.173828125 1042.27978515625
v 709.6146850585938 13979.173828125 1132.6435546875
v 719.701171875 13652.0009765625 1122.556640625
v -6045.22265625 484.1836853027344 7887.48291015625
v -6135.58642578125 484.1836853027344 7797.119140625
v 719.701171875 13652.0009765625 1122.556640625
v -6135.58642578125 484.1836853027344 7797.119140625
v -5353.109375 2007.2630615234375 7014.6416015625
v 719.701171875 13652.0009765625 1122.556640625
v -5353.109375 2007.2630615234375 7014.6416015625
v -5226.7861328125 2253.148681640625 6888.318359375
v 719.701171875 13652.0009765625 1122.556640625
v -5226.7861328125 2253.148681640625 6888.318359375
v 629.33740234375 13652.0009765625 1032.19287109375
v -6216.37109375 265.2200012207031 8297.658203125
v -6568.4375 -0.0010000000474974513 8649.724609375
v 9080.279296875 927.5474243164062 -6998.998046875
v -6216.37109375 265.2200012207031 8297.658203125
v 9080.279296875 927.5474243164062 -6998.998046875
v 8712.24609375 1150.085693359375 -6630.962890625
v 829.12841796875 13979.173828125 1252.1572265625
v 8712.24609375 1150.085693359375 -6630.962890625
v 9080.279296875 927.5474243164062 -6998.998046875
v 829.12841796875 13979.173828125 1252.1572265625
v 9080.279296875 927.5474243164062 -6998.998046875
v 816.9110717773438 14375.462890625 1264.3740234375
v -6216.37109375 265.2200012207031 8297.658203125
v 829.12841796875 13979.173828125 1252.1572265625
v 816.9110717773438 14375.462890625 1264.3740234375
v -6216.37109375 265.2200012207031 8297.658203125
v 816.9110717773438 14375.462890625 1264.3740234375
v -6568.4375 -0.0010000000474974513 8649.724609375
v -6778.31494140625 -0.0010000000474974513 8439.84765625
v -6568.4375 -0.0010000000474974513 8649.724609375
v 816.9110717773438 14375.462890625 1264.3740234375
v -6778.31494140625 -0.0010000000474974513 8439.84765625
v 816.9110717773438 14375.462890625 1264.3740234375
v 607.03369140625 14375.462890625 1054.49658203125
v -6778.31494140625 -0.0010000000474974513 8439.84765625
v 8870.40234375 927.5474243164062 -7208.875
v 9080.279296875 927.5474243164062 -6998.998046875
v -6778.31494140625 -0.0010000000474974513 8439.84765625
v 9080.279296875 927.5474243164062 -6998.998046875
v -6568.4375 -0.0010000000474974513 8649.724609375
v 8592.732421875 1150.085693359375 -6750.4755859375
v -6335.884765625 265.2200012207031 8178.14501953125
v -6216.37109375 265.2200012207031 8297.658203125
v 8592.732421875 1150.085693359375 -6750.4755859375
v -6216.37109375 265.2200012207031 8297.658203125
v 8712.24609375 1150.085693359375 -6630.962890625
v 9080.279296875 927.5474243164062 -6998.998046875
v 8870.40234375 927.5474243164062 -7208.875
v 607.03369140625 14375.462890625 1054.49658203125
v 9080.279296875 927.5474243164062 -6998.998046875
v 607.03369140625 14375.462890625 1054.49658203125
v 816.9110717773438 14375.462890625 1264.3740234375
v 709.6146850585938 13979.173828125 1132.6435546875
v 8592.732421875 1150.085693359375 -6750.4755859375
v 8712.24609375 1150.085693359375 -6630.962890625
v 709.6146850585938 13979.173828125 1132.6435546875
v 8712.24609375 1150.085693359375 -6630.962890625
v 829.12841796875 13979.173828125 1252.1572265625
v -6426.24853515625 265.2200012207031 8087.78125
v -6778.31494140625 -0.0010000000474974513 8439.84765625
v 607.03369140625 14375.462890625 1054.49658203125
v -6426.24853515625 265.2200012207031 8087.78125
v 607.03369140625 14375.462890625 1054.49658203125
v 619.2509765625 13979.173828125 1042.27978515625
v 619.2509765625 13979.173828125 1042.27978515625
v 607.03369140625 14375.462890625 1054.49658203125
v 8870.40234375 927.5474243164062 -7208.875
v 619.2509765625 13979.173828125 1042.27978515625
v 8870.40234375 927.5474243164062 -7208.875
v 8502.3671875 1150.085693359375 -6840.83984375
v -6426.24853515625 265.2200012207031 8087.78125
v 8502.3671875 1150.085693359375 -6840.83984375
v 8870.40234375 927.5474243164062 -7208.875
v -6426.24853515625 265.2200012207031 8087.78125
v 8870.40234375 927.5474243164062 -7208.875
v -6778.31494140625 -0.0010000000474974513 8439.84765625
v 8502.3671875 1150.085693359375 -6840.83984375
v 8592.732421875 1150.085693359375 -6750.4755859375
v 709.6146850585938 13979.173828125 1132.6435546875
v 8502.3671875 1150.085693359375 -6840.83984375
v 709.6146850585938 13979.173828125 1132.6435546875
v 619.2509765625 13979.173828125 1042.27978515625
v 8198.521484375 1333.81103515625 -6536.994140625
v -6135.58642578125 484.1836853027344 7797.119140625
v -6045.22265625 484.1836853027344 7887.48291015625
v 8198.521484375 1333.81103515625 -6536.994140625
v -6045.22265625 484.1836853027344 7887.48291015625
v 8288.88671875 1333.81103515625 -6446.6298828125
v 661.2313842773438 12700.630859375 1379.244140625
v 591.31298828125 12775.1103515625 1449.16259765625
v 754.55126953125 12775.1103515625 1612.400390625
v 661.2313842773438 12700.630859375 1379.244140625
v 754.55126953125 12775.1103515625 1612.400390625
v 824.4697265625 12700.630859375 1542.48193359375
v 667.24267578125 12985.3134765625 1699.70947265625
v 655.80078125 13106.7138671875 1711.15087890625
v 667.37939453125 13228.138671875 1699.572265625
v 667.24267578125 12985.3134765625 1699.70947265625
v 667.37939453125 13228.138671875 1699.572265625
v 700.923828125 12872.2080078125 1666.02783203125
v 700.923828125 12872.2080078125 1666.02783203125
v 667.37939453125 13228.138671875 1699.572265625
v 701.1904296875 13341.3115234375 1665.76171875
v 700.923828125 12872.2080078125 1666.02783203125
v 701.1904296875 13341.3115234375 1665.76171875
v 754.55126953125 12775.1103515625 1612.400390625
v 754.55126953125 12775.1103515625 1612.400390625
v 701.1904296875 13341.3115234375 1665.76171875
v 754.9287109375 13438.5224609375 1612.02294921875
v 754.55126953125 12775.1103515625 1612.400390625
v 754.9287109375 13438.5224609375 1612.02294921875
v 824.4697265625 12700.630859375 1542.48193359375
v 824.4697265625 12700.630859375 1542.48193359375
v 754.9287109375 13438.5224609375 1612.02294921875
v 824.9312133789062 13513.142578125 1542.02001953125
v 824.4697265625 12700.630859375 1542.48193359375
v 824.9312133789062 13513.142578125 1542.02001953125
v 905.9141235351562 12653.8515625 1461.0380859375
v 905.9141235351562 12653.8515625 1461.0380859375
v 824.9312133789062 13513.142578125 1542.02001953125
v 906.42919921875 13560.0908203125 1460.5224609375
v 905.9141235351562 12653.8515625 1461.0380859375
v 906.42919921875 13560.0908203125 1460.5224609375
v 993.3330078125 12637.95703125 1373.619140625
v 993.3330078125 12637.95703125 1373.619140625
v 906.42919921875 13560.0908203125 1460.5224609375
v 993.8671875 13576.1650390625 1373.08447265625
v 993.3330078125 12637.95703125 1373.619140625
v 993.8671875 13576.1650390625 1373.08447265625
v 1080.77099609375 12654.0302734375 1286.1796875
v 1080.77099609375 12654.0302734375 1286.1796875
v 993.8671875 13576.1650390625 1373.08447265625
v 1081.2861328125 13560.26953125 1285.66455078125
v 1080.77099609375 12654.0302734375 1286.1796875
v 1081.2861328125 13560.26953125 1285.66455078125
v 1162.26904296875 12700.9775390625 1204.68212890625
v 1162.26904296875 12700.9775390625 1204.68212890625
v 1081.2861328125 13560.26953125 1285.66455078125
v 1162.73095703125 13513.490234375 1204.22021484375
v 1162.26904296875 12700.9775390625 1204.68212890625
v 1162.73095703125 13513.490234375 1204.22021484375
v 1232.27197265625 12775.6005859375 1134.6796875
v 1232.27197265625 12775.6005859375 1134.6796875
v 1162.73095703125 13513.490234375 1204.22021484375
v 1232.64892578125 13439.0126953125 1134.3017578125
v 1232.27197265625 12775.6005859375 1134.6796875
v 1232.64892578125 13439.0126953125 1134.3017578125
v 1286.009765625 12872.80859375 1080.94189453125
v 1286.009765625 12872.80859375 1080.94189453125
v 1232.64892578125 13439.0126953125 1134.3017578125
v 1286.27685546875 13341.912109375 1080.6748046875
v 1286.009765625 12872.80859375 1080.94189453125
v 1286.27685546875 13341.912109375 1080.6748046875
v 1319.82080078125 12985.9833984375 1047.13134765625
v 1319.82080078125 12985.9833984375 1047.13134765625
v 1286.27685546875 13341.912109375 1080.6748046875
v 1319.95849609375 13228.8076171875 1046.99267578125
v 1319.82080078125 12985.9833984375 1047.13134765625
v 1319.95849609375 13228.8076171875 1046.99267578125
v 1331.39892578125 13107.4072265625 1035.5517578125
v 754.55126953125 12775.1103515625 1612.400390625
v 591.31298828125 12775.1103515625 1449.16259765625
v 537.6854858398438 12872.2080078125 1502.7900390625
v 754.55126953125 12775.1103515625 1612.400390625
v 537.6854858398438 12872.2080078125 1502.7900390625
v 700.923828125 12872.2080078125 1666.02783203125
v 700.923828125 12872.2080078125 1666.02783203125
v 537.6854858398438 12872.2080078125 1502.7900390625
v 504.00439453125 12985.3134765625 1536.4716796875
v 700.923828125 12872.2080078125 1666.02783203125
v 504.00439453125 12985.3134765625 1536.4716796875
v 667.24267578125 12985.3134765625 1699.70947265625
v 667.24267578125 12985.3134765625 1699.70947265625
v 504.00439453125 12985.3134765625 1536.4716796875
v 492.5625 13106.7138671875 1547.9130859375
v 667.24267578125 12985.3134765625 1699.70947265625
v 492.5625 13106.7138671875 1547.9130859375
v 655.80078125 13106.7138671875 1711.15087890625
v 655.80078125 13106.7138671875 1711.15087890625
v 492.5625 13106.7138671875 1547.9130859375
v 504.14111328125 13228.138671875 1536.33447265625
v 655.80078125 13106.7138671875 1711.15087890625
v 504.14111328125 13228.138671875 1536.33447265625
v 667.37939453125 13228.138671875 1699.572265625
v 667.37939453125 13228.138671875 1699.572265625
v 504.14111328125 13228.138671875 1536.33447265625
v 537.9520874023438 13341.3115234375 1502.5234375
v 667.37939453125 13228.138671875 1699.572265625
v 537.9520874023438 13341.3115234375 1502.5234375
v 701.1904296875 13341.3115234375 1665.76171875
v 742.67578125 12653.8515625 1297.80029296875
v 661.2313842773438 12700.630859375 1379.244140625
v 824.4697265625 12700.630859375 1542.48193359375
v 742.67578125 12653.8515625 1297.80029296875
v 824.4697265625 12700.630859375 1542.48193359375
v 905.9141235351562 12653.8515625 1461.0380859375
v 701.1904296875 13341.3115234375 1665.76171875
v 537.9520874023438 13341.3115234375 1502.5234375
v 591.6904296875 13438.5224609375 1448.78515625
v 701.1904296875 13341.3115234375 1665.76171875
v 591.6904296875 13438.5224609375 1448.78515625
v 754.9287109375 13438.5224609375 1612.02294921875
v 754.9287109375 13438.5224609375 1612.02294921875
v 591.6904296875 13438.5224609375 1448.78515625
v 661.69287109375 13513.142578125 1378.7822265625
v 754.9287109375 13438.5224609375 1612.02294921875
v 661.69287109375 13513.142578125 1378.7822265625
v 824.9312133789062 13513.142578125 1542.02001953125
v 824.9312133789062 13513.142578125 1542.02001953125
v 661.69287109375 13513.142578125 1378.7822265625
v 743.19091796875 13560.0908203125 1297.28466796875
v 824.9312133789062 13513.142578125 1542.02001953125
v 743.19091796875 13560.0908203125 1297.28466796875
v 906.42919921875 13560.0908203125 1460.5224609375
v 906.42919921875 13560.0908203125 1460.5224609375
v 743.19091796875 13560.0908203125 1297.28466796875
v 830.62890625 13576.1650390625 1209.8466796875
v 906.42919921875 13560.0908203125 1460.5224609375
v 830.62890625 13576.1650390625 1209.8466796875
v 993.8671875 13576.1650390625 1373.08447265625
v 993.8671875 13576.1650390625 1373.08447265625
v 830.62890625 13576.1650390625 1209.8466796875
v 918.0482788085938 13560.26953125 1122.4267578125
v 993.8671875 13576.1650390625 1373.08447265625
v 918.0482788085938 13560.26953125 1122.4267578125
v 1081.2861328125 13560.26953125 1285.66455078125
v 1081.2861328125 13560.26953125 1285.66455078125
v 918.0482788085938 13560.26953125 1122.4267578125
v 999.4932250976562 13513.490234375 1040.982421875
v 1081.2861328125 13560.26953125 1285.66455078125
v 999.4932250976562 13513.490234375 1040.982421875
v 1162.73095703125 13513.490234375 1204.22021484375
v 1162.73095703125 13513.490234375 1204.22021484375
v 999.4932250976562 13513.490234375 1040.982421875
v 1069.41162109375 13439.0126953125 971.0640258789062
v 1162.73095703125 13513.490234375 1204.22021484375
v 1069.41162109375 13439.0126953125 971.0640258789062
v 1232.64892578125 13439.0126953125 1134.3017578125
v 1123.03955078125 13341.912109375 917.43701171875
v 1286.27685546875 13341.912109375 1080.6748046875
v 1232.64892578125 13439.0126953125 1134.3017578125
v 1123.03955078125 13341.912109375 917.43701171875
v 1232.64892578125 13439.0126953125 1134.3017578125
v 1069.41162109375 13439.0126953125 971.0640258789062
v 1156.72119140625 13228.8076171875 883.7548828125
v 1319.95849609375 13228.8076171875 1046.99267578125
v 1286.27685546875 13341.912109375 1080.6748046875
v 1156.72119140625 13228.8076171875 883.7548828125
v 1286.27685546875 13341.912109375 1080.6748046875
v 1123.03955078125 13341.912109375 917.43701171875
v 1168.16162109375 13107.4072265625 872.3140258789062
v 1331.39892578125 13107.4072265625 1035.5517578125
v 1319.95849609375 13228.8076171875 1046.99267578125
v 1168.16162109375 13107.4072265625 872.3140258789062
v 1319.95849609375 13228.8076171875 1046.99267578125
v 1156.72119140625 13228.8076171875 883.7548828125
v 1156.58251953125 12985.9833984375 883.8936157226562
v 1319.82080078125 12985.9833984375 1047.13134765625
v 1331.39892578125 13107.4072265625 1035.5517578125
v 1156.58251953125 12985.9833984375 883.8936157226562
v 1331.39892578125 13107.4072265625 1035.5517578125
v 1168.16162109375 13107.4072265625 872.3140258789062
v 1122.771484375 12872.80859375 917.7041015625
v 1286.009765625 12872.80859375 1080.94189453125
v 1319.82080078125 12985.9833984375 1047.13134765625
v 1122.771484375 12872.80859375 917.7041015625
v 1319.82080078125 12985.9833984375 1047.13134765625
v 1156.58251953125 12985.9833984375 883.8936157226562
v 1069.03369140625 12775.6005859375 971.44189453125
v 1232.27197265625 12775.6005859375 1134.6796875
v 1286.009765625 12872.80859375 1080.94189453125
v 1069.03369140625 12775.6005859375 971.44189453125
v 1286.009765625 12872.80859375 1080.94189453125
v 1122.771484375 12872.80859375 917.7041015625
v 1069.03369140625 12775.6005859375 971.44189453125
v 999.0313110351562 12700.9775390625 1041.4443359375
v 1162.26904296875 12700.9775390625 1204.68212890625
v 1069.03369140625 12775.6005859375 971.44189453125
v 1162.26904296875 12700.9775390625 1204.68212890625
v 1232.27197265625 12775.6005859375 1134.6796875
v 999.0313110351562 12700.9775390625 1041.4443359375
v 917.533203125 12654.0302734375 1122.94189453125
v 1080.77099609375 12654.0302734375 1286.1796875
v 999.0313110351562 12700.9775390625 1041.4443359375
v 1080.77099609375 12654.0302734375 1286.1796875
v 1162.26904296875 12700.9775390625 1204.68212890625
v 917.533203125 12654.0302734375 1122.94189453125
v 830.0947265625 12637.95703125 1210.38134765625
v 993.3330078125 12637.95703125 1373.619140625
v 917.533203125 12654.0302734375 1122.94189453125
v 993.3330078125 12637.95703125 1373.619140625
v 1080.77099609375 12654.0302734375 1286.1796875
v 830.0947265625 12637.95703125 1210.38134765625
v 742.67578125 12653.8515625 1297.80029296875
v 905.9141235351562 12653.8515625 1461.0380859375
v 830.0947265625 12637.95703125 1210.38134765625
v 905.9141235351562 12653.8515625 1461.0380859375
v 993.3330078125 12637.95703125 1373.619140625
v 591.0977172851562 12653.8515625 1146.22216796875
v 509.6532897949219 12700.630859375 1227.666015625
v 661.2313842773438 12700.630859375 1379.244140625
v 591.0977172851562 12653.8515625 1146.22216796875
v 661.2313842773438 12700.630859375 1379.244140625
v 742.67578125 12653.8515625 1297.80029296875
v 678.5166015625 12637.95703125 1058.80322265625
v 591.0977172851562 12653.8515625 1146.22216796875
v 742.67578125 12653.8515625 1297.80029296875
v 678.5166015625 12637.95703125 1058.80322265625
v 742.67578125 12653.8515625 1297.80029296875
v 830.0947265625 12637.95703125 1210.38134765625
v 765.955078125 12654.0302734375 971.36376953125
v 678.5166015625 12637.95703125 1058.80322265625
v 830.0947265625 12637.95703125 1210.38134765625
v 765.955078125 12654.0302734375 971.36376953125
v 830.0947265625 12637.95703125 1210.38134765625
v 917.533203125 12654.0302734375 1122.94189453125
v 847.453125 12700.9775390625 889.8662109375
v 765.955078125 12654.0302734375 971.36376953125
v 917.533203125 12654.0302734375 1122.94189453125
v 847.453125 12700.9775390625 889.8662109375
v 917.533203125 12654.0302734375 1122.94189453125
v 999.0313110351562 12700.9775390625 1041.4443359375
v 917.4556274414062 12775.6005859375 819.86376953125
v 847.453125 12700.9775390625 889.8662109375
v 999.0313110351562 12700.9775390625 1041.4443359375
v 917.4556274414062 12775.6005859375 819.86376953125
v 999.0313110351562 12700.9775390625 1041.4443359375
v 1069.03369140625 12775.6005859375 971.44189453125
v 917.4556274414062 12775.6005859375 819.86376953125
v 1069.03369140625 12775.6005859375 971.44189453125
v 1122.771484375 12872.80859375 917.7041015625
v 917.4556274414062 12775.6005859375 819.86376953125
v 1122.771484375 12872.80859375 917.7041015625
v 971.1934204101562 12872.80859375 766.1259765625
v 971.1934204101562 12872.80859375 766.1259765625
v 1122.771484375 12872.80859375 917.7041015625
v 1156.58251953125 12985.9833984375 883.8936157226562
v 971.1934204101562 12872.80859375 766.1259765625
v 1156.58251953125 12985.9833984375 883.8936157226562
v 1005.00439453125 12985.9833984375 732.3154296875
v 1005.00439453125 12985.9833984375 732.3154296875
v 1156.58251953125 12985.9833984375 883.8936157226562
v 1168.16162109375 13107.4072265625 872.3140258789062
v 1005.00439453125 12985.9833984375 732.3154296875
v 1168.16162109375 13107.4072265625 872.3140258789062
v 1016.5830078125 13107.4072265625 720.7357788085938
v 1016.5830078125 13107.4072265625 720.7357788085938
v 1168.16162109375 13107.4072265625 872.3140258789062
v 1156.72119140625 13228.8076171875 883.7548828125
v 1016.5830078125 13107.4072265625 720.7357788085938
v 1156.72119140625 13228.8076171875 883.7548828125
v 1005.14208984375 13228.8076171875 732.1768188476562
v 1005.14208984375 13228.8076171875 732.1768188476562
v 1156.72119140625 13228.8076171875 883.7548828125
v 1123.03955078125 13341.912109375 917.43701171875
v 1005.14208984375 13228.8076171875 732.1768188476562
v 1123.03955078125 13341.912109375 917.43701171875
v 971.4608764648438 13341.912109375 765.85888671875
v 971.4608764648438 13341.912109375 765.85888671875
v 1123.03955078125 13341.912109375 917.43701171875
v 1069.41162109375 13439.0126953125 971.0640258789062
v 971.4608764648438 13341.912109375 765.85888671875
v 1069.41162109375 13439.0126953125 971.0640258789062
v 917.8330078125 13439.0126953125 819.4857788085938
v 999.4932250976562 13513.490234375 1040.982421875
v 847.9149780273438 13513.490234375 889.404296875
v 917.8330078125 13439.0126953125 819.4857788085938
v 999.4932250976562 13513.490234375 1040.982421875
v 917.8330078125 13439.0126953125 819.4857788085938
v 1069.41162109375 13439.0126953125 971.0640258789062
v 918.0482788085938 13560.26953125 1122.4267578125
v 766.47021484375 13560.26953125 970.8485717773438
v 847.9149780273438 13513.490234375 889.404296875
v 918.0482788085938 13560.26953125 1122.4267578125
v 847.9149780273438 13513.490234375 889.404296875
v 999.4932250976562 13513.490234375 1040.982421875
v 830.62890625 13576.1650390625 1209.8466796875
v 679.05078125 13576.1650390625 1058.2685546875
v 766.47021484375 13560.26953125 970.8485717773438
v 830.62890625 13576.1650390625 1209.8466796875
v 766.47021484375 13560.26953125 970.8485717773438
v 918.0482788085938 13560.26953125 1122.4267578125
v 743.19091796875 13560.0908203125 1297.28466796875
v 591.61279296875 13560.0908203125 1145.70654296875
v 679.05078125 13576.1650390625 1058.2685546875
v 743.19091796875 13560.0908203125 1297.28466796875
v 679.05078125 13576.1650390625 1058.2685546875
v 830.62890625 13576.1650390625 1209.8466796875
v 661.69287109375 13513.142578125 1378.7822265625
v 510.11468505859375 13513.142578125 1227.2041015625
v 591.61279296875 13560.0908203125 1145.70654296875
v 661.69287109375 13513.142578125 1378.7822265625
v 591.61279296875 13560.0908203125 1145.70654296875
v 743.19091796875 13560.0908203125 1297.28466796875
v 591.6904296875 13438.5224609375 1448.78515625
v 440.1123046875 13438.5224609375 1297.20703125
v 510.11468505859375 13513.142578125 1227.2041015625
v 591.6904296875 13438.5224609375 1448.78515625
v 510.11468505859375 13513.142578125 1227.2041015625
v 661.69287109375 13513.142578125 1378.7822265625
v 537.9520874023438 13341.3115234375 1502.5234375
v 386.3739929199219 13341.3115234375 1350.9453125
v 440.1123046875 13438.5224609375 1297.20703125
v 537.9520874023438 13341.3115234375 1502.5234375
v 440.1123046875 13438.5224609375 1297.20703125
v 591.6904296875 13438.5224609375 1448.78515625
v 504.14111328125 13228.138671875 1536.33447265625
v 352.56298828125 13228.138671875 1384.75634765625
v 386.3739929199219 13341.3115234375 1350.9453125
v 504.14111328125 13228.138671875 1536.33447265625
v 386.3739929199219 13341.3115234375 1350.9453125
v 537.9520874023438 13341.3115234375 1502.5234375
v 492.5625 13106.7138671875 1547.9130859375
v 340.9844055175781 13106.7138671875 1396.3349609375
v 352.56298828125 13228.138671875 1384.75634765625
v 492.5625 13106.7138671875 1547.9130859375
v 352.56298828125 13228.138671875 1384.75634765625
v 504.14111328125 13228.138671875 1536.33447265625
v 504.00439453125 12985.3134765625 1536.4716796875
v 352.4263000488281 12985.3134765625 1384.8935546875
v 340.9844055175781 13106.7138671875 1396.3349609375
v 504.00439453125 12985.3134765625 1536.4716796875
v 340.9844055175781 13106.7138671875 1396.3349609375
v 492.5625 13106.7138671875 1547.9130859375
v 537.6854858398438 12872.2080078125 1502.7900390625
v 386.1073913574219 12872.2080078125 1351.2119140625
v 352.4263000488281 12985.3134765625 1384.8935546875
v 537.6854858398438 12872.2080078125 1502.7900390625
v 352.4263000488281 12985.3134765625 1384.8935546875
v 504.00439453125 12985.3134765625 1536.4716796875
v 591.31298828125 12775.1103515625 1449.16259765625
v 439.7348937988281 12775.1103515625 1297.58447265625
v 386.1073913574219 12872.2080078125 1351.2119140625
v 591.31298828125 12775.1103515625 1449.16259765625
v 386.1073913574219 12872.2080078125 1351.2119140625
v 537.6854858398438 12872.2080078125 1502.7900390625
v 509.6532897949219 12700.630859375 1227.666015625
v 439.7348937988281 12775.1103515625 1297.58447265625
v 591.31298828125 12775.1103515625 1449.16259765625
v 509.6532897949219 12700.630859375 1227.666015625
v 591.31298828125 12775.1103515625 1449.16259765625
v 661.2313842773438 12700.630859375 1379.244140625
v -6216.37109375 265.2200012207031 8297.658203125
v -6335.884765625 265.2200012207031 8178.14501953125
v -5380.859375 2124.162109375 7223.119140625
v -6216.37109375 265.2200012207031 8297.658203125
v -5380.859375 2124.162109375 7223.119140625
v 829.12841796875 13979.173828125 1252.1572265625
v 829.12841796875 13979.173828125 1252.1572265625
v -5380.859375 2124.162109375 7223.119140625
v -5254.5361328125 2370.0478515625 7096.79638671875
v 829.12841796875 13979.173828125 1252.1572265625
v -5254.5361328125 2370.0478515625 7096.79638671875
v 709.6146850585938 13979.173828125 1132.6435546875
v -5353.109375 2007.2630615234375 7014.6416015625
v -5380.859375 2124.162109375 7223.119140625
v -5254.5361328125 2370.0478515625 7096.79638671875
v -5353.109375 2007.2630615234375 7014.6416015625
v -5254.5361328125 2370.0478515625 7096.79638671875
v -5226.7861328125 2253.148681640625 6888.318359375
v -5864.771484375 620.1220703125 7707.03173828125
v -6335.884765625 265.2200012207031 8178.14501953125
v -5380.859375 2124.162109375 7223.119140625
v -5864.771484375 620.1220703125 7707.03173828125
v -5380.859375 2124.162109375 7223.119140625
v -5189.41748046875 1934.68896484375 7031.67724609375
v -5189.41748046875 1934.68896484375 7031.67724609375
v -5380.859375 2124.162109375 7223.119140625
v -5254.5361328125 2370.0478515625 7096.79638671875
v -5189.41748046875 1934.68896484375 7031.67724609375
v -5254.5361328125 2370.0478515625 7096.79638671875
v 709.6146850585938 13979.173828125 1132.6435546875
v -5063.09423828125 2180.574462890625 6905.3544921875
v -5189.41748046875 1934.68896484375 7031.67724609375
v 709.6146850585938 13979.173828125 1132.6435546875
v -5063.09423828125 2180.574462890625 6905.3544921875
v 709.6146850585938 13979.173828125 1132.6435546875
v 725.96337890625 13448.884765625 1116.29443359375
v 725.96337890625 13448.884765625 1116.29443359375
v 709.6146850585938 13979.173828125 1132.6435546875
v 8592.732421875 1150.085693359375 -6750.4755859375
v 725.96337890625 13448.884765625 1116.29443359375
v 8592.732421875 1150.085693359375 -6750.4755859375
v 8100.25048828125 1447.87255859375 -6257.994140625
v -5864.771484375 620.1220703125 7707.03173828125
v 8100.25048828125 1447.87255859375 -6257.994140625
v 8592.732421875 1150.085693359375 -6750.4755859375
v -5864.771484375 620.1220703125 7707.03173828125
v 8592.732421875 1150.085693359375 -6750.4755859375
v -6335.884765625 265.2200012207031 8178.14501953125
v 504.00439453125 12985.3134765625 1536.4716796875
v 492.5625 13106.7138671875 1547.9130859375
v 477.7904968261719 11284.794921875 1562.68505859375
v 504.00439453125 12985.3134765625 1536.4716796875
v 477.7904968261719 11284.794921875 1562.68505859375
v 829.2891235351562 11220.884765625 1211.1865234375
v 537.6854858398438 12872.2080078125 1502.7900390625
v 504.00439453125 12985.3134765625 1536.4716796875
v 829.2891235351562 11220.884765625 1211.1865234375
v 537.6854858398438 12872.2080078125 1502.7900390625
v 829.2891235351562 11220.884765625 1211.1865234375
v 591.31298828125 12775.1103515625 1449.16259765625
v 661.2313842773438 12700.630859375 1379.244140625
v 591.31298828125 12775.1103515625 1449.16259765625
v 829.2891235351562 11220.884765625 1211.1865234375
v 661.2313842773438 12700.630859375 1379.244140625
v 829.2891235351562 11220.884765625 1211.1865234375
v 742.67578125 12653.8515625 1297.80029296875
v 830.0947265625 12637.95703125 1210.38134765625
v 742.67578125 12653.8515625 1297.80029296875
v 829.2891235351562 11220.884765625 1211.1865234375
v 830.0947265625 12637.95703125 1210.38134765625
v 829.2891235351562 11220.884765625 1211.1865234375
v 1180.861328125 11285.515625 859.6143188476562
v 917.533203125 12654.0302734375 1122.94189453125
v 830.0947265625 12637.95703125 1210.38134765625
v 1180.861328125 11285.515625 859.6143188476562
v 917.533203125 12654.0302734375 1122.94189453125
v 1180.861328125 11285.515625 859.6143188476562
v 999.0313110351562 12700.9775390625 1041.4443359375
v 1069.03369140625 12775.6005859375 971.44189453125
v 999.0313110351562 12700.9775390625 1041.4443359375
v 1180.861328125 11285.515625 859.6143188476562
v 1069.03369140625 12775.6005859375 971.44189453125
v 1180.861328125 11285.515625 859.6143188476562
v 1122.771484375 12872.80859375 917.7041015625
v 1156.58251953125 12985.9833984375 883.8936157226562
v 1122.771484375 12872.80859375 917.7041015625
v 1180.861328125 11285.515625 859.6143188476562
v 1156.58251953125 12985.9833984375 883.8936157226562
v 1180.861328125 11285.515625 859.6143188476562
v 1508.54638671875 11474.2802734375 531.9296875
v 1168.16162109375 13107.4072265625 872.3140258789062
v 1156.58251953125 12985.9833984375 883.8936157226562
v 1508.54638671875 11474.2802734375 531.9296875
v 1168.16162109375 13107.4072265625 872.3140258789062
v 1508.54638671875 11474.2802734375 531.9296875
v 1182.93310546875 14929.328125 857.5430297851562
v 1510.40576171875 14741.2333984375 530.06982421875
v 1182.93310546875 14929.328125 857.5430297851562
v 1508.54638671875 11474.2802734375 531.9296875
v 1510.40576171875 14741.2333984375 530.06982421875
v 1508.54638671875 11474.2802734375 531.9296875
v 1790.01513671875 11774.318359375 250.4600067138672
v 1791.53173828125 14441.7744140625 248.9434051513672
v 1510.40576171875 14741.2333984375 530.06982421875
v 1790.01513671875 11774.318359375 250.4600067138672
v 1791.53173828125 14441.7744140625 248.9434051513672
v 1790.01513671875 11774.318359375 250.4600067138672
v 2006.08447265625 12165.1796875 34.39059829711914
v 2007.15771484375 14051.35546875 33.31740188598633
v 1791.53173828125 14441.7744140625 248.9434051513672
v 2006.08447265625 12165.1796875 34.39059829711914
v 2007.15771484375 14051.35546875 33.31740188598633
v 2006.08447265625 12165.1796875 34.39059829711914
v 2142.03076171875 12620.228515625 -101.55570220947266
v 2142.58642578125 13596.5849609375 -102.11129760742188
v 2007.15771484375 14051.35546875 33.31740188598633
v 2142.03076171875 12620.228515625 -101.55570220947266
v 2142.58642578125 13596.5849609375 -102.11129760742188
v 2142.03076171875 12620.228515625 -101.55570220947266
v 2188.59033203125 13108.453125 -148.11520385742188
v 1156.72119140625 13228.8076171875 883.7548828125
v 1168.16162109375 13107.4072265625 872.3140258789062
v 1182.93310546875 14929.328125 857.5430297851562
v 1156.72119140625 13228.8076171875 883.7548828125
v 1182.93310546875 14929.328125 857.5430297851562
v 1123.03955078125 13341.912109375 917.43701171875
v 1069.41162109375 13439.0126953125 971.0640258789062
v 1123.03955078125 13341.912109375 917.43701171875
v 1182.93310546875 14929.328125 857.5430297851562
v 1069.41162109375 13439.0126953125 971.0640258789062
v 1182.93310546875 14929.328125 857.5430297851562
v 999.4932250976562 13513.490234375 1040.982421875
v 918.0482788085938 13560.26953125 1122.4267578125
v 999.4932250976562 13513.490234375 1040.982421875
v 1182.93310546875 14929.328125 857.5430297851562
v 918.0482788085938 13560.26953125 1122.4267578125
v 1182.93310546875 14929.328125 857.5430297851562
v 831.4351196289062 14993.2373046875 1209.04052734375
v 830.62890625 13576.1650390625 1209.8466796875
v 918.0482788085938 13560.26953125 1122.4267578125
v 831.4351196289062 14993.2373046875 1209.04052734375
v 830.62890625 13576.1650390625 1209.8466796875
v 831.4351196289062 14993.2373046875 1209.04052734375
v 743.19091796875 13560.0908203125 1297.28466796875
v 661.69287109375 13513.142578125 1378.7822265625
v 743.19091796875 13560.0908203125 1297.28466796875
v 831.4351196289062 14993.2373046875 1209.04052734375
v 661.69287109375 13513.142578125 1378.7822265625
v 831.4351196289062 14993.2373046875 1209.04052734375
v 591.6904296875 13438.5224609375 1448.78515625
v 537.9520874023438 13341.3115234375 1502.5234375
v 591.6904296875 13438.5224609375 1448.78515625
v 831.4351196289062 14993.2373046875 1209.04052734375
v 537.9520874023438 13341.3115234375 1502.5234375
v 831.4351196289062 14993.2373046875 1209.04052734375
v 479.8633117675781 14928.6064453125 1560.6123046875
v 504.14111328125 13228.138671875 1536.33447265625
v 537.9520874023438 13341.3115234375 1502.5234375
v 479.8633117675781 14928.6064453125 1560.6123046875
v 504.14111328125 13228.138671875 1536.33447265625
v 479.8633117675781 14928.6064453125 1560.6123046875
v 492.5625 13106.7138671875 1547.9130859375
v 477.7904968261719 11284.794921875 1562.68505859375
v 492.5625 13106.7138671875 1547.9130859375
v 479.8633117675781 14928.6064453125 1560.6123046875
v 477.7904968261719 11284.794921875 1562.68505859375
v 479.8633117675781 14928.6064453125 1560.6123046875
v 152.17770385742188 14739.8408203125 1888.29833984375
v 150.3188018798828 11472.888671875 1890.15673828125
v 477.7904968261719 11284.794921875 1562.68505859375
v 152.17770385742188 14739.8408203125 1888.29833984375
v 150.3188018798828 11472.888671875 1890.15673828125
v 152.17770385742188 14739.8408203125 1888.29833984375
v -129.29100036621094 14439.802734375 2169.76708984375
v -130.80859375 11772.34765625 2171.28466796875
v 150.3188018798828 11472.888671875 1890.15673828125
v -129.29100036621094 14439.802734375 2169.76708984375
v -130.80859375 11772.34765625 2171.28466796875
v -129.29100036621094 14439.802734375 2169.76708984375
v -345.3608093261719 14048.943359375 2385.8369140625
v -346.4341125488281 12162.7666015625 2386.90966796875
v -130.80859375 11772.34765625 2171.28466796875
v -345.3608093261719 14048.943359375 2385.8369140625
v -346.4341125488281 12162.7666015625 2386.90966796875
v -345.3608093261719 14048.943359375 2385.8369140625
v -481.3070983886719 13593.8935546875 2521.783203125
v -481.86279296875 12617.537109375 2522.3388671875
v -346.4341125488281 12162.7666015625 2386.90966796875
v -481.3070983886719 13593.8935546875 2521.783203125
v -481.86279296875 12617.537109375 2522.3388671875
v -481.3070983886719 13593.8935546875 2521.783203125
v -527.8651733398438 13105.66796875 2568.341796875
v -633.44091796875 12617.537109375 2370.7607421875
v -679.4434204101562 13105.66796875 2416.763671875
v -632.8853149414062 13593.8935546875 2370.205078125
v -633.44091796875 12617.537109375 2370.7607421875
v -632.8853149414062 13593.8935546875 2370.205078125
v -498.01220703125 12162.7666015625 2235.33154296875
v -498.01220703125 12162.7666015625 2235.33154296875
v -632.8853149414062 13593.8935546875 2370.205078125
v -496.9389953613281 14048.943359375 2234.2587890625
v -498.01220703125 12162.7666015625 2235.33154296875
v -496.9389953613281 14048.943359375 2234.2587890625
v -282.3866882324219 11772.34765625 2019.70654296875
v -282.3866882324219 11772.34765625 2019.70654296875
v -496.9389953613281 14048.943359375 2234.2587890625
v -280.8691101074219 14439.802734375 2018.18896484375
v -282.3866882324219 11772.34765625 2019.70654296875
v -280.8691101074219 14439.802734375 2018.18896484375
v -1.2592999935150146 11472.888671875 1738.57861328125
v -1.2592999935150146 11472.888671875 1738.57861328125
v -280.8691101074219 14439.802734375 2018.18896484375
v 0.5996000170707703 14739.8408203125 1736.72021484375
v -1.2592999935150146 11472.888671875 1738.57861328125
v 0.5996000170707703 14739.8408203125 1736.72021484375
v 326.21240234375 11284.794921875 1411.10693359375
v 326.21240234375 11284.794921875 1411.10693359375
v 0.5996000170707703 14739.8408203125 1736.72021484375
v 328.2851867675781 14928.6064453125 1409.0341796875
v 326.21240234375 11284.794921875 1411.10693359375
v 328.2851867675781 14928.6064453125 1409.0341796875
v 340.9844055175781 13106.7138671875 1396.3349609375
v 352.56298828125 13228.138671875 1384.75634765625
v 340.9844055175781 13106.7138671875 1396.3349609375
v 328.2851867675781 14928.6064453125 1409.0341796875
v 352.56298828125 13228.138671875 1384.75634765625
v 328.2851867675781 14928.6064453125 1409.0341796875
v 386.3739929199219 13341.3115234375 1350.9453125
v 386.3739929199219 13341.3115234375 1350.9453125
v 328.2851867675781 14928.6064453125 1409.0341796875
v 679.8568725585938 14993.2373046875 1057.46240234375
v 386.3739929199219 13341.3115234375 1350.9453125
v 679.8568725585938 14993.2373046875 1057.46240234375
v 440.1123046875 13438.5224609375 1297.20703125
v 510.11468505859375 13513.142578125 1227.2041015625
v 440.1123046875 13438.5224609375 1297.20703125
v 679.8568725585938 14993.2373046875 1057.46240234375
v 510.11468505859375 13513.142578125 1227.2041015625
v 679.8568725585938 14993.2373046875 1057.46240234375
v 591.61279296875 13560.0908203125 1145.70654296875
v 679.05078125 13576.1650390625 1058.2685546875
v 591.61279296875 13560.0908203125 1145.70654296875
v 679.8568725585938 14993.2373046875 1057.46240234375
v 679.05078125 13576.1650390625 1058.2685546875
v 679.8568725585938 14993.2373046875 1057.46240234375
v 766.47021484375 13560.26953125 970.8485717773438
v 766.47021484375 13560.26953125 970.8485717773438
v 679.8568725585938 14993.2373046875 1057.46240234375
v 1031.35498046875 14929.328125 705.9647827148438
v 766.47021484375 13560.26953125 970.8485717773438
v 1031.35498046875 14929.328125 705.9647827148438
v 847.9149780273438 13513.490234375 889.404296875
v 917.8330078125 13439.0126953125 819.4857788085938
v 847.9149780273438 13513.490234375 889.404296875
v 1031.35498046875 14929.328125 705.9647827148438
v 917.8330078125 13439.0126953125 819.4857788085938
v 1031.35498046875 14929.328125 705.9647827148438
v 971.4608764648438 13341.912109375 765.85888671875
v 1005.14208984375 13228.8076171875 732.1768188476562
v 971.4608764648438 13341.912109375 765.85888671875
v 1031.35498046875 14929.328125 705.9647827148438
v 1005.14208984375 13228.8076171875 732.1768188476562
v 1031.35498046875 14929.328125 705.9647827148438
v 1016.5830078125 13107.4072265625 720.7357788085938
v 1016.5830078125 13107.4072265625 720.7357788085938
v 1031.35498046875 14929.328125 705.9647827148438
v 1356.96826171875 11474.2802734375 380.3515930175781
v 1016.5830078125 13107.4072265625 720.7357788085938
v 1356.96826171875 11474.2802734375 380.3515930175781
v 1005.00439453125 12985.9833984375 732.3154296875
v 1005.00439453125 12985.9833984375 732.3154296875
v 1356.96826171875 11474.2802734375 380.3515930175781
v 1029.28271484375 11285.515625 708.0360717773438
v 1005.00439453125 12985.9833984375 732.3154296875
v 1029.28271484375 11285.515625 708.0360717773438
v 971.1934204101562 12872.80859375 766.1259765625
v 917.4556274414062 12775.6005859375 819.86376953125
v 971.1934204101562 12872.80859375 766.1259765625
v 1029.28271484375 11285.515625 708.0360717773438
v 917.4556274414062 12775.6005859375 819.86376953125
v 1029.28271484375 11285.515625 708.0360717773438
v 847.453125 12700.9775390625 889.8662109375
v 765.955078125 12654.0302734375 971.36376953125
v 847.453125 12700.9775390625 889.8662109375
v 1029.28271484375 11285.515625 708.0360717773438
v 765.955078125 12654.0302734375 971.36376953125
v 1029.28271484375 11285.515625 708.0360717773438
v 678.5166015625 12637.95703125 1058.80322265625
v 678.5166015625 12637.95703125 1058.80322265625
v 1029.28271484375 11285.515625 708.0360717773438
v 677.7108764648438 11220.884765625 1059.6083984375
v 678.5166015625 12637.95703125 1058.80322265625
v 677.7108764648438 11220.884765625 1059.6083984375
v 591.0977172851562 12653.8515625 1146.22216796875
v 509.6532897949219 12700.630859375 1227.666015625
v 591.0977172851562 12653.8515625 1146.22216796875
v 677.7108764648438 11220.884765625 1059.6083984375
v 509.6532897949219 12700.630859375 1227.666015625
v 677.7108764648438 11220.884765625 1059.6083984375
v 439.7348937988281 12775.1103515625 1297.58447265625
v 386.1073913574219 12872.2080078125 1351.2119140625
v 439.7348937988281 12775.1103515625 1297.58447265625
v 677.7108764648438 11220.884765625 1059.6083984375
v 386.1073913574219 12872.2080078125 1351.2119140625
v 677.7108764648438 11220.884765625 1059.6083984375
v 352.4263000488281 12985.3134765625 1384.8935546875
v 352.4263000488281 12985.3134765625 1384.8935546875
v 677.7108764648438 11220.884765625 1059.6083984375
v 326.21240234375 11284.794921875 1411.10693359375
v 352.4263000488281 12985.3134765625 1384.8935546875
v 326.21240234375 11284.794921875 1411.10693359375
v 340.9844055175781 13106.7138671875 1396.3349609375
v 1356.96826171875 11474.2802734375 380.3515930175781
v 1031.35498046875 14929.328125 705.9647827148438
v 1358.8271484375 14741.2333984375 378.49169921875
v 1356.96826171875 11474.2802734375 380.3515930175781
v 1358.8271484375 14741.2333984375 378.49169921875
v 1638.43701171875 11774.318359375 98.88179779052734
v 1638.43701171875 11774.318359375 98.88179779052734
v 1358.8271484375 14741.2333984375 378.49169921875
v 1639.95361328125 14441.7744140625 97.36519622802734
v 1638.43701171875 11774.318359375 98.88179779052734
v 1639.95361328125 14441.7744140625 97.36519622802734
v 1854.50634765625 12165.1796875 -117.1875
v 1854.50634765625 12165.1796875 -117.1875
v 1639.95361328125 14441.7744140625 97.36519622802734
v 1855.57958984375 14051.35546875 -118.26069641113281
v 1854.50634765625 12165.1796875 -117.1875
v 1855.57958984375 14051.35546875 -118.26069641113281
v 1990.45263671875 12620.228515625 -253.13380432128906
v 1990.45263671875 12620.228515625 -253.13380432128906
v 1855.57958984375 14051.35546875 -118.26069641113281
v 1991.00830078125 13596.5849609375 -253.6894989013672
v 1990.45263671875 12620.228515625 -253.13380432128906
v 1991.00830078125 13596.5849609375 -253.6894989013672
v 2037.01220703125 13108.453125 -299.6933898925781
v 829.2891235351562 11220.884765625 1211.1865234375
v 677.7108764648438 11220.884765625 1059.6083984375
v 1029.28271484375 11285.515625 708.0360717773438
v 829.2891235351562 11220.884765625 1211.1865234375
v 1029.28271484375 11285.515625 708.0360717773438
v 1180.861328125 11285.515625 859.6143188476562
v 477.7904968261719 11284.794921875 1562.68505859375
v 326.21240234375 11284.794921875 1411.10693359375
v 677.7108764648438 11220.884765625 1059.6083984375
v 477.7904968261719 11284.794921875 1562.68505859375
v 677.7108764648438 11220.884765625 1059.6083984375
v 829.2891235351562 11220.884765625 1211.1865234375
v 150.3188018798828 11472.888671875 1890.15673828125
v -1.2592999935150146 11472.888671875 1738.57861328125
v 326.21240234375 11284.794921875 1411.10693359375
v 150.3188018798828 11472.888671875 1890.15673828125
v 326.21240234375 11284.794921875 1411.10693359375
v 477.7904968261719 11284.794921875 1562.68505859375
v -130.80859375 11772.34765625 2171.28466796875
v -282.3866882324219 11772.34765625 2019.70654296875
v -1.2592999935150146 11472.888671875 1738.57861328125
v -130.80859375 11772.34765625 2171.28466796875
v -1.2592999935150146 11472.888671875 1738.57861328125
v 150.3188018798828 11472.888671875 1890.15673828125
v -282.3866882324219 11772.34765625 2019.70654296875
v -130.80859375 11772.34765625 2171.28466796875
v -346.4341125488281 12162.7666015625 2386.90966796875
v -282.3866882324219 11772.34765625 2019.70654296875
v -346.4341125488281 12162.7666015625 2386.90966796875
v -498.01220703125 12162.7666015625 2235.33154296875
v -498.01220703125 12162.7666015625 2235.33154296875
v -346.4341125488281 12162.7666015625 2386.90966796875
v -481.86279296875 12617.537109375 2522.3388671875
v -498.01220703125 12162.7666015625 2235.33154296875
v -481.86279296875 12617.537109375 2522.3388671875
v -633.44091796875 12617.537109375 2370.7607421875
v 2142.03076171875 12620.228515625 -101.55570220947266
v 1990.45263671875 12620.228515625 -253.13380432128906
v 2037.01220703125 13108.453125 -299.6933898925781
v 2142.03076171875 12620.228515625 -101.55570220947266
v 2037.01220703125 13108.453125 -299.6933898925781
v 2188.59033203125 13108.453125 -148.11520385742188
v 2006.08447265625 12165.1796875 34.39059829711914
v 1854.50634765625 12165.1796875 -117.1875
v 1990.45263671875 12620.228515625 -253.13380432128906
v 2006.08447265625 12165.1796875 34.39059829711914
v 1990.45263671875 12620.228515625 -253.13380432128906
v 2142.03076171875 12620.228515625 -101.55570220947266
v 1790.01513671875 11774.318359375 250.4600067138672
v 1638.43701171875 11774.318359375 98.88179779052734
v 1854.50634765625 12165.1796875 -117.1875
v 1790.01513671875 11774.318359375 250.4600067138672
v 1854.50634765625 12165.1796875 -117.1875
v 2006.08447265625 12165.1796875 34.39059829711914
v 1508.54638671875 11474.2802734375 531.9296875
v 1356.96826171875 11474.2802734375 380.3515930175781
v 1638.43701171875 11774.318359375 98.88179779052734
v 1508.54638671875 11474.2802734375 531.9296875
v 1638.43701171875 11774.318359375 98.88179779052734
v 1790.01513671875 11774.318359375 250.4600067138672
v 1180.861328125 11285.515625 859.6143188476562
v 1029.28271484375 11285.515625 708.0360717773438
v 1356.96826171875 11474.2802734375 380.3515930175781
v 1180.861328125 11285.515625 859.6143188476562
v 1356.96826171875 11474.2802734375 380.3515930175781
v 1508.54638671875 11474.2802734375 531.9296875
v -633.44091796875 12617.537109375 2370.7607421875
v -481.86279296875 12617.537109375 2522.3388671875
v -527.8651733398438 13105.66796875 2568.341796875
v -633.44091796875 12617.537109375 2370.7607421875
v -527.8651733398438 13105.66796875 2568.341796875
v -679.4434204101562 13105.66796875 2416.763671875
v -679.4434204101562 13105.66796875 2416.763671875
v -527.8651733398438 13105.66796875 2568.341796875
v -481.3070983886719 13593.8935546875 2521.783203125
v -679.4434204101562 13105.66796875 2416.763671875
v -481.3070983886719 13593.8935546875 2521.783203125
v -632.8853149414062 13593.8935546875 2370.205078125
v -632.8853149414062 13593.8935546875 2370.205078125
v -481.3070983886719 13593.8935546875 2521.783203125
v -345.3608093261719 14048.943359375 2385.8369140625
v -632.8853149414062 13593.8935546875 2370.205078125
v -345.3608093261719 14048.943359375 2385.8369140625
v -496.9389953613281 14048.943359375 2234.2587890625
v -496.9389953613281 14048.943359375 2234.2587890625
v -345.3608093261719 14048.943359375 2385.8369140625
v -129.29100036621094 14439.802734375 2169.76708984375
v -496.9389953613281 14048.943359375 2234.2587890625
v -129.29100036621094 14439.802734375 2169.76708984375
v -280.8691101074219 14439.802734375 2018.18896484375
v 0.5996000170707703 14739.8408203125 1736.72021484375
v -280.8691101074219 14439.802734375 2018.18896484375
v -129.29100036621094 14439.802734375 2169.76708984375
v 0.5996000170707703 14739.8408203125 1736.72021484375
v -129.29100036621094 14439.802734375 2169.76708984375
v 152.17770385742188 14739.8408203125 1888.29833984375
v 328.2851867675781 14928.6064453125 1409.0341796875
v 0.5996000170707703 14739.8408203125 1736.72021484375
v 152.17770385742188 14739.8408203125 1888.29833984375
v 328.2851867675781 14928.6064453125 1409.0341796875
v 152.17770385742188 14739.8408203125 1888.29833984375
v 479.8633117675781 14928.6064453125 1560.6123046875
v 679.8568725585938 14993.2373046875 1057.46240234375
v 328.2851867675781 14928.6064453125 1409.0341796875
v 479.8633117675781 14928.6064453125 1560.6123046875
v 679.8568725585938 14993.2373046875 1057.46240234375
v 479.8633117675781 14928.6064453125 1560.6123046875
v 831.4351196289062 14993.2373046875 1209.04052734375
v 1031.35498046875 14929.328125 705.9647827148438
v 679.8568725585938 14993.2373046875 1057.46240234375
v 831.4351196289062 14993.2373046875 1209.04052734375
v 1031.35498046875 14929.328125 705.9647827148438
v 831.4351196289062 14993.2373046875 1209.04052734375
v 1182.93310546875 14929.328125 857.5430297851562
v 1358.8271484375 14741.2333984375 378.49169921875
v 1031.35498046875 14929.328125 705.9647827148438
v 1182.93310546875 14929.328125 857.5430297851562
v 1358.8271484375 14741.2333984375 378.49169921875
v 1182.93310546875 14929.328125 857.5430297851562
v 1510.40576171875 14741.2333984375 530.06982421875
v 1639.95361328125 14441.7744140625 97.36519622802734
v 1358.8271484375 14741.2333984375 378.49169921875
v 1510.40576171875 14741.2333984375 530.06982421875
v 1639.95361328125 14441.7744140625 97.36519622802734
v 1510.40576171875 14741.2333984375 530.06982421875
v 1791.53173828125 14441.7744140625 248.9434051513672
v 2007.15771484375 14051.35546875 33.31740188598633
v 1855.57958984375 14051.35546875 -118.26069641113281
v 1639.95361328125 14441.7744140625 97.36519622802734
v 2007.15771484375 14051.35546875 33.31740188598633
v 1639.95361328125 14441.7744140625 97.36519622802734
v 1791.53173828125 14441.7744140625 248.9434051513672
v 2142.58642578125 13596.5849609375 -102.11129760742188
v 1991.00830078125 13596.5849609375 -253.6894989013672
v 1855.57958984375 14051.35546875 -118.26069641113281
v 2142.58642578125 13596.5849609375 -102.11129760742188
v 1855.57958984375 14051.35546875 -118.26069641113281
v 2007.15771484375 14051.35546875 33.31740188598633
v 2188.59033203125 13108.453125 -148.11520385742188
v 2037.01220703125 13108.453125 -299.6933898925781
v 1991.00830078125 13596.5849609375 -253.6894989013672
v 2188.59033203125 13108.453125 -148.11520385742188
v 1991.00830078125 13596.5849609375 -253.6894989013672
v 2142.58642578125 13596.5849609375 -102.11129760742188
vt 0 -164.86329650878906
vt 1.9375 -164.86329650878906
vt 1.9375 48.88529968261719
vt 0 -164.86329650878906
vt 1.9375 48.88529968261719
vt 0 48.88529968261719
vt 0 280.2607116699219
vt 0 6.586699962615967
vt 1.9375 6.586699962615967
vt 0 280.2607116699219
vt 1.9375 6.586699962615967
vt 1.9375 280.2607116699219
vt -1.9375 36.68439865112305
vt -1.9375 6.586699962615967
vt 0 6.586699962615967
vt -1.9375 36.68439865112305
vt 0 6.586699962615967
vt 0 228.6262969970703
vt -1.9375 40.66550064086914
vt -1.9375 36.68439865112305
vt 0 228.6262969970703
vt -1.9375 40.66550064086914
vt 0 228.6262969970703
vt -1.9375 228.6262969970703
vt -1.9375 225.2218017578125
vt -1.9375 12.024499893188477
vt 0 12.024499893188477
vt -1.9375 225.2218017578125
vt 0 12.024499893188477
vt 0 36.68439865112305
vt -1.9375 225.2218017578125
vt 0 36.68439865112305
vt 0 40.66550064086914
vt -1.9375 225.2218017578125
vt 0 40.66550064086914
vt 0 225.2218017578125
vt 6.586699962615967 3.2202000617980957
vt 0 0
vt 286.875 0
vt 6.586699962615967 3.2202000617980957
vt 286.875 0
vt 280.2607116699219 3.2202000617980957
vt 142.95730590820312 178.44769287109375
vt 280.2607116699219 3.2202000617980957
vt 286.875 0
vt 142.95730590820312 178.44769287109375
vt 286.875 0
vt 142.94859313964844 183.67979431152344
vt 6.586699962615967 3.2202000617980957
vt 142.95730590820312 178.44769287109375
vt 142.94859313964844 183.67979431152344
vt 6.586699962615967 3.2202000617980957
vt 142.94859313964844 183.67979431152344
vt 0 0
vt 0 0
vt 4.5 0
vt 4.5 232.75
vt 0 0
vt 4.5 232.75
vt 0 232.75
vt 0 0
vt 0 286.875
vt -4.5 286.875
vt 0 0
vt -4.5 286.875
vt -4.5 0
vt 1.9375 280.2607116699219
vt 1.9375 6.586699962615967
vt 4.5 6.586699962615967
vt 1.9375 280.2607116699219
vt 4.5 6.586699962615967
vt 4.5 280.2607116699219
vt -4.5 -176.9384002685547
vt 0 -176.9384002685547
vt 0 56.41350173950195
vt -4.5 -176.9384002685547
vt 0 56.41350173950195
vt -4.5 56.41350173950195
vt 1.9375 52.28969955444336
vt 1.9375 -170.32400512695312
vt 4.5 -170.32400512695312
vt 1.9375 52.28969955444336
vt 4.5 -170.32400512695312
vt 4.5 52.28969955444336
vt -6.586699962615967 3.2202000617980957
vt 0 0
vt -142.94859313964844 183.67979431152344
vt -6.586699962615967 3.2202000617980957
vt -142.94859313964844 183.67979431152344
vt -142.95730590820312 178.44769287109375
vt -142.95730590820312 178.44769287109375
vt -142.94859313964844 183.67979431152344
vt -286.875 0
vt -142.95730590820312 178.44769287109375
vt -286.875 0
vt -280.2607116699219 3.2202000617980957
vt -6.586699962615967 3.2202000617980957
vt -280.2607116699219 3.2202000617980957
vt -286.875 0
vt -6.586699962615967 3.2202000617980957
vt -286.875 0
vt 0 0
vt 0 -170.32400512695312
vt 1.9375 -170.32400512695312
vt 1.9375 52.28969955444336
vt 0 -170.32400512695312
vt 1.9375 52.28969955444336
vt 0 52.28969955444336
vt 0 274.7998962402344
vt 0 12.024499893188477
vt 1.9375 12.024499893188477
vt 0 274.7998962402344
vt 1.9375 12.024499893188477
vt 1.9375 274.7998962402344
vt -4.0625 -3.331199884414673
vt -4.0625 -1.71589994430542
vt -7.5625 -1.71589994430542
vt -4.0625 -3.331199884414673
vt -7.5625 -1.71589994430542
vt -7.5625 -3.331199884414673
vt -136.84190368652344 165.58799743652344
vt -136.69830322265625 167.19679260253906
vt -136.97610473632812 168.78799438476562
vt -136.84190368652344 165.58799743652344
vt -136.97610473632812 168.78799438476562
vt -137.3968963623047 164.07110595703125
vt -137.3968963623047 164.07110595703125
vt -136.97610473632812 168.78799438476562
vt -137.6562042236328 170.2530975341797
vt -137.3968963623047 164.07110595703125
vt -137.6562042236328 170.2530975341797
vt -138.3256072998047 162.74960327148438
vt -138.3256072998047 162.74960327148438
vt -137.6562042236328 170.2530975341797
vt -138.6923065185547 171.49220275878906
vt -138.3256072998047 162.74960327148438
vt -138.6923065185547 171.49220275878906
vt -139.564697265625 161.7135009765625
vt -139.564697265625 161.7135009765625
vt -138.6923065185547 171.49220275878906
vt -140.0137939453125 172.4208984375
vt -139.564697265625 161.7135009765625
vt -140.0137939453125 172.4208984375
vt -141.02980041503906 161.0334014892578
vt -141.02980041503906 161.0334014892578
vt -140.0137939453125 172.4208984375
vt -141.53070068359375 172.9759063720703
vt -141.02980041503906 161.0334014892578
vt -141.53070068359375 172.9759063720703
vt -142.6208953857422 160.75559997558594
vt -142.6208953857422 160.75559997558594
vt -141.53070068359375 172.9759063720703
vt -143.1396026611328 173.1195068359375
vt -142.6208953857422 160.75559997558594
vt -143.1396026611328 173.1195068359375
vt -144.22979736328125 160.8990936279297
vt -144.22979736328125 160.8990936279297
vt -143.1396026611328 173.1195068359375
vt -144.73069763183594 172.84170532226562
vt -144.22979736328125 160.8990936279297
vt -144.73069763183594 172.84170532226562
vt -145.7467041015625 161.45419311523438
vt -145.7467041015625 161.45419311523438
vt -144.73069763183594 172.84170532226562
vt -146.19580078125 172.16160583496094
vt -145.7467041015625 161.45419311523438
vt -146.19580078125 172.16160583496094
vt -147.06820678710938 162.38290405273438
vt -147.06820678710938 162.38290405273438
vt -146.19580078125 172.16160583496094
vt -147.43490600585938 171.12550354003906
vt -147.06820678710938 162.38290405273438
vt -147.43490600585938 171.12550354003906
vt -148.1042938232422 163.6219940185547
vt -148.1042938232422 163.6219940185547
vt -147.43490600585938 171.12550354003906
vt -148.3636016845703 169.80389404296875
vt -148.1042938232422 163.6219940185547
vt -148.3636016845703 169.80389404296875
vt -148.78439331054688 165.08709716796875
vt -148.78439331054688 165.08709716796875
vt -148.3636016845703 169.80389404296875
vt -148.918701171875 168.28709411621094
vt -148.78439331054688 165.08709716796875
vt -148.918701171875 168.28709411621094
vt -149.06219482421875 166.67820739746094
vt -7.5625 53.62229919433594
vt -4.0625 53.62229919433594
vt -4.0625 55.23759841918945
vt -7.5625 53.62229919433594
vt -4.0625 55.23759841918945
vt -7.5625 55.23759841918945
vt -7.5625 106.86650085449219
vt -4.0625 106.86650085449219
vt -4.0625 108.48179626464844
vt -7.5625 106.86650085449219
vt -4.0625 108.48179626464844
vt -7.5625 108.48179626464844
vt -7.5625 152.7729034423828
vt -4.0625 152.7729034423828
vt -4.0625 154.3881072998047
vt -7.5625 152.7729034423828
vt -4.0625 154.3881072998047
vt -7.5625 154.3881072998047
vt -7.5625 188.21299743652344
vt -4.0625 188.21299743652344
vt -4.0625 189.8282928466797
vt -7.5625 188.21299743652344
vt -4.0625 189.8282928466797
vt -7.5625 189.8282928466797
vt -7.5625 210.77169799804688
vt -4.0625 210.77169799804688
vt -4.0625 212.38690185546875
vt -7.5625 210.77169799804688
vt -4.0625 212.38690185546875
vt -7.5625 212.38690185546875
vt -4.0625 -60.112701416015625
vt -4.0625 -58.497501373291016
vt -7.5625 -58.497501373291016
vt -4.0625 -60.112701416015625
vt -7.5625 -58.497501373291016
vt -7.5625 -60.112701416015625
vt -7.5625 218.91160583496094
vt -4.0625 218.91160583496094
vt -4.0625 220.52679443359375
vt -7.5625 218.91160583496094
vt -4.0625 220.52679443359375
vt -7.5625 220.52679443359375
vt -7.5625 212.0780029296875
vt -4.0625 212.0780029296875
vt -4.0625 213.69320678710938
vt -7.5625 212.0780029296875
vt -4.0625 213.69320678710938
vt -7.5625 213.69320678710938
vt -7.5625 190.73660278320312
vt -4.0625 190.73660278320312
vt -4.0625 192.351806640625
vt -7.5625 190.73660278320312
vt -4.0625 192.351806640625
vt -7.5625 192.351806640625
vt -7.5625 156.341796875
vt -4.0625 156.341796875
vt -4.0625 157.95700073242188
vt -7.5625 156.341796875
vt -4.0625 157.95700073242188
vt -7.5625 157.95700073242188
vt 7.5625 -111.23750305175781
vt 4.0625 -111.23750305175781
vt 4.0625 -112.85269927978516
vt 7.5625 -111.23750305175781
vt 4.0625 -112.85269927978516
vt 7.5625 -112.85269927978516
vt 7.5625 -58.497501373291016
vt 4.0625 -58.497501373291016
vt 4.0625 -60.112701416015625
vt 7.5625 -58.497501373291016
vt 4.0625 -60.112701416015625
vt 7.5625 -60.112701416015625
vt 7.5625 -1.71589994430542
vt 4.0625 -1.71589994430542
vt 4.0625 -3.331199884414673
vt 7.5625 -1.71589994430542
vt 4.0625 -3.331199884414673
vt 7.5625 -3.331199884414673
vt 4.0625 53.62229919433594
vt 7.5625 53.62229919433594
vt 7.5625 55.23759841918945
vt 4.0625 53.62229919433594
vt 7.5625 55.23759841918945
vt 4.0625 55.23759841918945
vt 4.0625 106.86650085449219
vt 7.5625 106.86650085449219
vt 7.5625 108.48179626464844
vt 4.0625 106.86650085449219
vt 7.5625 108.48179626464844
vt 4.0625 108.48179626464844
vt 4.0625 152.7729034423828
vt 7.5625 152.7729034423828
vt 7.5625 154.3881072998047
vt 4.0625 152.7729034423828
vt 7.5625 154.3881072998047
vt 4.0625 154.3881072998047
vt 4.0625 188.21299743652344
vt 7.5625 188.21299743652344
vt 7.5625 189.8282928466797
vt 4.0625 188.21299743652344
vt 7.5625 189.8282928466797
vt 4.0625 189.8282928466797
vt 4.0625 210.77169799804688
vt 7.5625 210.77169799804688
vt 7.5625 212.38690185546875
vt 4.0625 210.77169799804688
vt 7.5625 212.38690185546875
vt 4.0625 212.38690185546875
vt 4.0625 218.91160583496094
vt 7.5625 218.91160583496094
vt 7.5625 220.52679443359375
vt 4.0625 218.91160583496094
vt 7.5625 220.52679443359375
vt 4.0625 220.52679443359375
vt 4.0625 213.69320678710938
vt 4.0625 212.0780029296875
vt 7.5625 212.0780029296875
vt 4.0625 213.69320678710938
vt 7.5625 212.0780029296875
vt 7.5625 213.69320678710938
vt 4.0625 192.351806640625
vt 4.0625 190.73660278320312
vt 7.5625 190.73660278320312
vt 4.0625 192.351806640625
vt 7.5625 190.73660278320312
vt 7.5625 192.351806640625
vt 4.0625 157.95700073242188
vt 4.0625 156.341796875
vt 7.5625 156.341796875
vt 4.0625 157.95700073242188
vt 7.5625 156.341796875
vt 7.5625 157.95700073242188
vt -4.0625 -112.85269927978516
vt -4.0625 -111.23750305175781
vt -7.5625 -111.23750305175781
vt -4.0625 -112.85269927978516
vt -7.5625 -111.23750305175781
vt -7.5625 -112.85269927978516
vt -0.8125 -60.112701416015625
vt -0.8125 -58.497501373291016
vt -4.0625 -58.497501373291016
vt -0.8125 -60.112701416015625
vt -4.0625 -58.497501373291016
vt -4.0625 -60.112701416015625
vt -0.8125 -112.85269927978516
vt -0.8125 -111.23750305175781
vt -4.0625 -111.23750305175781
vt -0.8125 -112.85269927978516
vt -4.0625 -111.23750305175781
vt -4.0625 -112.85269927978516
vt 0.8125 157.95700073242188
vt 0.8125 156.341796875
vt 4.0625 156.341796875
vt 0.8125 157.95700073242188
vt 4.0625 156.341796875
vt 4.0625 157.95700073242188
vt 0.8125 192.351806640625
vt 0.8125 190.73660278320312
vt 4.0625 190.73660278320312
vt 0.8125 192.351806640625
vt 4.0625 190.73660278320312
vt 4.0625 192.351806640625
vt 0.8125 213.69320678710938
vt 0.8125 212.0780029296875
vt 4.0625 212.0780029296875
vt 0.8125 213.69320678710938
vt 4.0625 212.0780029296875
vt 4.0625 213.69320678710938
vt 0.8125 218.91160583496094
vt 4.0625 218.91160583496094
vt 4.0625 220.52679443359375
vt 0.8125 218.91160583496094
vt 4.0625 220.52679443359375
vt 0.8125 220.52679443359375
vt 0.8125 210.77169799804688
vt 4.0625 210.77169799804688
vt 4.0625 212.38690185546875
vt 0.8125 210.77169799804688
vt 4.0625 212.38690185546875
vt 0.8125 212.38690185546875
vt 0.8125 188.21299743652344
vt 4.0625 188.21299743652344
vt 4.0625 189.8282928466797
vt 0.8125 188.21299743652344
vt 4.0625 189.8282928466797
vt 0.8125 189.8282928466797
vt 0.8125 152.7729034423828
vt 4.0625 152.7729034423828
vt 4.0625 154.3881072998047
vt 0.8125 152.7729034423828
vt 4.0625 154.3881072998047
vt 0.8125 154.3881072998047
vt 0.8125 106.86650085449219
vt 4.0625 106.86650085449219
vt 4.0625 108.48179626464844
vt 0.8125 106.86650085449219
vt 4.0625 108.48179626464844
vt 0.8125 108.48179626464844
vt 0.8125 53.62229919433594
vt 4.0625 53.62229919433594
vt 4.0625 55.23759841918945
vt 0.8125 53.62229919433594
vt 4.0625 55.23759841918945
vt 0.8125 55.23759841918945
vt 4.0625 -1.71589994430542
vt 0.8125 -1.71589994430542
vt 0.8125 -3.331199884414673
vt 4.0625 -1.71589994430542
vt 0.8125 -3.331199884414673
vt 4.0625 -3.331199884414673
vt 4.0625 -58.497501373291016
vt 0.8125 -58.497501373291016
vt 0.8125 -60.112701416015625
vt 4.0625 -58.497501373291016
vt 0.8125 -60.112701416015625
vt 4.0625 -60.112701416015625
vt 4.0625 -111.23750305175781
vt 0.8125 -111.23750305175781
vt 0.8125 -112.85269927978516
vt 4.0625 -111.23750305175781
vt 0.8125 -112.85269927978516
vt 4.0625 -112.85269927978516
vt -4.0625 156.341796875
vt -0.8125 156.341796875
vt -0.8125 157.95700073242188
vt -4.0625 156.341796875
vt -0.8125 157.95700073242188
vt -4.0625 157.95700073242188
vt -4.0625 190.73660278320312
vt -0.8125 190.73660278320312
vt -0.8125 192.351806640625
vt -4.0625 190.73660278320312
vt -0.8125 192.351806640625
vt -4.0625 192.351806640625
vt -4.0625 212.0780029296875
vt -0.8125 212.0780029296875
vt -0.8125 213.69320678710938
vt -4.0625 212.0780029296875
vt -0.8125 213.69320678710938
vt -4.0625 213.69320678710938
vt -4.0625 218.91160583496094
vt -0.8125 218.91160583496094
vt -0.8125 220.52679443359375
vt -4.0625 218.91160583496094
vt -0.8125 220.52679443359375
vt -4.0625 220.52679443359375
vt -4.0625 210.77169799804688
vt -0.8125 210.77169799804688
vt -0.8125 212.38690185546875
vt -4.0625 210.77169799804688
vt -0.8125 212.38690185546875
vt -4.0625 212.38690185546875
vt -4.0625 188.21299743652344
vt -0.8125 188.21299743652344
vt -0.8125 189.8282928466797
vt -4.0625 188.21299743652344
vt -0.8125 189.8282928466797
vt -4.0625 189.8282928466797
vt -4.0625 152.7729034423828
vt -0.8125 152.7729034423828
vt -0.8125 154.3881072998047
vt -4.0625 152.7729034423828
vt -0.8125 154.3881072998047
vt -4.0625 154.3881072998047
vt -4.0625 106.86650085449219
vt -0.8125 106.86650085449219
vt -0.8125 108.48179626464844
vt -4.0625 106.86650085449219
vt -0.8125 108.48179626464844
vt -4.0625 108.48179626464844
vt -4.0625 53.62229919433594
vt -0.8125 53.62229919433594
vt -0.8125 55.23759841918945
vt -4.0625 53.62229919433594
vt -0.8125 55.23759841918945
vt -4.0625 55.23759841918945
vt -0.8125 -3.331199884414673
vt -0.8125 -1.71589994430542
vt -4.0625 -1.71589994430542
vt -0.8125 -3.331199884414673
vt -4.0625 -1.71589994430542
vt -4.0625 -3.331199884414673
vt -4.5 6.586699962615967
vt -1.9375 6.586699962615967
vt -1.9375 36.68439865112305
vt -4.5 6.586699962615967
vt -1.9375 36.68439865112305
vt -4.5 228.6262969970703
vt -4.5 228.6262969970703
vt -1.9375 36.68439865112305
vt -1.9375 40.66550064086914
vt -4.5 228.6262969970703
vt -1.9375 40.66550064086914
vt -1.9375 228.6262969970703
vt -23.552499771118164 28.52359962463379
vt -20.767799377441406 30.274999618530273
vt -22.887399673461914 33.64500045776367
vt -23.552499771118164 28.52359962463379
vt -22.887399673461914 33.64500045776367
vt -25.672100067138672 31.89349937438965
vt -15.400500297546387 7.529300212860107
vt -6.586699962615967 3.2202000617980957
vt -25.0718994140625 26.97249984741211
vt -15.400500297546387 7.529300212860107
vt -25.0718994140625 26.97249984741211
vt -28.47249984741211 24.326000213623047
vt -28.47249984741211 24.326000213623047
vt -25.0718994140625 26.97249984741211
vt -27.51689910888672 30.114299774169922
vt -28.47249984741211 24.326000213623047
vt -27.51689910888672 30.114299774169922
vt -142.95730590820312 178.44769287109375
vt -30.917600631713867 27.46769905090332
vt -28.47249984741211 24.326000213623047
vt -142.95730590820312 178.44769287109375
vt -30.917600631713867 27.46769905090332
vt -142.95730590820312 178.44769287109375
vt -142.9687957763672 171.44639587402344
vt -142.9687957763672 171.44639587402344
vt -142.95730590820312 178.44769287109375
vt -280.2607116699219 3.2202000617980957
vt -142.9687957763672 171.44639587402344
vt -280.2607116699219 3.2202000617980957
vt -271.4096984863281 7.529300212860107
vt -15.400500297546387 7.529300212860107
vt -271.4096984863281 7.529300212860107
vt -280.2607116699219 3.2202000617980957
vt -15.400500297546387 7.529300212860107
vt -280.2607116699219 3.2202000617980957
vt -6.586699962615967 3.2202000617980957
vt 0 0
vt 0 0
vt 0 0
vt 0 0
vt 0 0
vt 0 0
vt 0 0
vt 0 0
vt 0 0
vt 0 0
vt 0 0
vt 0 0
vt 0 0
vt 0 0
vt 0 0
vt 0 0
vt 0 0
vt 0 0
vt 0 0
vt 0 0
vt 0 0
vt 0 0
vt 0 0
vt 0 0
vt 0 0
vt 0 0
vt 0 0
vt 0 0
vt 0 0
vt 0 0
vt 0 0
vt 0 0
vt 0 0
vt 0 0
vt 0 0
vt 0 0
vt 0 0
vt 0 0
vt 0 0
vt 0 0
vt 0 0
vt 0 0
vt 0 0
vt 0 0
vt 0 0
vt 0 0
vt 0 0
vt 0 0
vt 0 0
vt 0 0
vt 0 0
vt 0 0
vt 0 0
vt 0 0
vt 0 0
vt 0 0
vt 0 0
vt 0 0
vt 0 0
vt 0 0
vt 0 0
vt 0 0
vt 0 0
vt 0 0
vt 0 0
vt 0 0
vt 0 0
vt 0 0
vt 0 0
vt 0 0
vt 0 0
vt 0 0
vt 0 0
vt 0 0
vt 0 0
vt 0 0
vt 0 0
vt 0 0
vt 0 0
vt 0 0
vt 0 0
vt 0 0
vt 0 0
vt 0 0
vt 0 0
vt 0 0
vt 0 0
vt 0 0
vt 0 0
vt 0 0
vt 0 0
vt 0 0
vt 0 0
vt 0 0
vt 0 0
vt 0 0
vt 0 0
vt 0 0
vt 0 0
vt 0 0
vt 0 0
vt 0 0
vt 0 0
vt 0 0
vt 0 0
vt 0 0
vt 0 0
vt 0 0
vt 0 0
vt 0 0
vt 0 0
vt 0 0
vt 0 0
vt 0 0
vt 0 0
vt 0 0
vt 0 0
vt 0 0
vt 0 0
vt 0 0
vt 0 0
vt 0 0
vt 0 0
vt 0 0
vt 0 0
vt 0 0
vt 0 0
vt 0 0
vt 0 0
vt 0 0
vt 0 0
vt 0 0
vt 0 0
vt 0 0
vt 0 0
vt 0 0
vt 0 0
vt 0 0
vt 0 0
vt 0 0
vt 0 0
vt 0 0
vt 0 0
vt 0 0
vt 0 0
vt 0 0
vt 0 0
vt 0 0
vt 0 0
vt 0 0
vt 0 0
vt 0 0
vt 0 0
vt 0 0
vt 0 0
vt 0 0
vt 0 0
vt 0 0
vt 0 0
vt 0 0
vt 0 0
vt 0 0
vt 0 0
vt 0 0
vt 0 0
vt 0 0
vt 0 0
vt 0 0
vt 0 0
vt 0 0
vt 0 0
vt 0 0
vt 0 0
vt 0 0
vt 0 0
vt 0 0
vt 0 0
vt 0 0
vt 0 0
vt 0 0
vt 0 0
vt 0 0
vt 0 0
vt 0 0
vt 0 0
vt 0 0
vt 0 0
vt 0 0
vt 0 0
vt 0 0
vt 0 0
vt 0 0
vt 0 0
vt 0 0
vt 0 0
vt 0 0
vt 0 0
vt 0 0
vt 0 0
vt 0 0
vt 0 0
vt 0 0
vt 0 0
vt 0 0
vt 0 0
vt 0 0
vt 0 0
vt 0 0
vt 0 0
vt 0 0
vt 0 0
vt 0 0
vt 0 0
vt 0 0
vt 0 0
vt 0 0
vt 0 0
vt 0 0
vt 0 0
vt 0 0
vt 0 0
vt 0 0
vt 0 0
vt 0 0
vt 0 0
vt 0 0
vt 0 0
vt 0 0
vt 0 0
vt 0 0
vt 0 0
vt 0 0
vt 0 0
vt 0 0
vt 0 0
vt 0 0
vt 0 0
vt 0 0
vt 0 0
vt 0 0
vt 0 0
vt 0 0
vt 0 0
vt 0 0
vt 0 0
vt 0 0
vt 0 0
vt 0 0
vt 0 0
vt 0 0
vt 0 0
vt 0 0
vt 0 0
vt 0 0
vt 0 0
vt 0 0
vt 0 0
vt 0 0
vt 0 0
vt 0 0
vt 0 0
vt 0 0
vt 0 0
vt 0 0
vt 0 0
vt 0 0
vt 0 0
vt 0 0
vt 0 0
vt 0 0
vt 0 0
vt 0 0
vt 0 0
vt 0 0
vt 0 0
vt 0 0
vt 0 0
vt 0 0
vt 0 0
vt 0 0
vt 0 0
vt 0 0
vt 0 0
vt 0 0
vt 0 0
vt 0 0
vt 0 0
vt 0 0
vt 0 0
vt 0 0
vt 0 0
vt 0 0
vt 0 0
vt 0 0
vt 0 0
vt 0 0
vt 0 0
vt 0 0
vt 0 0
vt 0 0
vt 0 0
vt 0 0
vt 0 0
vt 0 0
vt 0 0
vt 0 0
vt 0 0
vt 0 0
vt 0 0
vt 0 0
vt 0 0
vt 0 0
vt 0 0
vt 0 0
vt 0 0
vt 0 0
vt 0 0
vt 0 0
vt 0 0
vt 0 0
vt 0 0
vt 0 0
vt 0 0
vt 0 0
vt 0 0
vt 0 0
vt 0 0
vt 0 0
vt 0 0
vt 0 0
vt 0 0
vt 0 0
vt 0 0
vt 0 0
vt 0 0
vt 0 0
vt 0 0
vt 0 0
vt 0 0
vt 0 0
vt 0 0
vt 0 0
vt 0 0
vt 0 0
vt 0 0
vt 0 0
vt 0 0
vt 0 0
vt 0 0
vt 0 0
vt 0 0
vt 0 0
vt 0 0
vt 0 0
vt 0 0
vt 0 0
vt 0 0
vt 0 0
vt 0 0
vt 0 0
vt 0 0
vt 0 0
vt 0 0
vt 0 0
vt 0 0
vt 0 0
vt 0 0
vt 0 0
vt 0 0
vt 0 0
vt 0 0
vt 0 0
vt 0 0
vt 0 0
vt 0 0
vt 0 0
vt 0 0
vt 0 0
vt 0 0
vt 0 0
vt 0 0
vt 0 0
vt 0 0
vt 0 0
vt 0 0
vt 0 0
vt 0 0
vt 0 0
vt 0 0
vt 0 0
vt 0 0
vt 0 0
vt 0 0
vt 0 0
vt 0 0
vt 0 0
vt 0 0
vt 0 0
vt 0 0
vt 0 0
vt 0 0
vt 0 0
vt 0 0
vt 0 0
vt 0 0
vt 0 0
vt 0 0
vt 0 0
vt 0 0
vt 0 0
vt 0 0
vt 0 0
vt 0 0
vt 0 0
vt 0 0
vt 0 0
vt 0 0
vt 0 0
vt 0 0
vt 0 0
vt 0 0
vt 0 0
vt 0 0
vt 0 0
vt 0 0
vt 0 0
vt 0 0
vt 0 0
vt 0 0
vt 0 0
vt 0 0
vt 0 0
vn -0.5378219632477275 -0.6492265180171866 0.5378219632477275
vn -0.5378219632477275 -0.6492265180171866 0.5378219632477275
vn -0.5378219632477275 -0.6492265180171866 0.5378219632477275
vn -0.5378219632477275 -0.6492265180171866 0.5378219632477275
vn -0.5378219632477275 -0.6492265180171866 0.5378219632477275
vn -0.5378219632477275 -0.6492265180171866 0.5378219632477275
vn -0.02960069283776575 0.9991234147827025 0.02960069283776575
vn -0.02960069283776575 0.9991234147827025 0.02960069283776575
vn -0.02960069283776575 0.9991234147827025 0.02960069283776575
vn -0.02960069283776575 0.9991234147827025 0.02960069283776575
vn -0.02960069283776575 0.9991234147827025 0.02960069283776575
vn -0.02960069283776575 0.9991234147827025 0.02960069283776575
vn 0.5757122672479285 -0.5806124100297028 -0.5757122672479285
vn 0.5757122672479285 -0.5806124100297028 -0.5757122672479285
vn 0.5757122672479285 -0.5806124100297028 -0.5757122672479285
vn 0.5757122672479285 -0.5806124100297028 -0.5757122672479285
vn 0.5757122672479285 -0.5806124100297028 -0.5757122672479285
vn 0.5757122672479285 -0.5806124100297028 -0.5757122672479285
vn 0.5757122672479285 -0.5806124100297028 -0.5757122672479285
vn 0.5757122672479285 -0.5806124100297028 -0.5757122672479285
vn 0.5757122672479285 -0.5806124100297028 -0.5757122672479285
vn 0.5757122672479285 -0.5806124100297028 -0.5757122672479285
vn 0.5757122672479285 -0.5806124100297028 -0.5757122672479285
vn 0.5757122672479285 -0.5806124100297028 -0.5757122672479285
vn 0.5757122672479285 -0.5806124100297028 -0.5757122672479285
vn 0.5757122672479285 -0.5806124100297028 -0.5757122672479285
vn 0.5757122672479285 -0.5806124100297028 -0.5757122672479285
vn 0.5757122672479285 -0.5806124100297028 -0.5757122672479285
vn 0.5757122672479285 -0.5806124100297028 -0.5757122672479285
vn 0.5757122672479285 -0.5806124100297028 -0.5757122672479285
vn 0.5757122672479285 -0.5806124100297028 -0.5757122672479285
vn 0.5757122672479285 -0.5806124100297028 -0.5757122672479285
vn 0.5757122672479285 -0.5806124100297028 -0.5757122672479285
vn 0.5757122672479285 -0.5806124100297028 -0.5757122672479285
vn 0.5757122672479285 -0.5806124100297028 -0.5757122672479285
vn 0.5757122672479285 -0.5806124100297028 -0.5757122672479285
vn 0.7071067811865476 0 0.7071067811865476
vn 0.7071067811865476 0 0.7071067811865476
vn 0.7071067811865476 0 0.7071067811865476
vn 0.7071067811865476 0 0.7071067811865476
vn 0.7071067811865476 0 0.7071067811865476
vn 0.7071067811865476 0 0.7071067811865476
vn 0.7071067811865476 0 0.7071067811865476
vn 0.7071067811865476 0 0.7071067811865476
vn 0.7071067811865476 0 0.7071067811865476
vn 0.7071067811865476 0 0.7071067811865476
vn 0.7071067811865476 0 0.7071067811865476
vn 0.7071067811865476 0 0.7071067811865476
vn 0.7071067811865476 0 0.7071067811865476
vn 0.7071067811865476 0 0.7071067811865476
vn 0.7071067811865476 0 0.7071067811865476
vn 0.7071067811865476 0 0.7071067811865476
vn 0.7071067811865476 0 0.7071067811865476
vn 0.7071067811865476 0 0.7071067811865476
vn -0.5757122672479285 0.5806124100297028 0.5757122672479285
vn -0.5757122672479285 0.5806124100297028 0.5757122672479285
vn -0.5757122672479285 0.5806124100297028 0.5757122672479285
vn -0.5757122672479285 0.5806124100297028 0.5757122672479285
vn -0.5757122672479285 0.5806124100297028 0.5757122672479285
vn -0.5757122672479285 0.5806124100297028 0.5757122672479285
vn 0.02960069283776575 -0.9991234147827025 -0.02960069283776575
vn 0.02960069283776575 -0.9991234147827025 -0.02960069283776575
vn 0.02960069283776575 -0.9991234147827025 -0.02960069283776575
vn 0.02960069283776575 -0.9991234147827025 -0.02960069283776575
vn 0.02960069283776575 -0.9991234147827025 -0.02960069283776575
vn 0.02960069283776575 -0.9991234147827025 -0.02960069283776575
vn -0.02960069283776575 0.9991234147827025 0.02960069283776575
vn -0.02960069283776575 0.9991234147827025 0.02960069283776575
vn -0.02960069283776575 0.9991234147827025 0.02960069283776575
vn -0.02960069283776575 0.9991234147827025 0.02960069283776575
vn -0.02960069283776575 0.9991234147827025 0.02960069283776575
vn -0.02960069283776575 0.9991234147827025 0.02960069283776575
vn 0.5378219632477275 0.6492265180171866 -0.5378219632477275
vn 0.5378219632477275 0.6492265180171866 -0.5378219632477275
vn 0.5378219632477275 0.6492265180171866 -0.5378219632477275
vn 0.5378219632477275 0.6492265180171866 -0.5378219632477275
vn 0.5378219632477275 0.6492265180171866 -0.5378219632477275
vn 0.5378219632477275 0.6492265180171866 -0.5378219632477275
vn -0.5378219632477275 -0.6492265180171866 0.5378219632477275
vn -0.5378219632477275 -0.6492265180171866 0.5378219632477275
vn -0.5378219632477275 -0.6492265180171866 0.5378219632477275
vn -0.5378219632477275 -0.6492265180171866 0.5378219632477275
vn -0.5378219632477275 -0.6492265180171866 0.5378219632477275
vn -0.5378219632477275 -0.6492265180171866 0.5378219632477275
vn -0.7071067811865476 0 -0.7071067811865476
vn -0.7071067811865476 0 -0.7071067811865476
vn -0.7071067811865476 0 -0.7071067811865476
vn -0.7071067811865476 0 -0.7071067811865476
vn -0.7071067811865476 0 -0.7071067811865476
vn -0.7071067811865476 0 -0.7071067811865476
vn -0.7071067811865476 0 -0.7071067811865476
vn -0.7071067811865476 0 -0.7071067811865476
vn -0.7071067811865476 0 -0.7071067811865476
vn -0.7071067811865476 0 -0.7071067811865476
vn -0.7071067811865476 0 -0.7071067811865476
vn -0.7071067811865476 0 -0.7071067811865476
vn -0.7071067811865476 0 -0.7071067811865476
vn -0.7071067811865476 0 -0.7071067811865476
vn -0.7071067811865476 0 -0.7071067811865476
vn -0.7071067811865476 0 -0.7071067811865476
vn -0.7071067811865476 0 -0.7071067811865476
vn -0.7071067811865476 0 -0.7071067811865476
vn -0.5378219632477275 -0.6492265180171866 0.5378219632477275
vn -0.5378219632477275 -0.6492265180171866 0.5378219632477275
vn -0.5378219632477275 -0.6492265180171866 0.5378219632477275
vn -0.5378219632477275 -0.6492265180171866 0.5378219632477275
vn -0.5378219632477275 -0.6492265180171866 0.5378219632477275
vn -0.5378219632477275 -0.6492265180171866 0.5378219632477275
vn -0.02960069283776575 0.9991234147827025 0.02960069283776575
vn -0.02960069283776575 0.9991234147827025 0.02960069283776575
vn -0.02960069283776575 0.9991234147827025 0.02960069283776575
vn -0.02960069283776575 0.9991234147827025 0.02960069283776575
vn -0.02960069283776575 0.9991234147827025 0.02960069283776575
vn -0.02960069283776575 0.9991234147827025 0.02960069283776575
vn 0.35359612216111647 0.8659905107939934 -0.35359612216111647
vn 0.5000024066547248 0.7071033776464135 -0.5000024066547248
vn 0.5000024066547248 0.7071033776464135 -0.5000024066547248
vn 0.35359612216111647 0.8659905107939934 -0.35359612216111647
vn 0.5000024066547248 0.7071033776464135 -0.5000024066547248
vn 0.35359612216111647 0.8659905107939934 -0.35359612216111647
vn -0.7071067811865476 0 -0.7071067811865476
vn -0.7071067811865476 0 -0.7071067811865476
vn -0.7071067811865476 0 -0.7071067811865476
vn -0.7071067811865476 0 -0.7071067811865476
vn -0.7071067811865476 0 -0.7071067811865476
vn -0.7071067811865476 0 -0.7071067811865476
vn -0.7071067811865476 0 -0.7071067811865476
vn -0.7071067811865476 0 -0.7071067811865476
vn -0.7071067811865476 0 -0.7071067811865476
vn -0.7071067811865476 0 -0.7071067811865476
vn -0.7071067811865476 0 -0.7071067811865476
vn -0.7071067811865476 0 -0.7071067811865476
vn -0.7071067811865476 0 -0.7071067811865476
vn -0.7071067811865476 0 -0.7071067811865476
vn -0.7071067811865476 0 -0.7071067811865476
vn -0.7071067811865476 0 -0.7071067811865476
vn -0.7071067811865476 0 -0.7071067811865476
vn -0.7071067811865476 0 -0.7071067811865476
vn -0.7071067811865476 0 -0.7071067811865476
vn -0.7071067811865476 0 -0.7071067811865476
vn -0.7071067811865476 0 -0.7071067811865476
vn -0.7071067811865476 0 -0.7071067811865476
vn -0.7071067811865476 0 -0.7071067811865476
vn -0.7071067811865476 0 -0.7071067811865476
vn -0.7071067811865476 0 -0.7071067811865476
vn -0.7071067811865476 0 -0.7071067811865476
vn -0.7071067811865476 0 -0.7071067811865476
vn -0.7071067811865476 0 -0.7071067811865476
vn -0.7071067811865476 0 -0.7071067811865476
vn -0.7071067811865476 0 -0.7071067811865476
vn -0.7071067811865476 0 -0.7071067811865476
vn -0.7071067811865476 0 -0.7071067811865476
vn -0.7071067811865476 0 -0.7071067811865476
vn -0.7071067811865476 0 -0.7071067811865476
vn -0.7071067811865476 0 -0.7071067811865476
vn -0.7071067811865476 0 -0.7071067811865476
vn -0.7071067811865476 0 -0.7071067811865476
vn -0.7071067811865476 0 -0.7071067811865476
vn -0.7071067811865476 0 -0.7071067811865476
vn -0.7071067811865476 0 -0.7071067811865476
vn -0.7071067811865476 0 -0.7071067811865476
vn -0.7071067811865476 0 -0.7071067811865476
vn -0.7071067811865476 0 -0.7071067811865476
vn -0.7071067811865476 0 -0.7071067811865476
vn -0.7071067811865476 0 -0.7071067811865476
vn -0.7071067811865476 0 -0.7071067811865476
vn -0.7071067811865476 0 -0.7071067811865476
vn -0.7071067811865476 0 -0.7071067811865476
vn -0.7071067811865476 0 -0.7071067811865476
vn -0.7071067811865476 0 -0.7071067811865476
vn -0.7071067811865476 0 -0.7071067811865476
vn -0.7071067811865476 0 -0.7071067811865476
vn -0.7071067811865476 0 -0.7071067811865476
vn -0.7071067811865476 0 -0.7071067811865476
vn -0.7071067811865476 0 -0.7071067811865476
vn -0.7071067811865476 0 -0.7071067811865476
vn -0.7071067811865476 0 -0.7071067811865476
vn -0.7071067811865476 0 -0.7071067811865476
vn -0.7071067811865476 0 -0.7071067811865476
vn -0.7071067811865476 0 -0.7071067811865476
vn -0.7071067811865476 0 -0.7071067811865476
vn -0.7071067811865476 0 -0.7071067811865476
vn -0.7071067811865476 0 -0.7071067811865476
vn -0.7071067811865476 0 -0.7071067811865476
vn -0.7071067811865476 0 -0.7071067811865476
vn -0.7071067811865476 0 -0.7071067811865476
vn 0.5000024066547248 0.7071033776464135 -0.5000024066547248
vn 0.5000024066547248 0.7071033776464135 -0.5000024066547248
vn 0.6123793252547712 0.499983123716213 -0.6123793252547712
vn 0.5000024066547248 0.7071033776464135 -0.5000024066547248
vn 0.6123793252547712 0.499983123716213 -0.6123793252547712
vn 0.6123793252547712 0.499983123716213 -0.6123793252547712
vn 0.6123793252547712 0.499983123716213 -0.6123793252547712
vn 0.6123793252547712 0.499983123716213 -0.6123793252547712
vn 0.6830152196414366 0.25880575626581437 -0.6830152196414366
vn 0.6123793252547712 0.499983123716213 -0.6123793252547712
vn 0.6830152196414366 0.25880575626581437 -0.6830152196414366
vn 0.6830152196414366 0.25880575626581437 -0.6830152196414366
vn 0.6830152196414366 0.25880575626581437 -0.6830152196414366
vn 0.6830152196414366 0.25880575626581437 -0.6830152196414366
vn 0.7071067811865476 0 -0.7071067811865476
vn 0.6830152196414366 0.25880575626581437 -0.6830152196414366
vn 0.7071067811865476 0 -0.7071067811865476
vn 0.7071067811865476 0 -0.7071067811865476
vn 0.7071067811865476 0 -0.7071067811865476
vn 0.7071067811865476 0 -0.7071067811865476
vn 0.6829975420280815 -0.2588990443535822 -0.6829975420280815
vn 0.7071067811865476 0 -0.7071067811865476
vn 0.6829975420280815 -0.2588990443535822 -0.6829975420280815
vn 0.6829975420280815 -0.2588990443535822 -0.6829975420280815
vn 0.6829975420280815 -0.2588990443535822 -0.6829975420280815
vn 0.6829975420280815 -0.2588990443535822 -0.6829975420280815
vn 0.6123793252547712 -0.499983123716213 -0.6123793252547712
vn 0.6829975420280815 -0.2588990443535822 -0.6829975420280815
vn 0.6123793252547712 -0.499983123716213 -0.6123793252547712
vn 0.6123793252547712 -0.499983123716213 -0.6123793252547712
vn 0.1830054138770454 0.9659285879315213 -0.1830054138770454
vn 0.35359612216111647 0.8659905107939934 -0.35359612216111647
vn 0.35359612216111647 0.8659905107939934 -0.35359612216111647
vn 0.1830054138770454 0.9659285879315213 -0.1830054138770454
vn 0.35359612216111647 0.8659905107939934 -0.35359612216111647
vn 0.1830054138770454 0.9659285879315213 -0.1830054138770454
vn 0.6123793252547712 -0.499983123716213 -0.6123793252547712
vn 0.6123793252547712 -0.499983123716213 -0.6123793252547712
vn 0.5000024066547248 -0.7071033776464135 -0.5000024066547248
vn 0.6123793252547712 -0.499983123716213 -0.6123793252547712
vn 0.5000024066547248 -0.7071033776464135 -0.5000024066547248
vn 0.5000024066547248 -0.7071033776464135 -0.5000024066547248
vn 0.5000024066547248 -0.7071033776464135 -0.5000024066547248
vn 0.5000024066547248 -0.7071033776464135 -0.5000024066547248
vn 0.3535211309782978 -0.8660517420475815 -0.3535211309782978
vn 0.5000024066547248 -0.7071033776464135 -0.5000024066547248
vn 0.3535211309782978 -0.8660517420475815 -0.3535211309782978
vn 0.3535211309782978 -0.8660517420475815 -0.3535211309782978
vn 0.3535211309782978 -0.8660517420475815 -0.3535211309782978
vn 0.3535211309782978 -0.8660517420475815 -0.3535211309782978
vn 0.1830054138770454 -0.9659285879315213 -0.1830054138770454
vn 0.3535211309782978 -0.8660517420475815 -0.3535211309782978
vn 0.1830054138770454 -0.9659285879315213 -0.1830054138770454
vn 0.1830054138770454 -0.9659285879315213 -0.1830054138770454
vn 0.1830054138770454 -0.9659285879315213 -0.1830054138770454
vn 0.1830054138770454 -0.9659285879315213 -0.1830054138770454
vn 0 -1 0
vn 0.1830054138770454 -0.9659285879315213 -0.1830054138770454
vn 0 -1 0
vn 0 -1 0
vn 0 -1 0
vn 0 -1 0
vn -0.1830054138770454 -0.9659285879315213 0.1830054138770454
vn 0 -1 0
vn -0.1830054138770454 -0.9659285879315213 0.1830054138770454
vn -0.1830054138770454 -0.9659285879315213 0.1830054138770454
vn -0.1830054138770454 -0.9659285879315213 0.1830054138770454
vn -0.1830054138770454 -0.9659285879315213 0.1830054138770454
vn -0.35359612216111647 -0.8659905107939934 0.35359612216111647
vn -0.1830054138770454 -0.9659285879315213 0.1830054138770454
vn -0.35359612216111647 -0.8659905107939934 0.35359612216111647
vn -0.35359612216111647 -0.8659905107939934 0.35359612216111647
vn -0.35359612216111647 -0.8659905107939934 0.35359612216111647
vn -0.35359612216111647 -0.8659905107939934 0.35359612216111647
vn -0.5000024066547248 -0.7071033776464135 0.5000024066547248
vn -0.35359612216111647 -0.8659905107939934 0.35359612216111647
vn -0.5000024066547248 -0.7071033776464135 0.5000024066547248
vn -0.5000024066547248 -0.7071033776464135 0.5000024066547248
vn -0.6123793252547712 -0.499983123716213 0.6123793252547712
vn -0.6123793252547712 -0.499983123716213 0.6123793252547712
vn -0.5000024066547248 -0.7071033776464135 0.5000024066547248
vn -0.6123793252547712 -0.499983123716213 0.6123793252547712
vn -0.5000024066547248 -0.7071033776464135 0.5000024066547248
vn -0.5000024066547248 -0.7071033776464135 0.5000024066547248
vn -0.6830152196414366 -0.25880575626581437 0.6830152196414366
vn -0.6830152196414366 -0.25880575626581437 0.6830152196414366
vn -0.6123793252547712 -0.499983123716213 0.6123793252547712
vn -0.6830152196414366 -0.25880575626581437 0.6830152196414366
vn -0.6123793252547712 -0.499983123716213 0.6123793252547712
vn -0.6123793252547712 -0.499983123716213 0.6123793252547712
vn -0.7071067811865476 0 0.7071067811865476
vn -0.7071067811865476 0 0.7071067811865476
vn -0.6830152196414366 -0.25880575626581437 0.6830152196414366
vn -0.7071067811865476 0 0.7071067811865476
vn -0.6830152196414366 -0.25880575626581437 0.6830152196414366
vn -0.6830152196414366 -0.25880575626581437 0.6830152196414366
vn -0.6829975420280815 0.2588990443535822 0.6829975420280815
vn -0.6829975420280815 0.2588990443535822 0.6829975420280815
vn -0.7071067811865476 0 0.7071067811865476
vn -0.6829975420280815 0.2588990443535822 0.6829975420280815
vn -0.7071067811865476 0 0.7071067811865476
vn -0.7071067811865476 0 0.7071067811865476
vn -0.6123793252547712 0.499983123716213 0.6123793252547712
vn -0.6123793252547712 0.499983123716213 0.6123793252547712
vn -0.6829975420280815 0.2588990443535822 0.6829975420280815
vn -0.6123793252547712 0.499983123716213 0.6123793252547712
vn -0.6829975420280815 0.2588990443535822 0.6829975420280815
vn -0.6829975420280815 0.2588990443535822 0.6829975420280815
vn -0.5000024066547248 0.7071033776464135 0.5000024066547248
vn -0.5000024066547248 0.7071033776464135 0.5000024066547248
vn -0.6123793252547712 0.499983123716213 0.6123793252547712
vn -0.5000024066547248 0.7071033776464135 0.5000024066547248
vn -0.6123793252547712 0.499983123716213 0.6123793252547712
vn -0.6123793252547712 0.499983123716213 0.6123793252547712
vn -0.5000024066547248 0.7071033776464135 0.5000024066547248
vn -0.3535211309782978 0.8660517420475815 0.3535211309782978
vn -0.3535211309782978 0.8660517420475815 0.3535211309782978
vn -0.5000024066547248 0.7071033776464135 0.5000024066547248
vn -0.3535211309782978 0.8660517420475815 0.3535211309782978
vn -0.5000024066547248 0.7071033776464135 0.5000024066547248
vn -0.3535211309782978 0.8660517420475815 0.3535211309782978
vn -0.1830054138770454 0.9659285879315213 0.1830054138770454
vn -0.1830054138770454 0.9659285879315213 0.1830054138770454
vn -0.3535211309782978 0.8660517420475815 0.3535211309782978
vn -0.1830054138770454 0.9659285879315213 0.1830054138770454
vn -0.3535211309782978 0.8660517420475815 0.3535211309782978
vn -0.1830054138770454 0.9659285879315213 0.1830054138770454
vn 0 1 0
vn 0 1 0
vn -0.1830054138770454 0.9659285879315213 0.1830054138770454
vn 0 1 0
vn -0.1830054138770454 0.9659285879315213 0.1830054138770454
vn 0 1 0
vn 0.1830054138770454 0.9659285879315213 -0.1830054138770454
vn 0.1830054138770454 0.9659285879315213 -0.1830054138770454
vn 0 1 0
vn 0.1830054138770454 0.9659285879315213 -0.1830054138770454
vn 0 1 0
vn 0.1830054138770454 0.9659285879315213 -0.1830054138770454
vn 0.35359612216111647 0.8659905107939934 -0.35359612216111647
vn 0.35359612216111647 0.8659905107939934 -0.35359612216111647
vn 0.1830054138770454 0.9659285879315213 -0.1830054138770454
vn 0.35359612216111647 0.8659905107939934 -0.35359612216111647
vn 0.1830054138770454 0.9659285879315213 -0.1830054138770454
vn 0 1 0
vn 0.1830054138770454 0.9659285879315213 -0.1830054138770454
vn 0.1830054138770454 0.9659285879315213 -0.1830054138770454
vn 0 1 0
vn 0.1830054138770454 0.9659285879315213 -0.1830054138770454
vn 0 1 0
vn -0.1830054138770454 0.9659285879315213 0.1830054138770454
vn 0 1 0
vn 0 1 0
vn -0.1830054138770454 0.9659285879315213 0.1830054138770454
vn 0 1 0
vn -0.1830054138770454 0.9659285879315213 0.1830054138770454
vn -0.3535211309782978 0.8660517420475815 0.3535211309782978
vn -0.1830054138770454 0.9659285879315213 0.1830054138770454
vn -0.1830054138770454 0.9659285879315213 0.1830054138770454
vn -0.3535211309782978 0.8660517420475815 0.3535211309782978
vn -0.1830054138770454 0.9659285879315213 0.1830054138770454
vn -0.3535211309782978 0.8660517420475815 0.3535211309782978
vn -0.5000024066547248 0.7071033776464135 0.5000024066547248
vn -0.3535211309782978 0.8660517420475815 0.3535211309782978
vn -0.3535211309782978 0.8660517420475815 0.3535211309782978
vn -0.5000024066547248 0.7071033776464135 0.5000024066547248
vn -0.3535211309782978 0.8660517420475815 0.3535211309782978
vn -0.5000024066547248 0.7071033776464135 0.5000024066547248
vn -0.5000024066547248 0.7071033776464135 0.5000024066547248
vn -0.5000024066547248 0.7071033776464135 0.5000024066547248
vn -0.6123793252547712 0.499983123716213 0.6123793252547712
vn -0.5000024066547248 0.7071033776464135 0.5000024066547248
vn -0.6123793252547712 0.499983123716213 0.6123793252547712
vn -0.6123793252547712 0.499983123716213 0.6123793252547712
vn -0.6123793252547712 0.499983123716213 0.6123793252547712
vn -0.6123793252547712 0.499983123716213 0.6123793252547712
vn -0.6829975420280815 0.2588990443535822 0.6829975420280815
vn -0.6123793252547712 0.499983123716213 0.6123793252547712
vn -0.6829975420280815 0.2588990443535822 0.6829975420280815
vn -0.6829975420280815 0.2588990443535822 0.6829975420280815
vn -0.6829975420280815 0.2588990443535822 0.6829975420280815
vn -0.6829975420280815 0.2588990443535822 0.6829975420280815
vn -0.7071067811865476 0 0.7071067811865476
vn -0.6829975420280815 0.2588990443535822 0.6829975420280815
vn -0.7071067811865476 0 0.7071067811865476
vn -0.7071067811865476 0 0.7071067811865476
vn -0.7071067811865476 0 0.7071067811865476
vn -0.7071067811865476 0 0.7071067811865476
vn -0.6830152196414366 -0.25880575626581437 0.6830152196414366
vn -0.7071067811865476 0 0.7071067811865476
vn -0.6830152196414366 -0.25880575626581437 0.6830152196414366
vn -0.6830152196414366 -0.25880575626581437 0.6830152196414366
vn -0.6830152196414366 -0.25880575626581437 0.6830152196414366
vn -0.6830152196414366 -0.25880575626581437 0.6830152196414366
vn -0.6123793252547712 -0.499983123716213 0.6123793252547712
vn -0.6830152196414366 -0.25880575626581437 0.6830152196414366
vn -0.6123793252547712 -0.499983123716213 0.6123793252547712
vn -0.6123793252547712 -0.499983123716213 0.6123793252547712
vn -0.6123793252547712 -0.499983123716213 0.6123793252547712
vn -0.6123793252547712 -0.499983123716213 0.6123793252547712
vn -0.5000024066547248 -0.7071033776464135 0.5000024066547248
vn -0.6123793252547712 -0.499983123716213 0.6123793252547712
vn -0.5000024066547248 -0.7071033776464135 0.5000024066547248
vn -0.5000024066547248 -0.7071033776464135 0.5000024066547248
vn -0.35359612216111647 -0.8659905107939934 0.35359612216111647
vn -0.35359612216111647 -0.8659905107939934 0.35359612216111647
vn -0.5000024066547248 -0.7071033776464135 0.5000024066547248
vn -0.35359612216111647 -0.8659905107939934 0.35359612216111647
vn -0.5000024066547248 -0.7071033776464135 0.5000024066547248
vn -0.5000024066547248 -0.7071033776464135 0.5000024066547248
vn -0.1830054138770454 -0.9659285879315213 0.1830054138770454
vn -0.1830054138770454 -0.9659285879315213 0.1830054138770454
vn -0.35359612216111647 -0.8659905107939934 0.35359612216111647
vn -0.1830054138770454 -0.9659285879315213 0.1830054138770454
vn -0.35359612216111647 -0.8659905107939934 0.35359612216111647
vn -0.35359612216111647 -0.8659905107939934 0.35359612216111647
vn 0 -1 0
vn 0 -1 0
vn -0.1830054138770454 -0.9659285879315213 0.1830054138770454
vn 0 -1 0
vn -0.1830054138770454 -0.9659285879315213 0.1830054138770454
vn -0.1830054138770454 -0.9659285879315213 0.1830054138770454
vn 0.1830054138770454 -0.9659285879315213 -0.1830054138770454
vn 0.1830054138770454 -0.9659285879315213 -0.1830054138770454
vn 0 -1 0
vn 0.1830054138770454 -0.9659285879315213 -0.1830054138770454
vn 0 -1 0
vn 0 -1 0
vn 0.3535211309782978 -0.8660517420475815 -0.3535211309782978
vn 0.3535211309782978 -0.8660517420475815 -0.3535211309782978
vn 0.1830054138770454 -0.9659285879315213 -0.1830054138770454
vn 0.3535211309782978 -0.8660517420475815 -0.3535211309782978
vn 0.1830054138770454 -0.9659285879315213 -0.1830054138770454
vn 0.1830054138770454 -0.9659285879315213 -0.1830054138770454
vn 0.5000024066547248 -0.7071033776464135 -0.5000024066547248
vn 0.5000024066547248 -0.7071033776464135 -0.5000024066547248
vn 0.3535211309782978 -0.8660517420475815 -0.3535211309782978
vn 0.5000024066547248 -0.7071033776464135 -0.5000024066547248
vn 0.3535211309782978 -0.8660517420475815 -0.3535211309782978
vn 0.3535211309782978 -0.8660517420475815 -0.3535211309782978
vn 0.6123793252547712 -0.499983123716213 -0.6123793252547712
vn 0.6123793252547712 -0.499983123716213 -0.6123793252547712
vn 0.5000024066547248 -0.7071033776464135 -0.5000024066547248
vn 0.6123793252547712 -0.499983123716213 -0.6123793252547712
vn 0.5000024066547248 -0.7071033776464135 -0.5000024066547248
vn 0.5000024066547248 -0.7071033776464135 -0.5000024066547248
vn 0.6829975420280815 -0.2588990443535822 -0.6829975420280815
vn 0.6829975420280815 -0.2588990443535822 -0.6829975420280815
vn 0.6123793252547712 -0.499983123716213 -0.6123793252547712
vn 0.6829975420280815 -0.2588990443535822 -0.6829975420280815
vn 0.6123793252547712 -0.499983123716213 -0.6123793252547712
vn 0.6123793252547712 -0.499983123716213 -0.6123793252547712
vn 0.7071067811865476 0 -0.7071067811865476
vn 0.7071067811865476 0 -0.7071067811865476
vn 0.6829975420280815 -0.2588990443535822 -0.6829975420280815
vn 0.7071067811865476 0 -0.7071067811865476
vn 0.6829975420280815 -0.2588990443535822 -0.6829975420280815
vn 0.6829975420280815 -0.2588990443535822 -0.6829975420280815
vn 0.6830152196414366 0.25880575626581437 -0.6830152196414366
vn 0.6830152196414366 0.25880575626581437 -0.6830152196414366
vn 0.7071067811865476 0 -0.7071067811865476
vn 0.6830152196414366 0.25880575626581437 -0.6830152196414366
vn 0.7071067811865476 0 -0.7071067811865476
vn 0.7071067811865476 0 -0.7071067811865476
vn 0.6123793252547712 0.499983123716213 -0.6123793252547712
vn 0.6123793252547712 0.499983123716213 -0.6123793252547712
vn 0.6830152196414366 0.25880575626581437 -0.6830152196414366
vn 0.6123793252547712 0.499983123716213 -0.6123793252547712
vn 0.6830152196414366 0.25880575626581437 -0.6830152196414366
vn 0.6830152196414366 0.25880575626581437 -0.6830152196414366
vn 0.5000024066547248 0.7071033776464135 -0.5000024066547248
vn 0.5000024066547248 0.7071033776464135 -0.5000024066547248
vn 0.6123793252547712 0.499983123716213 -0.6123793252547712
vn 0.5000024066547248 0.7071033776464135 -0.5000024066547248
vn 0.6123793252547712 0.499983123716213 -0.6123793252547712
vn 0.6123793252547712 0.499983123716213 -0.6123793252547712
vn 0.35359612216111647 0.8659905107939934 -0.35359612216111647
vn 0.5000024066547248 0.7071033776464135 -0.5000024066547248
vn 0.5000024066547248 0.7071033776464135 -0.5000024066547248
vn 0.35359612216111647 0.8659905107939934 -0.35359612216111647
vn 0.5000024066547248 0.7071033776464135 -0.5000024066547248
vn 0.35359612216111647 0.8659905107939934 -0.35359612216111647
vn 0.5757122672479285 -0.5806124100297028 -0.5757122672479285
vn 0.5757122672479285 -0.5806124100297028 -0.5757122672479285
vn 0.5757122672479285 -0.5806124100297028 -0.5757122672479285
vn 0.5757122672479285 -0.5806124100297028 -0.5757122672479285
vn 0.5757122672479285 -0.5806124100297028 -0.5757122672479285
vn 0.5757122672479285 -0.5806124100297028 -0.5757122672479285
vn 0.5757122672479285 -0.5806124100297028 -0.5757122672479285
vn 0.5757122672479285 -0.5806124100297028 -0.5757122672479285
vn 0.5757122672479285 -0.5806124100297028 -0.5757122672479285
vn 0.5757122672479285 -0.5806124100297028 -0.5757122672479285
vn 0.5757122672479285 -0.5806124100297028 -0.5757122672479285
vn 0.5757122672479285 -0.5806124100297028 -0.5757122672479285
vn -0.9105384174854407 0.3419144208671092 -0.2324098084983047
vn -0.9105384174854407 0.3419144208671092 -0.2324098084983047
vn -0.9105384174854407 0.3419144208671092 -0.2324098084983047
vn -0.9105384174854407 0.3419144208671092 -0.2324098084983047
vn -0.9105384174854407 0.3419144208671092 -0.2324098084983047
vn -0.9105384174854407 0.3419144208671092 -0.2324098084983047
vn -0.7071067811865476 0 -0.7071067811865476
vn -0.7071067811865476 0 -0.7071067811865476
vn -0.7071067811865476 0 -0.7071067811865476
vn -0.7071067811865476 0 -0.7071067811865476
vn -0.7071067811865476 0 -0.7071067811865476
vn -0.7071067811865476 0 -0.7071067811865476
vn -0.7071067811865476 0 -0.7071067811865476
vn -0.7071067811865476 0 -0.7071067811865476
vn -0.7071067811865476 0 -0.7071067811865476
vn -0.7071067811865476 0 -0.7071067811865476
vn -0.7071067811865476 0 -0.7071067811865476
vn -0.7071067811865476 0 -0.7071067811865476
vn -0.7071067811865476 0 -0.7071067811865476
vn -0.7071067811865476 0 -0.7071067811865476
vn -0.7071067811865476 0 -0.7071067811865476
vn -0.7071067811865476 0 -0.7071067811865476
vn -0.7071067811865476 0 -0.7071067811865476
vn -0.7071067811865476 0 -0.7071067811865476
vn -0.7071067811865476 0 -0.7071067811865476
vn -0.7071067811865476 0 -0.7071067811865476
vn -0.7071067811865476 0 -0.7071067811865476
vn -0.7071067811865476 0 -0.7071067811865476
vn -0.7071067811865476 0 -0.7071067811865476
vn -0.7071067811865476 0 -0.7071067811865476
vn -0.7071067811865476 0 -0.7071067811865476
vn -0.7071067811865476 0 -0.7071067811865476
vn -0.7071067811865476 0 -0.7071067811865476
vn -0.7071067811865476 0 -0.7071067811865476
vn -0.7071067811865476 0 -0.7071067811865476
vn -0.7071067811865476 0 -0.7071067811865476
vn 0.7071067811865476 0 0.7071067811865476
vn 0.7071067811865476 0 0.7071067811865476
vn 0.7071067811865476 0 0.7071067811865476
vn 0.7071067811865476 0 0.7071067811865476
vn 0.7071067811865476 0 0.7071067811865476
vn 0.7071067811865476 0 0.7071067811865476
vn 0.7071067811865476 0 0.7071067811865476
vn 0.7071067811865476 0 0.7071067811865476
vn 0.7071067811865476 0 0.7071067811865476
vn 0.7071067811865476 0 0.7071067811865476
vn 0.7071067811865476 0 0.7071067811865476
vn 0.7071067811865476 0 0.7071067811865476
vn 0.7071067811865476 0 0.7071067811865476
vn 0.7071067811865476 0 0.7071067811865476
vn 0.7071067811865476 0 0.7071067811865476
vn 0.7071067811865476 0 0.7071067811865476
vn 0.7071067811865476 0 0.7071067811865476
vn 0.7071067811865476 0 0.7071067811865476
vn 0.7071067811865476 0 0.7071067811865476
vn 0.7071067811865476 0 0.7071067811865476
vn 0.7071067811865476 0 0.7071067811865476
vn 0.7071067811865476 0 0.7071067811865476
vn 0.7071067811865476 0 0.7071067811865476
vn 0.7071067811865476 0 0.7071067811865476
vn 0.7071067811865476 0 0.7071067811865476
vn 0.7071067811865476 0 0.7071067811865476
vn 0.7071067811865476 0 0.7071067811865476
vn 0.7071067811865476 0 0.7071067811865476
vn 0.7071067811865476 0 0.7071067811865476
vn 0.7071067811865476 0 0.7071067811865476
vn 0.7071067811865476 0 0.7071067811865476
vn 0.7071067811865476 0 0.7071067811865476
vn 0.7071067811865476 0 0.7071067811865476
vn 0.7071067811865476 0 0.7071067811865476
vn 0.7071067811865476 0 0.7071067811865476
vn 0.7071067811865476 0 0.7071067811865476
vn 0.7071067811865476 0 0.7071067811865476
vn 0.7071067811865476 0 0.7071067811865476
vn 0.7071067811865476 0 0.7071067811865476
vn 0.7071067811865476 0 0.7071067811865476
vn 0.7071067811865476 0 0.7071067811865476
vn 0.7071067811865476 0 0.7071067811865476
vn 0.7071067811865476 0 0.7071067811865476
vn 0.7071067811865476 0 0.7071067811865476
vn 0.7071067811865476 0 0.7071067811865476
vn 0.7071067811865476 0 0.7071067811865476
vn 0.7071067811865476 0 0.7071067811865476
vn 0.7071067811865476 0 0.7071067811865476
vn 0.7071067811865476 0 0.7071067811865476
vn 0.7071067811865476 0 0.7071067811865476
vn 0.7071067811865476 0 0.7071067811865476
vn 0.7071067811865476 0 0.7071067811865476
vn 0.7071067811865476 0 0.7071067811865476
vn 0.7071067811865476 0 0.7071067811865476
vn 0.7071067811865476 0 0.7071067811865476
vn 0.7071067811865476 0 0.7071067811865476
vn 0.7071067811865476 0 0.7071067811865476
vn 0.7071067811865476 0 0.7071067811865476
vn 0.7071067811865476 0 0.7071067811865476
vn 0.7071067811865476 0 0.7071067811865476
vn 0.7071067811865476 0 0.7071067811865476
vn 0.7071067811865476 0 0.7071067811865476
vn 0.7071067811865476 0 0.7071067811865476
vn 0.7071067811865476 0 0.7071067811865476
vn 0.7071067811865476 0 0.7071067811865476
vn 0.7071067811865476 0 0.7071067811865476
vn 0.7071067811865476 0 0.7071067811865476
vn 0.7071067811865476 0 0.7071067811865476
vn 0.7071067811865476 0 0.7071067811865476
vn 0.7071067811865476 0 0.7071067811865476
vn 0.7071067811865476 0 0.7071067811865476
vn 0.7071067811865476 0 0.7071067811865476
vn 0.7071067811865476 0 0.7071067811865476
vn 0.7071067811865476 0 0.7071067811865476
vn 0.7071067811865476 0 0.7071067811865476
vn 0.7071067811865476 0 0.7071067811865476
vn 0.7071067811865476 0 0.7071067811865476
vn 0.7071067811865476 0 0.7071067811865476
vn 0.7071067811865476 0 0.7071067811865476
vn 0.7071067811865476 0 0.7071067811865476
vn 0.7071067811865476 0 0.7071067811865476
vn 0.7071067811865476 0 0.7071067811865476
vn 0.7071067811865476 0 0.7071067811865476
vn 0.7071067811865476 0 0.7071067811865476
vn 0.7071067811865476 0 0.7071067811865476
vn 0.7071067811865476 0 0.7071067811865476
vn 0.7071067811865476 0 0.7071067811865476
vn 0.7071067811865476 0 0.7071067811865476
vn 0.7071067811865476 0 0.7071067811865476
vn 0.7071067811865476 0 0.7071067811865476
vn 0.7071067811865476 0 0.7071067811865476
vn 0.7071067811865476 0 0.7071067811865476
vn 0.7071067811865476 0 0.7071067811865476
vn 0.7071067811865476 0 0.7071067811865476
vn 0.7071067811865476 0 0.7071067811865476
vn 0.7071067811865476 0 0.7071067811865476
vn 0.7071067811865476 0 0.7071067811865476
vn 0.7071067811865476 0 0.7071067811865476
vn 0.7071067811865476 0 0.7071067811865476
vn 0.7071067811865476 0 0.7071067811865476
vn 0.7071067811865476 0 0.7071067811865476
vn 0.7071067811865476 0 0.7071067811865476
vn 0.7071067811865476 0 0.7071067811865476
vn 0.7071067811865476 0 0.7071067811865476
vn 0.7071067811865476 0 0.7071067811865476
vn 0.7071067811865476 0 0.7071067811865476
vn 0.7071067811865476 0 0.7071067811865476
vn 0.7071067811865476 0 0.7071067811865476
vn 0.7071067811865476 0 0.7071067811865476
vn 0.7071067811865476 0 0.7071067811865476
vn 0.7071067811865476 0 0.7071067811865476
vn 0.7071067811865476 0 0.7071067811865476
vn 0.7071067811865476 0 0.7071067811865476
vn 0.7071067811865476 0 0.7071067811865476
vn 0.7071067811865476 0 0.7071067811865476
vn 0.7071067811865476 0 0.7071067811865476
vn 0.7071067811865476 0 0.7071067811865476
vn 0.7071067811865476 0 0.7071067811865476
vn 0.7071067811865476 0 0.7071067811865476
vn 0.7071067811865476 0 0.7071067811865476
vn 0.7071067811865476 0 0.7071067811865476
vn 0.7071067811865476 0 0.7071067811865476
vn 0.7071067811865476 0 0.7071067811865476
vn 0.7071067811865476 0 0.7071067811865476
vn 0.7071067811865476 0 0.7071067811865476
vn 0.7071067811865476 0 0.7071067811865476
vn 0.7071067811865476 0 0.7071067811865476
vn 0.7071067811865476 0 0.7071067811865476
vn 0.7071067811865476 0 0.7071067811865476
vn 0.7071067811865476 0 0.7071067811865476
vn 0.7071067811865476 0 0.7071067811865476
vn 0.7071067811865476 0 0.7071067811865476
vn 0.7071067811865476 0 0.7071067811865476
vn 0.7071067811865476 0 0.7071067811865476
vn 0.7071067811865476 0 0.7071067811865476
vn 0.7071067811865476 0 0.7071067811865476
vn 0.7071067811865476 0 0.7071067811865476
vn 0.7071067811865476 0 0.7071067811865476
vn 0.7071067811865476 0 0.7071067811865476
vn 0.7071067811865476 0 0.7071067811865476
vn 0.7071067811865476 0 0.7071067811865476
vn 0.7071067811865476 0 0.7071067811865476
vn 0.7071067811865476 0 0.7071067811865476
vn 0.7071067811865476 0 0.7071067811865476
vn -0.7071067811865476 0 -0.7071067811865476
vn -0.7071067811865476 0 -0.7071067811865476
vn -0.7071067811865476 0 -0.7071067811865476
vn -0.7071067811865476 0 -0.7071067811865476
vn -0.7071067811865476 0 -0.7071067811865476
vn -0.7071067811865476 0 -0.7071067811865476
vn -0.7071067811865476 0 -0.7071067811865476
vn -0.7071067811865476 0 -0.7071067811865476
vn -0.7071067811865476 0 -0.7071067811865476
vn -0.7071067811865476 0 -0.7071067811865476
vn -0.7071067811865476 0 -0.7071067811865476
vn -0.7071067811865476 0 -0.7071067811865476
vn -0.7071067811865476 0 -0.7071067811865476
vn -0.7071067811865476 0 -0.7071067811865476
vn -0.7071067811865476 0 -0.7071067811865476
vn -0.7071067811865476 0 -0.7071067811865476
vn -0.7071067811865476 0 -0.7071067811865476
vn -0.7071067811865476 0 -0.7071067811865476
vn -0.7071067811865476 0 -0.7071067811865476
vn -0.7071067811865476 0 -0.7071067811865476
vn -0.7071067811865476 0 -0.7071067811865476
vn -0.7071067811865476 0 -0.7071067811865476
vn -0.7071067811865476 0 -0.7071067811865476
vn -0.7071067811865476 0 -0.7071067811865476
vn -0.7071067811865476 0 -0.7071067811865476
vn -0.7071067811865476 0 -0.7071067811865476
vn -0.7071067811865476 0 -0.7071067811865476
vn -0.7071067811865476 0 -0.7071067811865476
vn -0.7071067811865476 0 -0.7071067811865476
vn -0.7071067811865476 0 -0.7071067811865476
vn -0.7071067811865476 0 -0.7071067811865476
vn -0.7071067811865476 0 -0.7071067811865476
vn -0.7071067811865476 0 -0.7071067811865476
vn -0.7071067811865476 0 -0.7071067811865476
vn -0.7071067811865476 0 -0.7071067811865476
vn -0.7071067811865476 0 -0.7071067811865476
vn -0.7071067811865476 0 -0.7071067811865476
vn -0.7071067811865476 0 -0.7071067811865476
vn -0.7071067811865476 0 -0.7071067811865476
vn -0.7071067811865476 0 -0.7071067811865476
vn -0.7071067811865476 0 -0.7071067811865476
vn -0.7071067811865476 0 -0.7071067811865476
vn -0.7071067811865476 0 -0.7071067811865476
vn -0.7071067811865476 0 -0.7071067811865476
vn -0.7071067811865476 0 -0.7071067811865476
vn -0.7071067811865476 0 -0.7071067811865476
vn -0.7071067811865476 0 -0.7071067811865476
vn -0.7071067811865476 0 -0.7071067811865476
vn -0.7071067811865476 0 -0.7071067811865476
vn -0.7071067811865476 0 -0.7071067811865476
vn -0.7071067811865476 0 -0.7071067811865476
vn -0.7071067811865476 0 -0.7071067811865476
vn -0.7071067811865476 0 -0.7071067811865476
vn -0.7071067811865476 0 -0.7071067811865476
vn -0.7071067811865476 0 -0.7071067811865476
vn -0.7071067811865476 0 -0.7071067811865476
vn -0.7071067811865476 0 -0.7071067811865476
vn -0.7071067811865476 0 -0.7071067811865476
vn -0.7071067811865476 0 -0.7071067811865476
vn -0.7071067811865476 0 -0.7071067811865476
vn -0.7071067811865476 0 -0.7071067811865476
vn -0.7071067811865476 0 -0.7071067811865476
vn -0.7071067811865476 0 -0.7071067811865476
vn -0.7071067811865476 0 -0.7071067811865476
vn -0.7071067811865476 0 -0.7071067811865476
vn -0.7071067811865476 0 -0.7071067811865476
vn -0.7071067811865476 0 -0.7071067811865476
vn -0.7071067811865476 0 -0.7071067811865476
vn -0.7071067811865476 0 -0.7071067811865476
vn -0.7071067811865476 0 -0.7071067811865476
vn -0.7071067811865476 0 -0.7071067811865476
vn -0.7071067811865476 0 -0.7071067811865476
vn -0.7071067811865476 0 -0.7071067811865476
vn -0.7071067811865476 0 -0.7071067811865476
vn -0.7071067811865476 0 -0.7071067811865476
vn -0.7071067811865476 0 -0.7071067811865476
vn -0.7071067811865476 0 -0.7071067811865476
vn -0.7071067811865476 0 -0.7071067811865476
vn -0.7071067811865476 0 -0.7071067811865476
vn -0.7071067811865476 0 -0.7071067811865476
vn -0.7071067811865476 0 -0.7071067811865476
vn -0.7071067811865476 0 -0.7071067811865476
vn -0.7071067811865476 0 -0.7071067811865476
vn -0.7071067811865476 0 -0.7071067811865476
vn -0.7071067811865476 0 -0.7071067811865476
vn -0.7071067811865476 0 -0.7071067811865476
vn -0.7071067811865476 0 -0.7071067811865476
vn -0.7071067811865476 0 -0.7071067811865476
vn -0.7071067811865476 0 -0.7071067811865476
vn -0.7071067811865476 0 -0.7071067811865476
vn -0.7071067811865476 0 -0.7071067811865476
vn -0.7071067811865476 0 -0.7071067811865476
vn -0.7071067811865476 0 -0.7071067811865476
vn -0.7071067811865476 0 -0.7071067811865476
vn -0.7071067811865476 0 -0.7071067811865476
vn -0.7071067811865476 0 -0.7071067811865476
vn -0.7071067811865476 0 -0.7071067811865476
vn -0.7071067811865476 0 -0.7071067811865476
vn -0.7071067811865476 0 -0.7071067811865476
vn -0.7071067811865476 0 -0.7071067811865476
vn -0.7071067811865476 0 -0.7071067811865476
vn -0.7071067811865476 0 -0.7071067811865476
vn -0.7071067811865476 0 -0.7071067811865476
vn -0.7071067811865476 0 -0.7071067811865476
vn -0.7071067811865476 0 -0.7071067811865476
vn -0.7071067811865476 0 -0.7071067811865476
vn -0.7071067811865476 0 -0.7071067811865476
vn -0.7071067811865476 0 -0.7071067811865476
vn -0.7071067811865476 0 -0.7071067811865476
vn -0.7071067811865476 0 -0.7071067811865476
vn -0.7071067811865476 0 -0.7071067811865476
vn -0.7071067811865476 0 -0.7071067811865476
vn -0.7071067811865476 0 -0.7071067811865476
vn -0.7071067811865476 0 -0.7071067811865476
vn -0.7071067811865476 0 -0.7071067811865476
vn -0.7071067811865476 0 -0.7071067811865476
vn -0.7071067811865476 0 -0.7071067811865476
vn -0.7071067811865476 0 -0.7071067811865476
vn -0.7071067811865476 0 -0.7071067811865476
vn -0.7071067811865476 0 -0.7071067811865476
vn -0.7071067811865476 0 -0.7071067811865476
vn -0.7071067811865476 0 -0.7071067811865476
vn -0.7071067811865476 0 -0.7071067811865476
vn -0.7071067811865476 0 -0.7071067811865476
vn -0.7071067811865476 0 -0.7071067811865476
vn -0.7071067811865476 0 -0.7071067811865476
vn -0.7071067811865476 0 -0.7071067811865476
vn -0.7071067811865476 0 -0.7071067811865476
vn -0.7071067811865476 0 -0.7071067811865476
vn -0.7071067811865476 0 -0.7071067811865476
vn -0.7071067811865476 0 -0.7071067811865476
vn -0.7071067811865476 0 -0.7071067811865476
vn -0.7071067811865476 0 -0.7071067811865476
vn -0.7071067811865476 0 -0.7071067811865476
vn -0.7071067811865476 0 -0.7071067811865476
vn -0.7071067811865476 0 -0.7071067811865476
vn -0.7071067811865476 0 -0.7071067811865476
vn -0.7071067811865476 0 -0.7071067811865476
vn -0.7071067811865476 0 -0.7071067811865476
vn -0.7071067811865476 0 -0.7071067811865476
vn -0.7071067811865476 0 -0.7071067811865476
vn -0.7071067811865476 0 -0.7071067811865476
vn -0.7071067811865476 0 -0.7071067811865476
vn -0.7071067811865476 0 -0.7071067811865476
vn 0 -1 0
vn 0 -1 0
vn 0.1830054138770454 -0.9659285879315213 -0.1830054138770454
vn 0 -1 0
vn 0.1830054138770454 -0.9659285879315213 -0.1830054138770454
vn 0.1830054138770454 -0.9659285879315213 -0.1830054138770454
vn -0.1830054138770454 -0.9659285879315213 0.1830054138770454
vn -0.1830054138770454 -0.9659285879315213 0.1830054138770454
vn 0 -1 0
vn -0.1830054138770454 -0.9659285879315213 0.1830054138770454
vn 0 -1 0
vn 0 -1 0
vn -0.35359612216111647 -0.8659905107939934 0.35359612216111647
vn -0.35359612216111647 -0.8659905107939934 0.35359612216111647
vn -0.1830054138770454 -0.9659285879315213 0.1830054138770454
vn -0.35359612216111647 -0.8659905107939934 0.35359612216111647
vn -0.1830054138770454 -0.9659285879315213 0.1830054138770454
vn -0.1830054138770454 -0.9659285879315213 0.1830054138770454
vn -0.5000024066547248 -0.7071033776464135 0.5000024066547248
vn -0.5000024066547248 -0.7071033776464135 0.5000024066547248
vn -0.35359612216111647 -0.8659905107939934 0.35359612216111647
vn -0.5000024066547248 -0.7071033776464135 0.5000024066547248
vn -0.35359612216111647 -0.8659905107939934 0.35359612216111647
vn -0.35359612216111647 -0.8659905107939934 0.35359612216111647
vn -0.5000024066547248 -0.7071033776464135 0.5000024066547248
vn -0.5000024066547248 -0.7071033776464135 0.5000024066547248
vn -0.6123793252547712 -0.499983123716213 0.6123793252547712
vn -0.5000024066547248 -0.7071033776464135 0.5000024066547248
vn -0.6123793252547712 -0.499983123716213 0.6123793252547712
vn -0.6123793252547712 -0.499983123716213 0.6123793252547712
vn -0.6123793252547712 -0.499983123716213 0.6123793252547712
vn -0.6123793252547712 -0.499983123716213 0.6123793252547712
vn -0.6830152196414366 -0.25880575626581437 0.6830152196414366
vn -0.6123793252547712 -0.499983123716213 0.6123793252547712
vn -0.6830152196414366 -0.25880575626581437 0.6830152196414366
vn -0.6830152196414366 -0.25880575626581437 0.6830152196414366
vn 0.6829975420280815 -0.2588990443535822 -0.6829975420280815
vn 0.6829975420280815 -0.2588990443535822 -0.6829975420280815
vn 0.7071067811865476 0 -0.7071067811865476
vn 0.6829975420280815 -0.2588990443535822 -0.6829975420280815
vn 0.7071067811865476 0 -0.7071067811865476
vn 0.7071067811865476 0 -0.7071067811865476
vn 0.6123793252547712 -0.499983123716213 -0.6123793252547712
vn 0.6123793252547712 -0.499983123716213 -0.6123793252547712
vn 0.6829975420280815 -0.2588990443535822 -0.6829975420280815
vn 0.6123793252547712 -0.499983123716213 -0.6123793252547712
vn 0.6829975420280815 -0.2588990443535822 -0.6829975420280815
vn 0.6829975420280815 -0.2588990443535822 -0.6829975420280815
vn 0.5000024066547248 -0.7071033776464135 -0.5000024066547248
vn 0.5000024066547248 -0.7071033776464135 -0.5000024066547248
vn 0.6123793252547712 -0.499983123716213 -0.6123793252547712
vn 0.5000024066547248 -0.7071033776464135 -0.5000024066547248
vn 0.6123793252547712 -0.499983123716213 -0.6123793252547712
vn 0.6123793252547712 -0.499983123716213 -0.6123793252547712
vn 0.3535211309782978 -0.8660517420475815 -0.3535211309782978
vn 0.3535211309782978 -0.8660517420475815 -0.3535211309782978
vn 0.5000024066547248 -0.7071033776464135 -0.5000024066547248
vn 0.3535211309782978 -0.8660517420475815 -0.3535211309782978
vn 0.5000024066547248 -0.7071033776464135 -0.5000024066547248
vn 0.5000024066547248 -0.7071033776464135 -0.5000024066547248
vn 0.1830054138770454 -0.9659285879315213 -0.1830054138770454
vn 0.1830054138770454 -0.9659285879315213 -0.1830054138770454
vn 0.3535211309782978 -0.8660517420475815 -0.3535211309782978
vn 0.1830054138770454 -0.9659285879315213 -0.1830054138770454
vn 0.3535211309782978 -0.8660517420475815 -0.3535211309782978
vn 0.3535211309782978 -0.8660517420475815 -0.3535211309782978
vn -0.6830152196414366 -0.25880575626581437 0.6830152196414366
vn -0.6830152196414366 -0.25880575626581437 0.6830152196414366
vn -0.7071067811865476 0 0.7071067811865476
vn -0.6830152196414366 -0.25880575626581437 0.6830152196414366
vn -0.7071067811865476 0 0.7071067811865476
vn -0.7071067811865476 0 0.7071067811865476
vn -0.7071067811865476 0 0.7071067811865476
vn -0.7071067811865476 0 0.7071067811865476
vn -0.6829975420280815 0.2588990443535822 0.6829975420280815
vn -0.7071067811865476 0 0.7071067811865476
vn -0.6829975420280815 0.2588990443535822 0.6829975420280815
vn -0.6829975420280815 0.2588990443535822 0.6829975420280815
vn -0.6829975420280815 0.2588990443535822 0.6829975420280815
vn -0.6829975420280815 0.2588990443535822 0.6829975420280815
vn -0.6123793252547712 0.499983123716213 0.6123793252547712
vn -0.6829975420280815 0.2588990443535822 0.6829975420280815
vn -0.6123793252547712 0.499983123716213 0.6123793252547712
vn -0.6123793252547712 0.499983123716213 0.6123793252547712
vn -0.6123793252547712 0.499983123716213 0.6123793252547712
vn -0.6123793252547712 0.499983123716213 0.6123793252547712
vn -0.5000024066547248 0.7071033776464135 0.5000024066547248
vn -0.6123793252547712 0.499983123716213 0.6123793252547712
vn -0.5000024066547248 0.7071033776464135 0.5000024066547248
vn -0.5000024066547248 0.7071033776464135 0.5000024066547248
vn -0.3535211309782978 0.8660517420475815 0.3535211309782978
vn -0.5000024066547248 0.7071033776464135 0.5000024066547248
vn -0.5000024066547248 0.7071033776464135 0.5000024066547248
vn -0.3535211309782978 0.8660517420475815 0.3535211309782978
vn -0.5000024066547248 0.7071033776464135 0.5000024066547248
vn -0.3535211309782978 0.8660517420475815 0.3535211309782978
vn -0.1830054138770454 0.9659285879315213 0.1830054138770454
vn -0.3535211309782978 0.8660517420475815 0.3535211309782978
vn -0.3535211309782978 0.8660517420475815 0.3535211309782978
vn -0.1830054138770454 0.9659285879315213 0.1830054138770454
vn -0.3535211309782978 0.8660517420475815 0.3535211309782978
vn -0.1830054138770454 0.9659285879315213 0.1830054138770454
vn 0 1 0
vn -0.1830054138770454 0.9659285879315213 0.1830054138770454
vn -0.1830054138770454 0.9659285879315213 0.1830054138770454
vn 0 1 0
vn -0.1830054138770454 0.9659285879315213 0.1830054138770454
vn 0 1 0
vn 0.1830054138770454 0.9659285879315213 -0.1830054138770454
vn 0 1 0
vn 0 1 0
vn 0.1830054138770454 0.9659285879315213 -0.1830054138770454
vn 0 1 0
vn 0.1830054138770454 0.9659285879315213 -0.1830054138770454
vn 0.35359612216111647 0.8659905107939934 -0.35359612216111647
vn 0.1830054138770454 0.9659285879315213 -0.1830054138770454
vn 0.1830054138770454 0.9659285879315213 -0.1830054138770454
vn 0.35359612216111647 0.8659905107939934 -0.35359612216111647
vn 0.1830054138770454 0.9659285879315213 -0.1830054138770454
vn 0.35359612216111647 0.8659905107939934 -0.35359612216111647
vn 0.5000024066547248 0.7071033776464135 -0.5000024066547248
vn 0.35359612216111647 0.8659905107939934 -0.35359612216111647
vn 0.35359612216111647 0.8659905107939934 -0.35359612216111647
vn 0.5000024066547248 0.7071033776464135 -0.5000024066547248
vn 0.35359612216111647 0.8659905107939934 -0.35359612216111647
vn 0.5000024066547248 0.7071033776464135 -0.5000024066547248
vn 0.6123793252547712 0.499983123716213 -0.6123793252547712
vn 0.6123793252547712 0.499983123716213 -0.6123793252547712
vn 0.5000024066547248 0.7071033776464135 -0.5000024066547248
vn 0.6123793252547712 0.499983123716213 -0.6123793252547712
vn 0.5000024066547248 0.7071033776464135 -0.5000024066547248
vn 0.5000024066547248 0.7071033776464135 -0.5000024066547248
vn 0.6830152196414366 0.25880575626581437 -0.6830152196414366
vn 0.6830152196414366 0.25880575626581437 -0.6830152196414366
vn 0.6123793252547712 0.499983123716213 -0.6123793252547712
vn 0.6830152196414366 0.25880575626581437 -0.6830152196414366
vn 0.6123793252547712 0.499983123716213 -0.6123793252547712
vn 0.6123793252547712 0.499983123716213 -0.6123793252547712
vn 0.7071067811865476 0 -0.7071067811865476
vn 0.7071067811865476 0 -0.7071067811865476
vn 0.6830152196414366 0.25880575626581437 -0.6830152196414366
vn 0.7071067811865476 0 -0.7071067811865476
vn 0.6830152196414366 0.25880575626581437 -0.6830152196414366
vn 0.6830152196414366 0.25880575626581437 -0.6830152196414366
f 2539/2539/2539 2540/2540/2540 2541/2541/2541
f 2542/2542/2542 2543/2543/2543 2544/2544/2544
f 2545/2545/2545 2546/2546/2546 2547/2547/2547
f 2548/2548/2548 2549/2549/2549 2550/2550/2550
f 2551/2551/2551 2552/2552/2552 2553/2553/2553
f 2554/2554/2554 2555/2555/2555 2556/2556/2556
f 2557/2557/2557 2558/2558/2558 2559/2559/2559
f 2560/2560/2560 2561/2561/2561 2562/2562/2562
f 2563/2563/2563 2564/2564/2564 2565/2565/2565
f 2566/2566/2566 2567/2567/2567 2568/2568/2568
f 2569/2569/2569 2570/2570/2570 2571/2571/2571
f 2572/2572/2572 2573/2573/2573 2574/2574/2574
f 2575/2575/2575 2576/2576/2576 2577/2577/2577
f 2578/2578/2578 2579/2579/2579 2580/2580/2580
f 2581/2581/2581 2582/2582/2582 2583/2583/2583
f 2584/2584/2584 2585/2585/2585 2586/2586/2586
f 2587/2587/2587 2588/2588/2588 2589/2589/2589
f 2590/2590/2590 2591/2591/2591 2592/2592/2592
f 2593/2593/2593 2594/2594/2594 2595/2595/2595
f 2596/2596/2596 2597/2597/2597 2598/2598/2598
f 2599/2599/2599 2600/2600/2600 2601/2601/2601
f 2602/2602/2602 2603/2603/2603 2604/2604/2604
f 2605/2605/2605 2606/2606/2606 2607/2607/2607
f 2608/2608/2608 2609/2609/2609 2610/2610/2610
f 2611/2611/2611 2612/2612/2612 2613/2613/2613
f 2614/2614/2614 2615/2615/2615 2616/2616/2616
f 2617/2617/2617 2618/2618/2618 2619/2619/2619
f 2620/2620/2620 2621/2621/2621 2622/2622/2622
f 2623/2623/2623 2624/2624/2624 2625/2625/2625
f 2626/2626/2626 2627/2627/2627 2628/2628/2628
f 2629/2629/2629 2630/2630/2630 2631/2631/2631
f 2632/2632/2632 2633/2633/2633 2634/2634/2634
f 2635/2635/2635 2636/2636/2636 2637/2637/2637
f 2638/2638/2638 2639/2639/2639 2640/2640/2640
f 2641/2641/2641 2642/2642/2642 2643/2643/2643
f 2644/2644/2644 2645/2645/2645 2646/2646/2646
f 2647/2647/2647 2648/2648/2648 2649/2649/2649
f 2650/2650/2650 2651/2651/2651 2652/2652/2652
f 2653/2653/2653 2654/2654/2654 2655/2655/2655
f 2656/2656/2656 2657/2657/2657 2658/2658/2658
f 2659/2659/2659 2660/2660/2660 2661/2661/2661
f 2662/2662/2662 2663/2663/2663 2664/2664/2664
f 2665/2665/2665 2666/2666/2666 2667/2667/2667
f 2668/2668/2668 2669/2669/2669 2670/2670/2670
f 2671/2671/2671 2672/2672/2672 2673/2673/2673
f 2674/2674/2674 2675/2675/2675 2676/2676/2676
f 2677/2677/2677 2678/2678/2678 2679/2679/2679
f 2680/2680/2680 2681/2681/2681 2682/2682/2682
f 2683/2683/2683 2684/2684/2684 2685/2685/2685
f 2686/2686/2686 2687/2687/2687 2688/2688/2688
f 2689/2689/2689 2690/2690/2690 2691/2691/2691
f 2692/2692/2692 2693/2693/2693 2694/2694/2694
f 2695/2695/2695 2696/2696/2696 2697/2697/2697
f 2698/2698/2698 2699/2699/2699 2700/2700/2700
f 2701/2701/2701 2702/2702/2702 2703/2703/2703
f 2704/2704/2704 2705/2705/2705 2706/2706/2706
f 2707/2707/2707 2708/2708/2708 2709/2709/2709
f 2710/2710/2710 2711/2711/2711 2712/2712/2712
f 2713/2713/2713 2714/2714/2714 2715/2715/2715
f 2716/2716/2716 2717/2717/2717 2718/2718/2718
f 2719/2719/2719 2720/2720/2720 2721/2721/2721
f 2722/2722/2722 2723/2723/2723 2724/2724/2724
f 2725/2725/2725 2726/2726/2726 2727/2727/2727
f 2728/2728/2728 2729/2729/2729 2730/2730/2730
f 2731/2731/2731 2732/2732/2732 2733/2733/2733
f 2734/2734/2734 2735/2735/2735 2736/2736/2736
f 2737/2737/2737 2738/2738/2738 2739/2739/2739
f 2740/2740/2740 2741/2741/2741 2742/2742/2742
f 2743/2743/2743 2744/2744/2744 2745/2745/2745
f 2746/2746/2746 2747/2747/2747 2748/2748/2748
f 2749/2749/2749 2750/2750/2750 2751/2751/2751
f 2752/2752/2752 2753/2753/2753 2754/2754/2754
f 2755/2755/2755 2756/2756/2756 2757/2757/2757
f 2758/2758/2758 2759/2759/2759 2760/2760/2760
f 2761/2761/2761 2762/2762/2762 2763/2763/2763
f 2764/2764/2764 2765/2765/2765 2766/2766/2766
f 2767/2767/2767 2768/2768/2768 2769/2769/2769
f 2770/2770/2770 2771/2771/2771 2772/2772/2772
f 2773/2773/2773 2774/2774/2774 2775/2775/2775
f 2776/2776/2776 2777/2777/2777 2778/2778/2778
f 2779/2779/2779 2780/2780/2780 2781/2781/2781
f 2782/2782/2782 2783/2783/2783 2784/2784/2784
f 2785/2785/2785 2786/2786/2786 2787/2787/2787
f 2788/2788/2788 2789/2789/2789 2790/2790/2790
f 2791/2791/2791 2792/2792/2792 2793/2793/2793
f 2794/2794/2794 2795/2795/2795 2796/2796/2796
f 2797/2797/2797 2798/2798/2798 2799/2799/2799
f 2800/2800/2800 2801/2801/2801 2802/2802/2802
f 2803/2803/2803 2804/2804/2804 2805/2805/2805
f 2806/2806/2806 2807/2807/2807 2808/2808/2808
f 2809/2809/2809 2810/2810/2810 2811/2811/2811
f 2812/2812/2812 2813/2813/2813 2814/2814/2814
f 2815/2815/2815 2816/2816/2816 2817/2817/2817
f 2818/2818/2818 2819/2819/2819 2820/2820/2820
f 2821/2821/2821 2822/2822/2822 2823/2823/2823
f 2824/2824/2824 2825/2825/2825 2826/2826/2826
f 2827/2827/2827 2828/2828/2828 2829/2829/2829
f 2830/2830/2830 2831/2831/2831 2832/2832/2832
f 2833/2833/2833 2834/2834/2834 2835/2835/2835
f 2836/2836/2836 2837/2837/2837 2838/2838/2838
f 2839/2839/2839 2840/2840/2840 2841/2841/2841
f 2842/2842/2842 2843/2843/2843 2844/2844/2844
f 2845/2845/2845 2846/2846/2846 2847/2847/2847
f 2848/2848/2848 2849/2849/2849 2850/2850/2850
f 2851/2851/2851 2852/2852/2852 2853/2853/2853
f 2854/2854/2854 2855/2855/2855 2856/2856/2856
f 2857/2857/2857 2858/2858/2858 2859/2859/2859
f 2860/2860/2860 2861/2861/2861 2862/2862/2862
f 2863/2863/2863 2864/2864/2864 2865/2865/2865
f 2866/2866/2866 2867/2867/2867 2868/2868/2868
f 2869/2869/2869 2870/2870/2870 2871/2871/2871
f 2872/2872/2872 2873/2873/2873 2874/2874/2874
f 2875/2875/2875 2876/2876/2876 2877/2877/2877
f 2878/2878/2878 2879/2879/2879 2880/2880/2880
f 2881/2881/2881 2882/2882/2882 2883/2883/2883
f 2884/2884/2884 2885/2885/2885 2886/2886/2886
f 2887/2887/2887 2888/2888/2888 2889/2889/2889
f 2890/2890/2890 2891/2891/2891 2892/2892/2892
f 2893/2893/2893 2894/2894/2894 2895/2895/2895
f 2896/2896/2896 2897/2897/2897 2898/2898/2898
f 2899/2899/2899 2900/2900/2900 2901/2901/2901
f 2902/2902/2902 2903/2903/2903 2904/2904/2904
f 2905/2905/2905 2906/2906/2906 2907/2907/2907
f 2908/2908/2908 2909/2909/2909 2910/2910/2910
f 2911/2911/2911 2912/2912/2912 2913/2913/2913
f 2914/2914/2914 2915/2915/2915 2916/2916/2916
f 2917/2917/2917 2918/2918/2918 2919/2919/2919
f 2920/2920/2920 2921/2921/2921 2922/2922/2922
f 2923/2923/2923 2924/2924/2924 2925/2925/2925
f 2926/2926/2926 2927/2927/2927 2928/2928/2928
f 2929/2929/2929 2930/2930/2930 2931/2931/2931
f 2932/2932/2932 2933/2933/2933 2934/2934/2934
f 2935/2935/2935 2936/2936/2936 2937/2937/2937
f 2938/2938/2938 2939/2939/2939 2940/2940/2940
f 2941/2941/2941 2942/2942/2942 2943/2943/2943
f 2944/2944/2944 2945/2945/2945 2946/2946/2946
f 2947/2947/2947 2948/2948/2948 2949/2949/2949
f 2950/2950/2950 2951/2951/2951 2952/2952/2952
f 2953/2953/2953 2954/2954/2954 2955/2955/2955
f 2956/2956/2956 2957/2957/2957 2958/2958/2958
f 2959/2959/2959 2960/2960/2960 2961/2961/2961
f 2962/2962/2962 2963/2963/2963 2964/2964/2964
f 2965/2965/2965 2966/2966/2966 2967/2967/2967
f 2968/2968/2968 2969/2969/2969 2970/2970/2970
f 2971/2971/2971 2972/2972/2972 2973/2973/2973
f 2974/2974/2974 2975/2975/2975 2976/2976/2976
f 2977/2977/2977 2978/2978/2978 2979/2979/2979
f 2980/2980/2980 2981/2981/2981 2982/2982/2982
f 2983/2983/2983 2984/2984/2984 2985/2985/2985
f 2986/2986/2986 2987/2987/2987 2988/2988/2988
f 2989/2989/2989 2990/2990/2990 2991/2991/2991
f 2992/2992/2992 2993/2993/2993 2994/2994/2994
f 2995/2995/2995 2996/2996/2996 2997/2997/2997
f 2998/2998/2998 2999/2999/2999 3000/3000/3000
f 3001/3001/3001 3002/3002/3002 3003/3003/3003
f 3004/3004/3004 3005/3005/3005 3006/3006/3006
f 3007/3007/3007 3008/3008/3008 3009/3009/3009
f 3010/3010/3010 3011/3011/3011 3012/3012/3012
f 3013/3013/3013 3014/3014/3014 3015/3015/3015
f 3016/3016/3016 3017/3017/3017 3018/3018/3018
f 3019/3019/3019 3020/3020/3020 3021/3021/3021
f 3022/3022/3022 3023/3023/3023 3024/3024/3024
f 3025/3025/3025 3026/3026/3026 3027/3027/3027
f 3028/3028/3028 3029/3029/3029 3030/3030/3030
f 3031/3031/3031 3032/3032/3032 3033/3033/3033
f 3034/3034/3034 3035/3035/3035 3036/3036/3036
f 3037/3037/3037 3038/3038/3038 3039/3039/3039
f 3040/3040/3040 3041/3041/3041 3042/3042/3042
f 3043/3043/3043 3044/3044/3044 3045/3045/3045
f 3046/3046/3046 3047/3047/3047 3048/3048/3048
f 3049/3049/3049 3050/3050/3050 3051/3051/3051
f 3052/3052/3052 3053/3053/3053 3054/3054/3054
f 3055/3055/3055 3056/3056/3056 3057/3057/3057
f 3058/3058/3058 3059/3059/3059 3060/3060/3060
f 3061/3061/3061 3062/3062/3062 3063/3063/3063
f 3064/3064/3064 3065/3065/3065 3066/3066/3066
f 3067/3067/3067 3068/3068/3068 3069/3069/3069
f 3070/3070/3070 3071/3071/3071 3072/3072/3072
f 3073/3073/3073 3074/3074/3074 3075/3075/3075
f 3076/3076/3076 3077/3077/3077 3078/3078/3078
f 3079/3079/3079 3080/3080/3080 3081/3081/3081
f 3082/3082/3082 3083/3083/3083 3084/3084/3084
f 3085/3085/3085 3086/3086/3086 3087/3087/3087
f 3088/3088/3088 3089/3089/3089 3090/3090/3090
f 3091/3091/3091 3092/3092/3092 3093/3093/3093
f 3094/3094/3094 3095/3095/3095 3096/3096/3096
f 3097/3097/3097 3098/3098/3098 3099/3099/3099
f 3100/3100/3100 3101/3101/3101 3102/3102/3102
f 3103/3103/3103 3104/3104/3104 3105/3105/3105
f 3106/3106/3106 3107/3107/3107 3108/3108/3108
f 3109/3109/3109 3110/3110/3110 3111/3111/3111
f 3112/3112/3112 3113/3113/3113 3114/3114/3114
f 3115/3115/3115 3116/3116/3116 3117/3117/3117
f 3118/3118/3118 3119/3119/3119 3120/3120/3120
f 3121/3121/3121 3122/3122/3122 3123/3123/3123
f 3124/3124/3124 3125/3125/3125 3126/3126/3126
f 3127/3127/3127 3128/3128/3128 3129/3129/3129
f 3130/3130/3130 3131/3131/3131 3132/3132/3132
f 3133/3133/3133 3134/3134/3134 3135/3135/3135
f 3136/3136/3136 3137/3137/3137 3138/3138/3138
f 3139/3139/3139 3140/3140/3140 3141/3141/3141
f 3142/3142/3142 3143/3143/3143 3144/3144/3144
f 3145/3145/3145 3146/3146/3146 3147/3147/3147
f 3148/3148/3148 3149/3149/3149 3150/3150/3150
f 3151/3151/3151 3152/3152/3152 3153/3153/3153
f 3154/3154/3154 3155/3155/3155 3156/3156/3156
f 3157/3157/3157 3158/3158/3158 3159/3159/3159
f 3160/3160/3160 3161/3161/3161 3162/3162/3162
f 3163/3163/3163 3164/3164/3164 3165/3165/3165
f 3166/3166/3166 3167/3167/3167 3168/3168/3168
f 3169/3169/3169 3170/3170/3170 3171/3171/3171
f 3172/3172/3172 3173/3173/3173 3174/3174/3174
f 3175/3175/3175 3176/3176/3176 3177/3177/3177
f 3178/3178/3178 3179/3179/3179 3180/3180/3180
f 3181/3181/3181 3182/3182/3182 3183/3183/3183
f 3184/3184/3184 3185/3185/3185 3186/3186/3186
f 3187/3187/3187 3188/3188/3188 3189/3189/3189
f 3190/3190/3190 3191/3191/3191 3192/3192/3192
f 3193/3193/3193 3194/3194/3194 3195/3195/3195
f 3196/3196/3196 3197/3197/3197 3198/3198/3198
f 3199/3199/3199 3200/3200/3200 3201/3201/3201
f 3202/3202/3202 3203/3203/3203 3204/3204/3204
f 3205/3205/3205 3206/3206/3206 3207/3207/3207
f 3208/3208/3208 3209/3209/3209 3210/3210/3210
f 3211/3211/3211 3212/3212/3212 3213/3213/3213
f 3214/3214/3214 3215/3215/3215 3216/3216/3216
f 3217/3217/3217 3218/3218/3218 3219/3219/3219
f 3220/3220/3220 3221/3221/3221 3222/3222/3222
f 3223/3223/3223 3224/3224/3224 3225/3225/3225
f 3226/3226/3226 3227/3227/3227 3228/3228/3228
f 3229/3229/3229 3230/3230/3230 3231/3231/3231
f 3232/3232/3232 3233/3233/3233 3234/3234/3234
f 3235/3235/3235 3236/3236/3236 3237/3237/3237
f 3238/3238/3238 3239/3239/3239 3240/3240/3240
f 3241/3241/3241 3242/3242/3242 3243/3243/3243
f 3244/3244/3244 3245/3245/3245 3246/3246/3246
f 3247/3247/3247 3248/3248/3248 3249/3249/3249
f 3250/3250/3250 3251/3251/3251 3252/3252/3252
f 3253/3253/3253 3254/3254/3254 3255/3255/3255
f 3256/3256/3256 3257/3257/3257 3258/3258/3258
f 3259/3259/3259 3260/3260/3260 3261/3261/3261
f 3262/3262/3262 3263/3263/3263 3264/3264/3264
f 3265/3265/3265 3266/3266/3266 3267/3267/3267
f 3268/3268/3268 3269/3269/3269 3270/3270/3270
f 3271/3271/3271 3272/3272/3272 3273/3273/3273
f 3274/3274/3274 3275/3275/3275 3276/3276/3276
f 3277/3277/3277 3278/3278/3278 3279/3279/3279
f 3280/3280/3280 3281/3281/3281 3282/3282/3282
f 3283/3283/3283 3284/3284/3284 3285/3285/3285
f 3286/3286/3286 3287/3287/3287 3288/3288/3288
f 3289/3289/3289 3290/3290/3290 3291/3291/3291
f 3292/3292/3292 3293/3293/3293 3294/3294/3294
f 3295/3295/3295 3296/3296/3296 3297/3297/3297
f 3298/3298/3298 3299/3299/3299 3300/3300/3300
f 3301/3301/3301 3302/3302/3302 3303/3303/3303
f 3304/3304/3304 3305/3305/3305 3306/3306/3306
f 3307/3307/3307 3308/3308/3308 3309/3309/3309
f 3310/3310/3310 3311/3311/3311 3312/3312/3312
f 3313/3313/3313 3314/3314/3314 3315/3315/3315
f 3316/3316/3316 3317/3317/3317 3318/3318/3318
f 3319/3319/3319 3320/3320/3320 3321/3321/3321
f 3322/3322/3322 3323/3323/3323 3324/3324/3324
f 3325/3325/3325 3326/3326/3326 3327/3327/3327
f 3328/3328/3328 3329/3329/3329 3330/3330/3330
f 3331/3331/3331 3332/3332/3332 3333/3333/3333
f 3334/3334/3334 3335/3335/3335 3336/3336/3336
f 3337/3337/3337 3338/3338/3338 3339/3339/3339
f 3340/3340/3340 3341/3341/3341 3342/3342/3342
f 3343/3343/3343 3344/3344/3344 3345/3345/3345
f 3346/3346/3346 3347/3347/3347 3348/3348/3348
f 3349/3349/3349 3350/3350/3350 3351/3351/3351
f 3352/3352/3352 3353/3353/3353 3354/3354/3354
f 3355/3355/3355 3356/3356/3356 3357/3357/3357
f 3358/3358/3358 3359/3359/3359 3360/3360/3360
f 3361/3361/3361 3362/3362/3362 3363/3363/3363
f 3364/3364/3364 3365/3365/3365 3366/3366/3366
f 3367/3367/3367 3368/3368/3368 3369/3369/3369
f 3370/3370/3370 3371/3371/3371 3372/3372/3372
f 3373/3373/3373 3374/3374/3374 3375/3375/3375
f 3376/3376/3376 3377/3377/3377 3378/3378/3378
f 3379/3379/3379 3380/3380/3380 3381/3381/3381
f 3382/3382/3382 3383/3383/3383 3384/3384/3384
f 3385/3385/3385 3386/3386/3386 3387/3387/3387
f 3388/3388/3388 3389/3389/3389 3390/3390/3390
f 3391/3391/3391 3392/3392/3392 3393/3393/3393
f 3394/3394/3394 3395/3395/3395 3396/3396/3396
f 3397/3397/3397 3398/3398/3398 3399/3399/3399
f 3400/3400/3400 3401/3401/3401 3402/3402/3402
f 3403/3403/3403 3404/3404/3404 3405/3405/3405
f 3406/3406/3406 3407/3407/3407 3408/3408/3408
f 3409/3409/3409 3410/3410/3410 3411/3411/3411
f 3412/3412/3412 3413/3413/3413 3414/3414/3414
f 3415/3415/3415 3416/3416/3416 3417/3417/3417
f 3418/3418/3418 3419/3419/3419 3420/3420/3420
f 3421/3421/3421 3422/3422/3422 3423/3423/3423
f 3424/3424/3424 3425/3425/3425 3426/3426/3426
f 3427/3427/3427 3428/3428/3428 3429/3429/3429
f 3430/3430/3430 3431/3431/3431 3432/3432/3432
f 3433/3433/3433 3434/3434/3434 3435/3435/3435
f 3436/3436/3436 3437/3437/3437 3438/3438/3438
f 3439/3439/3439 3440/3440/3440 3441/3441/3441
f 3442/3442/3442 3443/3443/3443 3444/3444/3444
f 3445/3445/3445 3446/3446/3446 3447/3447/3447
f 3448/3448/3448 3449/3449/3449 3450/3450/3450
f 3451/3451/3451 3452/3452/3452 3453/3453/3453
f 3454/3454/3454 3455/3455/3455 3456/3456/3456
f 3457/3457/3457 3458/3458/3458 3459/3459/3459
f 3460/3460/3460 3461/3461/3461 3462/3462/3462
f 3463/3463/3463 3464/3464/3464 3465/3465/3465
f 3466/3466/3466 3467/3467/3467 3468/3468/3468
f 3469/3469/3469 3470/3470/3470 3471/3471/3471
f 3472/3472/3472 3473/3473/3473 3474/3474/3474
f 3475/3475/3475 3476/3476/3476 3477/3477/3477
f 3478/3478/3478 3479/3479/3479 3480/3480/3480
f 3481/3481/3481 3482/3482/3482 3483/3483/3483
f 3484/3484/3484 3485/3485/3485 3486/3486/3486
